/*******************************************************************************
 * Size: 50 px
 * Bpp: 1
 * Opts: --bpp 1 --size 50 --font /Users/nivaankaushal/SquareLine/assets/pokemon-solid.ttf -o /Users/nivaankaushal/SquareLine/assets/ui_font_Poke30.c --format lvgl -r 0x20-0x7f --no-compress --no-prefilter
 ******************************************************************************/

#include "ui.h"

#ifndef UI_FONT_POKE30
#define UI_FONT_POKE30 1
#endif

#if UI_FONT_POKE30

/*-----------------
 *    BITMAPS
 *----------------*/

/*Store the image of the glyphs*/
static LV_ATTRIBUTE_LARGE_CONST const uint8_t glyph_bitmap[] = {
    /* U+0020 " " */
    0x0,

    /* U+0021 "!" */
    0x0, 0xc, 0x1, 0xf0, 0x3f, 0xc7, 0xff, 0xff,
    0xfd, 0xff, 0xf7, 0xff, 0xdf, 0xff, 0x7f, 0xfd,
    0xff, 0xe7, 0xff, 0x9f, 0xfe, 0x7f, 0xf9, 0xff,
    0xe3, 0xff, 0x8f, 0xfe, 0x3f, 0xf8, 0xff, 0xe3,
    0xff, 0x8f, 0xfe, 0x3f, 0xf0, 0xff, 0xc3, 0xff,
    0x7, 0xfc, 0x1f, 0xf0, 0x7f, 0xc1, 0xff, 0x7,
    0xfc, 0x1f, 0xf0, 0x7f, 0xc1, 0xfe, 0x0, 0x0,
    0x0, 0x0, 0x0, 0x0, 0x0, 0x0, 0x0, 0x0,
    0x0, 0x0, 0x0, 0x7c, 0x3, 0xf8, 0xf, 0xf0,
    0x7f, 0xe1, 0xff, 0x87, 0xfe, 0x1f, 0xf8, 0x3f,
    0xc0, 0xff, 0x0, 0xf8,

    /* U+0022 "\"" */
    0x80, 0x1, 0x0, 0x3f, 0x80, 0x7f, 0x1f, 0xf0,
    0x3f, 0xef, 0xf8, 0x1f, 0xf7, 0xfc, 0xf, 0xf9,
    0xfe, 0x3, 0xfc, 0xff, 0x1, 0xfe, 0x7f, 0x80,
    0xff, 0x1f, 0xc0, 0x3f, 0x8f, 0xe0, 0x1f, 0xc7,
    0xf0, 0xf, 0xe3, 0xf8, 0x7, 0xf0, 0xfc, 0x1,
    0xf8, 0x7e, 0x0, 0xfc, 0x3f, 0x0, 0x7e, 0x1f,
    0x80, 0x3f, 0x0, 0xc0, 0x1, 0x80,

    /* U+0023 "#" */
    0x0, 0x7f, 0x7, 0xc0, 0x1, 0xf8, 0x1f, 0x0,
    0x7, 0xe0, 0xfc, 0x0, 0x1f, 0x83, 0xf0, 0x0,
    0x7e, 0xf, 0xc0, 0x1, 0xf8, 0x3f, 0x0, 0x7,
    0xe1, 0xfc, 0xf, 0xff, 0xff, 0xff, 0x3f, 0xff,
    0xff, 0xf8, 0xff, 0xff, 0xff, 0xe3, 0xff, 0xff,
    0xff, 0x8f, 0xff, 0xff, 0xfe, 0x3f, 0xff, 0xff,
    0xf0, 0xff, 0xff, 0xff, 0xc0, 0x1f, 0xc3, 0xf8,
    0x0, 0x7f, 0xf, 0xe0, 0x1, 0xf8, 0x3f, 0x80,
    0x7, 0xe0, 0xfe, 0x7, 0xff, 0xff, 0xfe, 0x1f,
    0xff, 0xff, 0xf8, 0x7f, 0xff, 0xff, 0xe1, 0xff,
    0xff, 0xff, 0x87, 0xff, 0xff, 0xfe, 0x1f, 0xff,
    0xff, 0xf8, 0x7f, 0xff, 0xff, 0xc0, 0xf, 0x83,
    0xf8, 0x0, 0x7e, 0xf, 0xe0, 0x1, 0xf8, 0x3f,
    0x80, 0x7, 0xe0, 0xfe, 0x0, 0x1f, 0x80, 0x0,
    0x0, 0x0, 0x0, 0x0, 0x0,

    /* U+0024 "$" */
    0x0, 0x0, 0x7f, 0x80, 0x0, 0x0, 0x3, 0xfe,
    0x0, 0x0, 0x0, 0x1f, 0xf0, 0x0, 0x0, 0x0,
    0xff, 0x80, 0x0, 0x0, 0x7, 0xfc, 0x0, 0x0,
    0xf, 0xff, 0xe0, 0x0, 0x3, 0xff, 0xff, 0x80,
    0x0, 0x3f, 0xff, 0xff, 0xc0, 0x7, 0xff, 0xff,
    0xff, 0xc0, 0x3f, 0xff, 0xff, 0xff, 0xc3, 0xff,
    0xff, 0xff, 0xfe, 0x1f, 0xff, 0xff, 0xff, 0xe1,
    0xff, 0xff, 0xff, 0xff, 0xf, 0xff, 0xff, 0xff,
    0xf8, 0x7f, 0xf0, 0xff, 0xff, 0x83, 0xff, 0x0,
    0x3f, 0xfc, 0x1f, 0xf8, 0x0, 0x3f, 0xc0, 0x7f,
    0xc0, 0x0, 0x7e, 0x3, 0xff, 0x0, 0x0, 0xf0,
    0x1f, 0xfc, 0x0, 0x1, 0x0, 0x7f, 0xf8, 0x0,
    0x0, 0x1, 0xff, 0xe0, 0x0, 0x0, 0xf, 0xff,
    0xc0, 0x0, 0x0, 0x3f, 0xff, 0x0, 0x0, 0x0,
    0xff, 0xfe, 0x0, 0x0, 0x3, 0xff, 0xfc, 0x0,
    0x0, 0xf, 0xff, 0xf8, 0x0, 0x0, 0x3f, 0xff,
    0xe0, 0x0, 0x0, 0xff, 0xff, 0x80, 0x0, 0x3,
    0xff, 0xfe, 0x0, 0x0, 0x7, 0xff, 0xf8, 0x0,
    0x0, 0x1f, 0xff, 0xc0, 0x0, 0x0, 0x3f, 0xff,
    0x0, 0x0, 0x0, 0x7f, 0xf8, 0x2, 0x0, 0x0,
    0xff, 0xe0, 0x1c, 0x0, 0x3, 0xff, 0x1, 0xf8,
    0x0, 0xf, 0xfc, 0xf, 0xf8, 0x0, 0x3f, 0xe0,
    0x7f, 0xf8, 0x1, 0xff, 0x7, 0xff, 0xfc, 0x1f,
    0xf8, 0x3f, 0xff, 0xff, 0xff, 0xc3, 0xff, 0xff,
    0xff, 0xfe, 0x1f, 0xff, 0xff, 0xff, 0xf0, 0xff,
    0xff, 0xff, 0xff, 0xf, 0xff, 0xff, 0xff, 0xf8,
    0x1f, 0xff, 0xff, 0xff, 0xc0, 0x1f, 0xff, 0xff,
    0xfc, 0x0, 0x1f, 0xff, 0xff, 0xc0, 0x0, 0xf,
    0xff, 0xfc, 0x0, 0x0, 0x3f, 0xff, 0x0, 0x0,
    0x1, 0xfe, 0x0, 0x0, 0x0, 0xf, 0xf0, 0x0,
    0x0, 0x0, 0x7f, 0x80, 0x0, 0x0, 0x3, 0xfc,
    0x0, 0x0, 0x0, 0x1f, 0xf0, 0x0, 0x0, 0x0,
    0x7, 0x80, 0x0,

    /* U+0025 "%" */
    0x0, 0x0, 0x0, 0x7, 0xff, 0xe0, 0x0, 0x0,
    0x0, 0xff, 0xfc, 0x7, 0xe0, 0x0, 0x3f, 0xff,
    0x3, 0xff, 0x0, 0x7, 0xff, 0xc0, 0xff, 0xf0,
    0x1, 0xff, 0xf8, 0x3f, 0xff, 0x0, 0x7f, 0xfe,
    0x7, 0xff, 0xf0, 0xf, 0xff, 0x81, 0xff, 0xff,
    0x3, 0xff, 0xf0, 0x3f, 0xff, 0xe0, 0x7f, 0xfc,
    0x7, 0xff, 0xfc, 0x1f, 0xff, 0x80, 0xff, 0xff,
    0x83, 0xff, 0xe0, 0x1f, 0xff, 0xf0, 0xff, 0xf8,
    0x3, 0xff, 0xfe, 0x3f, 0xff, 0x0, 0x3f, 0xff,
    0x87, 0xff, 0xc0, 0x7, 0xff, 0xf1, 0xff, 0xf8,
    0x0, 0x7f, 0xfc, 0x3f, 0xfe, 0x0, 0x7, 0xff,
    0xf, 0xff, 0x80, 0x0, 0x3f, 0x83, 0xff, 0xf0,
    0x0, 0x0, 0x0, 0x7f, 0xfc, 0x0, 0x0, 0x0,
    0x1f, 0xff, 0x80, 0x0, 0x0, 0x3, 0xff, 0xe0,
    0x0, 0x0, 0x0, 0xff, 0xf8, 0x0, 0x0, 0x0,
    0x1f, 0xff, 0x0, 0x0, 0x0, 0x7, 0xff, 0xc0,
    0x0, 0x0, 0x1, 0xff, 0xf8, 0x0, 0x0, 0x0,
    0x3f, 0xfe, 0x0, 0x0, 0x0, 0xf, 0xff, 0x80,
    0x0, 0x0, 0x1, 0xff, 0xf0, 0x0, 0x0, 0x0,
    0x7f, 0xfc, 0x0, 0x0, 0x0, 0x1f, 0xff, 0x80,
    0x0, 0x0, 0x3, 0xff, 0xe0, 0x7e, 0x0, 0x0,
    0xff, 0xf8, 0x3f, 0xf0, 0x0, 0x1f, 0xff, 0xf,
    0xff, 0x0, 0x7, 0xff, 0xc3, 0xff, 0xf0, 0x0,
    0xff, 0xf8, 0x7f, 0xff, 0x0, 0x3f, 0xfe, 0x1f,
    0xff, 0xf0, 0xf, 0xff, 0x83, 0xff, 0xfe, 0x1,
    0xff, 0xf0, 0x7f, 0xff, 0xc0, 0x7f, 0xfc, 0xf,
    0xff, 0xf8, 0xf, 0xff, 0x81, 0xff, 0xff, 0x3,
    0xff, 0xe0, 0x3f, 0xff, 0xe0, 0xff, 0xf8, 0x3,
    0xff, 0xf8, 0x1f, 0xff, 0x0, 0x7f, 0xff, 0x7,
    0xff, 0xc0, 0x7, 0xff, 0xc0, 0xff, 0xf8, 0x0,
    0x7f, 0xf0, 0x3f, 0xfe, 0x0, 0x3, 0xf8, 0xf,
    0xff, 0x80, 0x0, 0x0, 0x1, 0xff, 0xf0, 0x0,
    0x0, 0x0, 0x7f, 0xfc, 0x0, 0x0, 0x0, 0xf,
    0xff, 0x80, 0x0, 0x0, 0x3, 0xff, 0xe0, 0x0,
    0x0, 0x0, 0x0,

    /* U+0026 "&" */
    0x0, 0x0, 0xff, 0xc0, 0x0, 0x0, 0x3, 0xff,
    0x0, 0x0, 0x0, 0xf, 0xfc, 0x0, 0x0, 0x0,
    0x3f, 0xf0, 0x0, 0x0, 0xf, 0xff, 0xc0, 0x0,
    0x3, 0xff, 0xff, 0x0, 0x0, 0x3f, 0xff, 0xff,
    0xc0, 0x0, 0xff, 0xff, 0xff, 0xe0, 0x7, 0xff,
    0xff, 0xff, 0xf8, 0x1f, 0xff, 0xff, 0xff, 0xf0,
    0xff, 0xff, 0xff, 0xff, 0x83, 0xff, 0xff, 0xff,
    0xfe, 0xf, 0xff, 0xff, 0xff, 0xf8, 0x3f, 0xff,
    0xff, 0xff, 0xc0, 0x7f, 0xc0, 0x7f, 0xff, 0x1,
    0xff, 0x0, 0xf, 0xf8, 0x3, 0xfe, 0x0, 0x3,
    0xe0, 0x7, 0xf8, 0x0, 0x3, 0x80, 0xf, 0xf0,
    0x0, 0x4, 0x0, 0x1f, 0xe0, 0x0, 0x0, 0x0,
    0x7f, 0xe0, 0x0, 0x0, 0x7, 0xff, 0xc0, 0x0,
    0x0, 0x3f, 0xff, 0xf8, 0x0, 0x1, 0xff, 0xff,
    0xe0, 0x0, 0xf, 0xff, 0xff, 0x80, 0x0, 0x7f,
    0xff, 0xfe, 0x0, 0x1, 0xff, 0xff, 0xf8, 0x0,
    0xf, 0xff, 0x3f, 0xe0, 0x0, 0x7f, 0xf8, 0x1f,
    0x80, 0x1, 0xff, 0xc0, 0x2, 0x0, 0x7, 0xfe,
    0x0, 0x0, 0x0, 0x3f, 0xf8, 0x0, 0x0, 0x0,
    0xff, 0xe0, 0x0, 0x0, 0x3, 0xff, 0x80, 0x0,
    0x0, 0xf, 0xff, 0x0, 0x0, 0x0, 0x3f, 0xfe,
    0x0, 0x0, 0x0, 0xff, 0xfc, 0x0, 0x0, 0x81,
    0xff, 0xfe, 0x0, 0x7e, 0x7, 0xff, 0xff, 0xff,
    0xfc, 0x1f, 0xff, 0xff, 0xff, 0xf0, 0x3f, 0xff,
    0xff, 0xff, 0xc0, 0xff, 0xff, 0xff, 0xff, 0x1,
    0xff, 0xff, 0xff, 0xfc, 0x3, 0xff, 0xff, 0xff,
    0xf8, 0x7, 0xff, 0xff, 0xff, 0x0, 0x7, 0xff,
    0xff, 0x0, 0x0, 0x0, 0xff, 0xc0, 0x0, 0x0,
    0x1, 0xff, 0x0, 0x0, 0x0, 0x7, 0xfc, 0x0,
    0x0, 0x0, 0x1f, 0xe0, 0x0, 0x0, 0x0, 0x7f,
    0x80, 0x0, 0x0,

    /* U+0027 "'" */
    0x80, 0x1f, 0xc7, 0xfd, 0xff, 0x7f, 0xcf, 0xf3,
    0xfc, 0xff, 0x1f, 0xc7, 0xf1, 0xfc, 0x7f, 0xf,
    0xc3, 0xf0, 0xfc, 0x3f, 0x0, 0xc0,

    /* U+0028 "(" */
    0x0, 0x0, 0x4, 0x0, 0x0, 0x38, 0x0, 0x1,
    0xf0, 0x0, 0x7, 0xe0, 0x0, 0x3f, 0xc0, 0x0,
    0xff, 0x80, 0x3, 0xff, 0x0, 0x1f, 0xfc, 0x0,
    0x7f, 0xf8, 0x1, 0xff, 0xf0, 0x7, 0xff, 0xe0,
    0x1f, 0xff, 0x0, 0x7f, 0xfc, 0x1, 0xff, 0xf0,
    0x7, 0xff, 0xc0, 0xf, 0xff, 0x0, 0x3f, 0xfe,
    0x0, 0xff, 0xf8, 0x1, 0xff, 0xe0, 0x3, 0xff,
    0xc0, 0x7, 0xff, 0x0, 0x1f, 0xfc, 0x0, 0x3f,
    0xf8, 0x0, 0x7f, 0xf0, 0x0, 0xff, 0xc0, 0x1,
    0xff, 0x80, 0x3, 0xff, 0x0, 0x7, 0xfe, 0x0,
    0xf, 0xfc, 0x0, 0x1f, 0xf8, 0x0, 0x3f, 0xf0,
    0x0, 0x7f, 0xe0, 0x0, 0x7f, 0xe0, 0x0, 0xff,
    0xc0, 0x1, 0xff, 0xc0, 0x3, 0xff, 0x80, 0x3,
    0xff, 0x80, 0x7, 0xff, 0x80, 0x7, 0xff, 0x0,
    0xf, 0xff, 0x0, 0xf, 0xff, 0x0, 0x1f, 0xff,
    0x0, 0x1f, 0xff, 0x0, 0x1f, 0xff, 0x0, 0x1f,
    0xfe, 0x0, 0x3f, 0xfc, 0x0, 0x3f, 0xf8, 0x0,
    0x3f, 0xf0, 0x0, 0x3f, 0xe0, 0x0, 0x3f, 0xc0,
    0x0, 0x1f, 0x80, 0x0, 0x1e, 0x0, 0x0, 0x1c,
    0x0, 0x0, 0x18, 0x0, 0x0, 0x0, 0x0,

    /* U+0029 ")" */
    0x40, 0x0, 0x0, 0xe0, 0x0, 0x1, 0xf0, 0x0,
    0x3, 0xf0, 0x0, 0x7, 0xf8, 0x0, 0xf, 0xf8,
    0x0, 0x1f, 0xf8, 0x0, 0x1f, 0xfc, 0x0, 0x3f,
    0xfc, 0x0, 0x7f, 0xfc, 0x0, 0xff, 0xfc, 0x0,
    0x7f, 0xfc, 0x0, 0x7f, 0xfc, 0x0, 0x7f, 0xf8,
    0x0, 0x7f, 0xf8, 0x0, 0x7f, 0xf8, 0x0, 0x7f,
    0xf0, 0x0, 0x7f, 0xf0, 0x0, 0x7f, 0xe0, 0x0,
    0xff, 0xe0, 0x0, 0xff, 0xc0, 0x1, 0xff, 0x80,
    0x3, 0xff, 0x0, 0x7, 0xff, 0x0, 0x7, 0xfe,
    0x0, 0xf, 0xfc, 0x0, 0x1f, 0xf8, 0x0, 0x3f,
    0xf0, 0x0, 0x7f, 0xe0, 0x0, 0xff, 0xc0, 0x1,
    0xff, 0x80, 0x7, 0xff, 0x0, 0xf, 0xfc, 0x0,
    0x1f, 0xf8, 0x0, 0x7f, 0xf0, 0x0, 0xff, 0xe0,
    0x3, 0xff, 0x80, 0xf, 0xff, 0x0, 0x1f, 0xfc,
    0x0, 0x7f, 0xf8, 0x1, 0xff, 0xe0, 0x7, 0xff,
    0xc0, 0x1f, 0xff, 0x0, 0x7f, 0xfc, 0x0, 0xff,
    0xf0, 0x1, 0xff, 0xe0, 0x3, 0xff, 0x80, 0x7,
    0xfe, 0x0, 0xf, 0xf8, 0x0, 0x1f, 0xe0, 0x0,
    0x3f, 0x80, 0x0, 0x3c, 0x0, 0x0, 0x70, 0x0,
    0x0, 0xc0, 0x0, 0x0, 0x0, 0x0, 0x0,

    /* U+002A "*" */
    0x0, 0x7f, 0x80, 0x0, 0x1f, 0xe0, 0x0, 0x87,
    0xf8, 0x0, 0x71, 0xfe, 0x10, 0x1e, 0x7f, 0x8e,
    0xf, 0xdf, 0xe7, 0xc7, 0xff, 0xfb, 0xfb, 0xff,
    0xff, 0xff, 0x7f, 0xff, 0xff, 0x87, 0xff, 0xff,
    0xc0, 0xff, 0xff, 0xe0, 0xf, 0xff, 0xe0, 0x1,
    0xff, 0xf0, 0x0, 0x7f, 0xf8, 0x0, 0x3f, 0xff,
    0x0, 0x1f, 0xff, 0xc0, 0xf, 0xff, 0xf8, 0x7,
    0xf9, 0xff, 0x3, 0xfe, 0x3f, 0xc0, 0xff, 0xf,
    0xf8, 0x1f, 0x81, 0xff, 0x3, 0xc0, 0x3f, 0xc0,
    0x70, 0x7, 0xc0, 0x8, 0x0, 0x0,

    /* U+002B "+" */
    0x0, 0x7f, 0x80, 0x0, 0x7f, 0x80, 0x0, 0x7f,
    0x80, 0x0, 0x7f, 0x80, 0x0, 0x7f, 0x0, 0x0,
    0x7f, 0x0, 0x0, 0x7f, 0x1f, 0x1, 0xff, 0xff,
    0xff, 0xff, 0xff, 0xff, 0xff, 0xfe, 0xff, 0xff,
    0xfe, 0xff, 0xff, 0xfe, 0xff, 0xff, 0xfe, 0xff,
    0xff, 0xfe, 0x1, 0xfe, 0x0, 0x1, 0xfe, 0x0,
    0x1, 0xfc, 0x0, 0x1, 0xfc, 0x0, 0x1, 0xfc,
    0x0, 0x1, 0xfc, 0x0, 0x3, 0xfc, 0x0, 0x3,
    0xfc, 0x0,

    /* U+002C "," */
    0x0, 0x3, 0x80, 0x1, 0xfc, 0x0, 0x7f, 0x0,
    0x1f, 0xe0, 0x7, 0xf8, 0x3, 0xfe, 0x0, 0xff,
    0x80, 0x3f, 0xf0, 0x1f, 0xfc, 0x7, 0xff, 0x1,
    0xff, 0xc0, 0x3f, 0xf8, 0x0, 0xfe, 0x0, 0x3,
    0x80, 0x0,

    /* U+002D "-" */
    0x0, 0x3, 0xff, 0x1f, 0xff, 0xff, 0xff, 0xff,
    0xff, 0xff, 0xff, 0xfe, 0xff, 0xff, 0xfe, 0xff,
    0xff, 0xfe, 0xff, 0xff, 0xfe, 0xff, 0xff, 0xfe,

    /* U+002E "." */
    0x3e, 0x1f, 0xc7, 0xfb, 0xff, 0xff, 0xff, 0xff,
    0xfd, 0xfe, 0x7f, 0x87, 0xc0,

    /* U+002F "/" */
    0x0, 0x0, 0x0, 0x7, 0xff, 0xe0, 0x0, 0x0,
    0x0, 0xff, 0xf8, 0x0, 0x0, 0x0, 0x3f, 0xff,
    0x0, 0x0, 0x0, 0x7, 0xff, 0xc0, 0x0, 0x0,
    0x1, 0xff, 0xf0, 0x0, 0x0, 0x0, 0x7f, 0xfe,
    0x0, 0x0, 0x0, 0xf, 0xff, 0x80, 0x0, 0x0,
    0x3, 0xff, 0xf0, 0x0, 0x0, 0x0, 0x7f, 0xfc,
    0x0, 0x0, 0x0, 0x1f, 0xff, 0x0, 0x0, 0x0,
    0x7, 0xff, 0xe0, 0x0, 0x0, 0x0, 0xff, 0xf8,
    0x0, 0x0, 0x0, 0x3f, 0xff, 0x0, 0x0, 0x0,
    0x7, 0xff, 0xc0, 0x0, 0x0, 0x1, 0xff, 0xf0,
    0x0, 0x0, 0x0, 0x3f, 0xfe, 0x0, 0x0, 0x0,
    0xf, 0xff, 0x80, 0x0, 0x0, 0x3, 0xff, 0xf0,
    0x0, 0x0, 0x0, 0x7f, 0xfc, 0x0, 0x0, 0x0,
    0x1f, 0xff, 0x0, 0x0, 0x0, 0x3, 0xff, 0xe0,
    0x0, 0x0, 0x0, 0xff, 0xf8, 0x0, 0x0, 0x0,
    0x3f, 0xfe, 0x0, 0x0, 0x0, 0x7, 0xff, 0xc0,
    0x0, 0x0, 0x1, 0xff, 0xf0, 0x0, 0x0, 0x0,
    0x3f, 0xfe, 0x0, 0x0, 0x0, 0xf, 0xff, 0x80,
    0x0, 0x0, 0x3, 0xff, 0xe0, 0x0, 0x0, 0x0,
    0x7f, 0xfc, 0x0, 0x0, 0x0, 0x1f, 0xff, 0x0,
    0x0, 0x0, 0x3, 0xff, 0xe0, 0x0, 0x0, 0x0,
    0xff, 0xf8, 0x0, 0x0, 0x0, 0x1f, 0xfe, 0x0,
    0x0, 0x0, 0x7, 0xff, 0xc0, 0x0, 0x0, 0x1,
    0xff, 0xf0, 0x0, 0x0, 0x0, 0x3f, 0xfe, 0x0,
    0x0, 0x0, 0xf, 0xff, 0x80, 0x0, 0x0, 0x1,
    0xff, 0xe0, 0x0, 0x0, 0x0, 0x7f, 0xfc, 0x0,
    0x0, 0x0, 0x1f, 0xff, 0x0, 0x0, 0x0, 0x3,
    0xff, 0xe0, 0x0, 0x0, 0x0, 0xff, 0xf8, 0x0,
    0x0, 0x0, 0x1f, 0xfe, 0x0, 0x0, 0x0, 0x7,
    0xff, 0xc0, 0x0, 0x0, 0x1, 0xff, 0xf0, 0x0,
    0x0, 0x0, 0x3f, 0xfe, 0x0, 0x0, 0x0, 0xf,
    0xff, 0x80, 0x0, 0x0, 0x1, 0xff, 0xe0, 0x0,
    0x0, 0x0, 0x7f, 0xfc, 0x0, 0x0, 0x0, 0x1f,
    0xff, 0x0, 0x0, 0x0, 0x3, 0xff, 0xe0, 0x0,
    0x0, 0x0, 0x0,

    /* U+0030 "0" */
    0x0, 0xf, 0xf8, 0x0, 0x0, 0xff, 0xfc, 0x0,
    0x7, 0xff, 0xfe, 0x0, 0x1f, 0xff, 0xfe, 0x0,
    0xff, 0xff, 0xfe, 0x1, 0xff, 0xff, 0xfc, 0x7,
    0xff, 0xff, 0xfc, 0x1f, 0xff, 0xff, 0xf8, 0x3f,
    0xff, 0xff, 0xf8, 0x7f, 0xff, 0xff, 0xf1, 0xff,
    0xff, 0xff, 0xf3, 0xff, 0xff, 0xff, 0xe7, 0xff,
    0xff, 0xff, 0xcf, 0xff, 0xf, 0xff, 0x9f, 0xfc,
    0x7, 0xff, 0xff, 0xf0, 0x7, 0xff, 0xff, 0xe0,
    0xf, 0xff, 0xff, 0x80, 0x1f, 0xff, 0xff, 0x0,
    0x1f, 0xff, 0xfe, 0x0, 0x3f, 0xff, 0xfc, 0x0,
    0x7f, 0xff, 0xf8, 0x0, 0xff, 0xff, 0xf0, 0x1,
    0xff, 0xff, 0xe0, 0x3, 0xff, 0xff, 0xc0, 0xf,
    0xff, 0xff, 0xc0, 0x1f, 0xfb, 0xff, 0xc0, 0x7f,
    0xf3, 0xff, 0xc1, 0xff, 0xe7, 0xff, 0xff, 0xff,
    0x8f, 0xff, 0xff, 0xff, 0x1f, 0xff, 0xff, 0xfc,
    0x1f, 0xff, 0xff, 0xf8, 0x3f, 0xff, 0xff, 0xe0,
    0x3f, 0xff, 0xff, 0xc0, 0x7f, 0xff, 0xff, 0x0,
    0xff, 0xff, 0xfc, 0x0, 0xff, 0xff, 0xf0, 0x0,
    0xff, 0xff, 0xc0, 0x0, 0xff, 0xff, 0x0, 0x0,
    0xff, 0xf8, 0x0, 0x0, 0x3f, 0xc0, 0x0,

    /* U+0031 "1" */
    0x0, 0x3, 0x0, 0x1f, 0x0, 0xff, 0x7, 0xff,
    0x3f, 0xff, 0x7f, 0xff, 0x7f, 0xff, 0x7f, 0xff,
    0xff, 0xff, 0xff, 0xff, 0xfb, 0xff, 0x3, 0xff,
    0x3, 0xff, 0x3, 0xff, 0x3, 0xff, 0x3, 0xff,
    0x3, 0xff, 0x3, 0xff, 0x3, 0xff, 0x3, 0xff,
    0x3, 0xff, 0x3, 0xff, 0x3, 0xff, 0x3, 0xff,
    0x3, 0xff, 0x3, 0xff, 0x3, 0xff, 0x3, 0xff,
    0x3, 0xff, 0x3, 0xff, 0x3, 0xff, 0x3, 0xff,
    0x3, 0xff, 0x3, 0xff, 0x3, 0xff, 0x3, 0xff,
    0x3, 0xff, 0x3, 0xff, 0x3, 0xff, 0x3, 0xff,
    0x3, 0xff, 0x3, 0xff, 0x3, 0xff, 0x3, 0xff,
    0x3, 0xff, 0x3, 0xff,

    /* U+0032 "2" */
    0x0, 0x0, 0x7f, 0xc0, 0x0, 0x3, 0xff, 0xfe,
    0x0, 0xf, 0xff, 0xff, 0xe0, 0x1f, 0xff, 0xff,
    0xfc, 0x3f, 0xff, 0xff, 0xff, 0x9f, 0xff, 0xff,
    0xff, 0xe7, 0xff, 0xff, 0xff, 0xfd, 0xff, 0xff,
    0xff, 0xff, 0x3f, 0xff, 0xff, 0xff, 0xcf, 0xff,
    0xff, 0xff, 0xf3, 0xff, 0xfc, 0xf, 0xfc, 0x7f,
    0xe0, 0x3, 0xff, 0x1f, 0xe0, 0x1, 0xff, 0x83,
    0xe0, 0x0, 0x7f, 0xe0, 0xe0, 0x0, 0x3f, 0xf8,
    0x20, 0x0, 0x1f, 0xfc, 0x0, 0x0, 0xf, 0xff,
    0x0, 0x0, 0x7, 0xff, 0x80, 0x0, 0x3, 0xff,
    0xc0, 0x0, 0x1, 0xff, 0xf0, 0x0, 0x1, 0xff,
    0xf8, 0x0, 0x1, 0xff, 0xfc, 0x0, 0x7, 0xff,
    0xfe, 0x0, 0x7, 0xff, 0xff, 0x0, 0x3, 0xff,
    0xff, 0x80, 0x1, 0xff, 0xff, 0xc0, 0x0, 0x7f,
    0xff, 0xc0, 0x0, 0x3f, 0xff, 0xc0, 0x0, 0xf,
    0xff, 0x80, 0x0, 0x7, 0xff, 0x80, 0x0, 0x1,
    0xff, 0xc0, 0x0, 0x0, 0xff, 0xf0, 0x0, 0x0,
    0x3f, 0xf8, 0x0, 0x0, 0xf, 0xfc, 0x0, 0x0,
    0x3, 0xff, 0x0, 0x0, 0x1, 0xff, 0x80, 0x0,
    0x0, 0x7f, 0xe0, 0x0, 0x1, 0x9f, 0xf0, 0x0,
    0x1f, 0xe7, 0xfc, 0x1, 0xff, 0xf9, 0xff, 0xf,
    0xff, 0xfe, 0x7f, 0xff, 0xff, 0xff, 0x1f, 0xff,
    0xff, 0xff, 0xc7, 0xff, 0xff, 0xff, 0xf1, 0xff,
    0xff, 0xff, 0xf8, 0x7f, 0xff, 0xff, 0xc0, 0x1f,
    0xff, 0xfc, 0x0, 0xf, 0xff, 0xc0, 0x0, 0x3,
    0xfc, 0x0, 0x0, 0x0, 0xc0, 0x0, 0x0, 0x0,
    0x0,

    /* U+0033 "3" */
    0x0, 0x0, 0xff, 0xc0, 0x0, 0x0, 0x7f, 0xff,
    0xe0, 0x0, 0xf, 0xff, 0xff, 0xc0, 0x3, 0xff,
    0xff, 0xff, 0xc0, 0x7f, 0xff, 0xff, 0xff, 0x3,
    0xff, 0xff, 0xff, 0xfe, 0x7, 0xff, 0xff, 0xff,
    0xf8, 0x1f, 0xff, 0xff, 0xff, 0xe0, 0x7f, 0xff,
    0xff, 0xff, 0x80, 0xff, 0xff, 0xff, 0xfe, 0x3,
    0xff, 0xf8, 0xf, 0xf0, 0x7, 0xfc, 0x0, 0x3f,
    0xc0, 0x1f, 0x0, 0x1, 0xfe, 0x0, 0x70, 0x0,
    0xf, 0xf8, 0x0, 0x80, 0x0, 0x7f, 0xc0, 0x0,
    0x0, 0x3, 0xfe, 0x0, 0x0, 0x0, 0x1f, 0xf8,
    0x0, 0x0, 0x0, 0xff, 0xf8, 0x0, 0x0, 0x7f,
    0xff, 0xf0, 0x0, 0x1, 0xff, 0xff, 0xe0, 0x0,
    0x7, 0xff, 0xff, 0xc0, 0x0, 0x1f, 0xff, 0xff,
    0x80, 0x0, 0x7f, 0xff, 0xff, 0x0, 0x1, 0xff,
    0x3f, 0xfc, 0x0, 0x7, 0xe0, 0x7f, 0xf8, 0x0,
    0x10, 0x0, 0xff, 0xe0, 0x0, 0x0, 0x1, 0xff,
    0x80, 0x0, 0x0, 0x7, 0xff, 0x0, 0x0, 0x0,
    0x1f, 0xfc, 0x0, 0x0, 0x0, 0xff, 0xf0, 0x0,
    0x0, 0x3, 0xff, 0xc0, 0x0, 0x0, 0xf, 0xff,
    0x4, 0x0, 0x0, 0x7f, 0xfc, 0x1f, 0x80, 0xf,
    0xff, 0xe0, 0xff, 0xff, 0xff, 0xff, 0x83, 0xff,
    0xff, 0xff, 0xfc, 0xf, 0xff, 0xff, 0xff, 0xf0,
    0x3f, 0xff, 0xff, 0xff, 0x81, 0xff, 0xff, 0xff,
    0xfc, 0x3, 0xff, 0xff, 0xff, 0xe0, 0x0, 0x3f,
    0xff, 0xfe, 0x0, 0x0, 0x3, 0xff, 0x0, 0x0,

    /* U+0034 "4" */
    0x0, 0x0, 0x0, 0x0, 0x0, 0x0, 0x3, 0xfc,
    0x0, 0x0, 0x7f, 0xf8, 0x0, 0x80, 0xff, 0xf3,
    0xff, 0x1, 0xff, 0xe7, 0xfe, 0x3, 0xff, 0xcf,
    0xfc, 0x7, 0xff, 0x9f, 0xf8, 0xf, 0xff, 0x7f,
    0xf0, 0x1f, 0xfe, 0xff, 0xe0, 0x3f, 0xfd, 0xff,
    0xc0, 0xff, 0xf3, 0xff, 0x1, 0xff, 0xe7, 0xfe,
    0x3, 0xff, 0xcf, 0xfc, 0x7, 0xff, 0x9f, 0xf8,
    0xf, 0xff, 0x3f, 0xf0, 0x1f, 0xfe, 0x7f, 0xe0,
    0x3f, 0xfc, 0xff, 0xc0, 0x7f, 0xf9, 0xff, 0xf8,
    0xff, 0xf3, 0xff, 0xff, 0xff, 0xe7, 0xff, 0xff,
    0xff, 0x8f, 0xff, 0xff, 0xff, 0x3f, 0xff, 0xff,
    0xfe, 0x7f, 0xff, 0xff, 0xfc, 0xf, 0xff, 0xff,
    0xf8, 0x0, 0x7f, 0xff, 0xf0, 0x0, 0x1, 0xff,
    0xe0, 0x0, 0x3, 0xff, 0xc0, 0x0, 0x7, 0xff,
    0x80, 0x0, 0xf, 0xff, 0x0, 0x0, 0x1f, 0xfc,
    0x0, 0x0, 0x3f, 0xf8, 0x0, 0x0, 0x7f, 0xf0,
    0x0, 0x0, 0xff, 0xe0, 0x0, 0x1, 0xff, 0xc0,
    0x0, 0x3, 0xff, 0x80, 0x0, 0x7, 0xff, 0x0,
    0x0, 0x1f, 0xfe, 0x0, 0x0, 0x3f, 0xfc, 0x0,
    0x0, 0x7f, 0xf0, 0x0, 0x0, 0xff, 0xe0, 0x0,
    0x1, 0xff, 0xc0, 0x0, 0x3, 0xff, 0x80, 0x0,
    0x7, 0xff, 0x0, 0x0, 0xf, 0xfe, 0x0, 0x0,
    0x1f, 0xfc, 0x0, 0x0, 0x3f, 0xf8, 0x0, 0x0,
    0x7f, 0xf0, 0x0, 0x0, 0xff, 0xc0,

    /* U+0035 "5" */
    0x0, 0x0, 0x0, 0x0, 0x10, 0x0, 0x0, 0x0,
    0x1, 0xf0, 0x0, 0x0, 0x0, 0xf, 0xf0, 0x0,
    0x0, 0x1, 0xff, 0xf0, 0x0, 0x0, 0xff, 0xff,
    0xf8, 0xff, 0xff, 0xff, 0xff, 0xf8, 0x7f, 0xff,
    0xff, 0xff, 0xf8, 0x7f, 0xff, 0xff, 0xff, 0xf8,
    0x3f, 0xff, 0xff, 0xff, 0xf8, 0x3f, 0xff, 0xff,
    0xff, 0xc0, 0x1f, 0xff, 0xff, 0xfe, 0x0, 0x1f,
    0xff, 0xff, 0xf0, 0x0, 0x1f, 0xff, 0xfe, 0x0,
    0x0, 0xf, 0xf8, 0x0, 0x0, 0x0, 0xf, 0xf8,
    0x0, 0x0, 0x0, 0xf, 0xf8, 0x0, 0x0, 0x0,
    0x7, 0xfc, 0x0, 0x0, 0x0, 0x7, 0xfc, 0x0,
    0x0, 0x0, 0x7, 0xfc, 0x0, 0x70, 0x0, 0x3,
    0xfc, 0x3f, 0xff, 0x0, 0x3, 0xff, 0xff, 0xff,
    0x80, 0x3, 0xff, 0xff, 0xff, 0xe0, 0x1, 0xff,
    0xff, 0xff, 0xf0, 0x1, 0xff, 0xff, 0xff, 0xf0,
    0x1, 0xff, 0xff, 0xff, 0xf8, 0x0, 0xff, 0xff,
    0xff, 0xfc, 0x0, 0xff, 0xfe, 0x1f, 0xfc, 0x0,
    0xff, 0x80, 0xf, 0xfe, 0x0, 0x0, 0x0, 0xf,
    0xfe, 0x0, 0x0, 0x0, 0x7, 0xfe, 0x0, 0x0,
    0x0, 0x7, 0xff, 0x0, 0x0, 0x0, 0x7, 0xff,
    0x0, 0x0, 0x0, 0xf, 0xff, 0x0, 0x0, 0x0,
    0xf, 0xff, 0x0, 0x0, 0x0, 0xf, 0xff, 0x1,
    0x0, 0x0, 0x1f, 0xfe, 0x1, 0xf8, 0x0, 0xff,
    0xfe, 0x3, 0xff, 0xff, 0xff, 0xfe, 0x3, 0xff,
    0xff, 0xff, 0xfc, 0x3, 0xff, 0xff, 0xff, 0xfc,
    0x3, 0xff, 0xff, 0xff, 0xf8, 0x7, 0xff, 0xff,
    0xff, 0xf0, 0x3, 0xff, 0xff, 0xff, 0xe0, 0x0,
    0xf, 0xff, 0xff, 0x80, 0x0, 0x0, 0x3f, 0xf0,
    0x0,

    /* U+0036 "6" */
    0x0, 0x0, 0x0, 0x0, 0x80, 0x0, 0x0, 0x7,
    0x80, 0x0, 0x0, 0x1f, 0x80, 0x0, 0x0, 0x7f,
    0xc0, 0x0, 0x0, 0xff, 0xc0, 0x0, 0x1, 0xff,
    0xe0, 0x0, 0x1, 0xff, 0xe0, 0x0, 0x3, 0xff,
    0xe0, 0x0, 0x3, 0xff, 0xf0, 0x0, 0x7, 0xff,
    0xf0, 0x0, 0x7, 0xff, 0xf0, 0x0, 0x7, 0xff,
    0xf0, 0x0, 0x7, 0xff, 0xf0, 0x0, 0x3, 0xff,
    0xe0, 0x0, 0x3, 0xff, 0xe0, 0x0, 0x3, 0xff,
    0xe0, 0x0, 0x1, 0xff, 0xe0, 0x0, 0x1, 0xff,
    0xe0, 0x0, 0x0, 0xff, 0xe0, 0x0, 0x0, 0xff,
    0xf0, 0x0, 0x0, 0x7f, 0xf0, 0x0, 0x0, 0x7f,
    0xf3, 0xf0, 0x0, 0x3f, 0xff, 0xfe, 0x0, 0x3f,
    0xff, 0xff, 0xc0, 0x1f, 0xff, 0xff, 0xf0, 0xf,
    0xff, 0xff, 0xfc, 0xf, 0xff, 0xff, 0xfe, 0x7,
    0xff, 0xff, 0xff, 0x83, 0xff, 0xe1, 0xff, 0xe3,
    0xff, 0xc0, 0x3f, 0xf1, 0xff, 0xc0, 0xf, 0xfc,
    0xff, 0xc0, 0x7, 0xfe, 0x7f, 0xc0, 0x1, 0xff,
    0xff, 0xc0, 0x0, 0xff, 0xff, 0xe0, 0x0, 0x7f,
    0xff, 0xf0, 0x0, 0x3f, 0xff, 0xf8, 0x0, 0x1f,
    0xff, 0xfc, 0x0, 0x1f, 0xff, 0xff, 0x0, 0xf,
    0xfd, 0xff, 0xc0, 0xf, 0xfe, 0xff, 0xf0, 0x1f,
    0xff, 0x3f, 0xff, 0xff, 0xff, 0xf, 0xff, 0xff,
    0xff, 0x87, 0xff, 0xff, 0xff, 0x81, 0xff, 0xff,
    0xff, 0x80, 0x7f, 0xff, 0xff, 0x80, 0x1f, 0xff,
    0xff, 0x80, 0x3, 0xff, 0xfe, 0x0, 0x0, 0x3f,
    0xf8, 0x0, 0x0,

    /* U+0037 "7" */
    0xff, 0xc0, 0x0, 0x0, 0x0, 0x3f, 0xff, 0xff,
    0x80, 0x0, 0xf, 0xff, 0xff, 0xff, 0xfe, 0x3,
    0xff, 0xff, 0xff, 0xff, 0xff, 0xff, 0xff, 0xff,
    0xff, 0xff, 0xff, 0xff, 0xff, 0xff, 0xff, 0xef,
    0xff, 0xff, 0xff, 0xff, 0xfb, 0xff, 0xff, 0xff,
    0xff, 0xfe, 0xff, 0xff, 0xff, 0xff, 0xff, 0x7,
    0xff, 0xff, 0xff, 0xff, 0xc0, 0x0, 0x1f, 0xff,
    0xff, 0xf0, 0x0, 0x0, 0x0, 0x7f, 0xf8, 0x0,
    0x0, 0x0, 0x1f, 0xfe, 0x0, 0x0, 0x0, 0xf,
    0xff, 0x0, 0x0, 0x0, 0x3, 0xff, 0xc0, 0x0,
    0x0, 0x0, 0xff, 0xf0, 0x0, 0x0, 0x0, 0x7f,
    0xf8, 0x0, 0x0, 0x0, 0x1f, 0xfe, 0x0, 0x0,
    0x0, 0x7, 0xff, 0x0, 0x0, 0x0, 0x3, 0xff,
    0xc0, 0x0, 0x0, 0x0, 0xff, 0xf0, 0x0, 0x0,
    0x0, 0x7f, 0xf8, 0x0, 0x0, 0x0, 0x1f, 0xfe,
    0x0, 0x0, 0x0, 0x7, 0xff, 0x80, 0x0, 0x0,
    0x3, 0xff, 0xc0, 0x0, 0x0, 0x0, 0xff, 0xf0,
    0x0, 0x0, 0x0, 0x3f, 0xf8, 0x0, 0x0, 0x0,
    0x1f, 0xfe, 0x0, 0x0, 0x0, 0x7, 0xff, 0x80,
    0x0, 0x0, 0x3, 0xff, 0xc0, 0x0, 0x0, 0x0,
    0xff, 0xf0, 0x0, 0x0, 0x0, 0x3f, 0xf8, 0x0,
    0x0, 0x0, 0x1f, 0xfe, 0x0, 0x0, 0x0, 0x7,
    0xff, 0x80, 0x0, 0x0, 0x1, 0xff, 0xc0, 0x0,
    0x0, 0x0, 0xff, 0xf0, 0x0, 0x0, 0x0, 0x3f,
    0xfc, 0x0, 0x0, 0x0, 0xf, 0xfe, 0x0, 0x0,
    0x0, 0x7, 0xff, 0x80, 0x0, 0x0, 0x1, 0xff,
    0xc0, 0x0, 0x0, 0x0, 0xff, 0xf0, 0x0, 0x0,
    0x0, 0x3f, 0xfc, 0x0, 0x0, 0x0, 0xf, 0xfe,
    0x0, 0x0, 0x0, 0x7, 0xff, 0x80, 0x0, 0x0,
    0x1, 0xff, 0xc0, 0x0, 0x0, 0x0, 0x7f, 0xf0,
    0x0, 0x0, 0x0, 0x3f, 0xfc, 0x0, 0x0, 0x0,
    0xf, 0xfe, 0x0, 0x0, 0x0, 0x7, 0xff, 0x80,
    0x0, 0x0, 0x1, 0xff, 0xe0, 0x0, 0x0, 0x0,
    0x7f, 0xf0, 0x0, 0x0, 0x0, 0x3f, 0xf8, 0x0,
    0x0,

    /* U+0038 "8" */
    0x0, 0x7f, 0xf8, 0x0, 0x0, 0x7f, 0xff, 0xf0,
    0x0, 0x1f, 0xff, 0xff, 0x80, 0x7, 0xff, 0xff,
    0xf8, 0x0, 0xff, 0xff, 0xff, 0x80, 0x3f, 0xff,
    0xff, 0xf8, 0x7, 0xff, 0xff, 0xff, 0x1, 0xff,
    0xff, 0xff, 0xf0, 0x3f, 0xfc, 0x1f, 0xfe, 0x7,
    0xfe, 0x0, 0xff, 0xc0, 0xff, 0xc0, 0x1f, 0xf0,
    0x1f, 0xfc, 0xf, 0xfe, 0x1, 0xff, 0xe3, 0xff,
    0x80, 0x3f, 0xff, 0xff, 0xe0, 0x3, 0xff, 0xff,
    0xf8, 0x0, 0x1f, 0xff, 0xfe, 0x0, 0x1, 0xff,
    0xff, 0xc0, 0x0, 0xf, 0xff, 0xfc, 0x0, 0x1,
    0xff, 0xff, 0xe0, 0x0, 0xff, 0xff, 0xfe, 0x0,
    0x7f, 0xff, 0xff, 0xe0, 0x1f, 0xff, 0xff, 0xfe,
    0x7, 0xff, 0xff, 0xff, 0xc1, 0xff, 0xff, 0x3f,
    0xfc, 0x7f, 0xff, 0x3, 0xff, 0x8f, 0xff, 0x80,
    0x3f, 0xf9, 0xff, 0xc0, 0x3, 0xff, 0x7f, 0xf0,
    0x0, 0x7f, 0xff, 0xfe, 0x0, 0xf, 0xff, 0xff,
    0x80, 0x1, 0xff, 0xff, 0xf0, 0x0, 0x7f, 0xff,
    0xfe, 0x0, 0xf, 0xff, 0xff, 0xe0, 0x3, 0xff,
    0xff, 0xff, 0x0, 0xff, 0xfb, 0xff, 0xff, 0xff,
    0xff, 0x3f, 0xff, 0xff, 0xff, 0xe7, 0xff, 0xff,
    0xff, 0xf8, 0x7f, 0xff, 0xff, 0xff, 0xf, 0xff,
    0xff, 0xff, 0xc0, 0xff, 0xff, 0xff, 0xf0, 0xf,
    0xff, 0xff, 0xfc, 0x0, 0xff, 0xff, 0xfe, 0x0,
    0x7, 0xff, 0xff, 0x0, 0x0, 0x1f, 0xfe, 0x0,
    0x0,

    /* U+0039 "9" */
    0x0, 0xf, 0xfe, 0x0, 0x0, 0x7f, 0xff, 0xe0,
    0x0, 0xff, 0xff, 0xfc, 0x1, 0xff, 0xff, 0xff,
    0x1, 0xff, 0xff, 0xff, 0xc0, 0xff, 0xff, 0xff,
    0xf0, 0xff, 0xff, 0xff, 0xf8, 0x7f, 0xff, 0xff,
    0xfe, 0x7f, 0xff, 0xff, 0xff, 0xbf, 0xff, 0xff,
    0xff, 0xdf, 0xff, 0x83, 0xff, 0xff, 0xff, 0x0,
    0x7f, 0xff, 0xff, 0x0, 0x3f, 0xff, 0xff, 0x80,
    0x1f, 0xff, 0xff, 0xc0, 0xf, 0xff, 0xff, 0xe0,
    0x7, 0xff, 0xff, 0xf0, 0x7, 0xff, 0x3f, 0xfc,
    0x7, 0xff, 0x9f, 0xff, 0xf, 0xff, 0xc7, 0xff,
    0xff, 0xff, 0xe3, 0xff, 0xff, 0xff, 0xe0, 0xff,
    0xff, 0xff, 0xf0, 0x3f, 0xff, 0xff, 0xf8, 0x1f,
    0xff, 0xff, 0xf8, 0x7, 0xff, 0xff, 0xfc, 0x1,
    0xff, 0xff, 0xfe, 0x0, 0x3f, 0xff, 0xfe, 0x0,
    0x7, 0xff, 0xff, 0x0, 0x0, 0x7, 0xff, 0x0,
    0x0, 0x7, 0xff, 0x80, 0x0, 0x3, 0xff, 0x80,
    0x0, 0x3, 0xff, 0xc0, 0x0, 0x1, 0xff, 0xc0,
    0x0, 0x1, 0xff, 0xe0, 0x0, 0x0, 0xff, 0xe0,
    0x0, 0x0, 0xff, 0xf0, 0x0, 0x0, 0x7f, 0xf0,
    0x0, 0x0, 0x7f, 0xf8, 0x0, 0x0, 0x3f, 0xf8,
    0x0, 0x0, 0x3f, 0xfc, 0x0, 0x0, 0x3f, 0xfc,
    0x0, 0x0, 0x1f, 0xfc, 0x0, 0x0, 0x1f, 0xfe,
    0x0, 0x0, 0xf, 0xfe, 0x0, 0x0, 0xf, 0xff,
    0x0, 0x0, 0xf, 0xff, 0x0, 0x0, 0x7, 0xff,
    0x0, 0x0, 0x7, 0xff, 0x80, 0x0, 0x3, 0xff,
    0x80, 0x0, 0x3, 0xff, 0x80, 0x0, 0x3, 0xff,
    0xc0, 0x0, 0x1, 0xff, 0xc0, 0x0, 0x1, 0xff,
    0xc0, 0x0, 0x0, 0xff, 0xc0, 0x0, 0x0, 0xff,
    0xc0, 0x0, 0x0, 0xff, 0xc0, 0x0, 0x0, 0x7f,
    0xc0, 0x0, 0x0, 0x7f, 0x80, 0x0, 0x0, 0x0,

    /* U+003A ":" */
    0x1e, 0x0, 0xfe, 0x1, 0xfe, 0x7, 0xfe, 0xf,
    0xfc, 0x1f, 0xf8, 0x3f, 0xf0, 0x3f, 0xc0, 0x7f,
    0x80, 0x3e, 0x0, 0x0, 0x0, 0x0, 0x0, 0x0,
    0x0, 0x0, 0x0, 0x0, 0x0, 0xf8, 0x3, 0xf8,
    0x7, 0xf8, 0x1f, 0xf8, 0x3f, 0xf0, 0x7f, 0xe0,
    0xff, 0xc0, 0xff, 0x1, 0xfe, 0x0, 0xf8,

    /* U+003B ";" */
    0x0, 0x7c, 0x0, 0x1f, 0xc0, 0x3, 0xfc, 0x0,
    0xff, 0xc0, 0x1f, 0xf8, 0x3, 0xff, 0x0, 0x7f,
    0xe0, 0x7, 0xf8, 0x0, 0xff, 0x0, 0x7, 0xc0,
    0x0, 0x0, 0x0, 0x0, 0x0, 0x0, 0x0, 0x0,
    0x0, 0x0, 0x0, 0x0, 0x0, 0x0, 0x0, 0x0,
    0x0, 0x0, 0x0, 0x0, 0xc, 0x0, 0x3, 0xf0,
    0x1, 0xfe, 0x0, 0x7f, 0x80, 0x1f, 0xe0, 0x7,
    0xf8, 0x3, 0xff, 0x0, 0xff, 0xc0, 0x3f, 0xf0,
    0xf, 0xfc, 0x7, 0xff, 0x80, 0xff, 0xe0, 0x3,
    0xf8, 0x0, 0xe, 0x0, 0x0, 0x40, 0x0,

    /* U+003C "<" */
    0x0, 0x0, 0x0, 0x4, 0x0, 0x0, 0x0, 0xe0,
    0x0, 0x0, 0xf, 0x80, 0x0, 0x1, 0xfe, 0x0,
    0x0, 0x1f, 0xf8, 0x0, 0x3, 0xff, 0xe0, 0x0,
    0x3f, 0xff, 0x80, 0x7, 0xff, 0xfe, 0x0, 0x7f,
    0xff, 0xf8, 0xf, 0xff, 0xff, 0x0, 0xff, 0xff,
    0xc0, 0x1f, 0xff, 0xf8, 0x0, 0x7f, 0xff, 0x0,
    0x0, 0x7f, 0xff, 0x80, 0x0, 0x7f, 0xff, 0xc0,
    0x0, 0x7f, 0xff, 0xe0, 0x0, 0x7f, 0xff, 0xf0,
    0x0, 0x7f, 0xff, 0x80, 0x0, 0x7f, 0xfe, 0x0,
    0x0, 0x7f, 0xf8, 0x0, 0x0, 0x7f, 0xe0, 0x0,
    0x0, 0x7f, 0x80, 0x0, 0x0, 0x7e, 0x0, 0x0,
    0x0, 0x78, 0x0, 0x0, 0x0, 0x40,

    /* U+003D "=" */
    0x0, 0x0, 0xf, 0x0, 0xff, 0xff, 0xff, 0xff,
    0xff, 0xff, 0xff, 0xfe, 0xff, 0xff, 0xfe, 0xff,
    0xff, 0xfe, 0xff, 0xff, 0xfe, 0xff, 0xff, 0xfe,
    0xff, 0xff, 0xfe, 0x0, 0x0, 0x0, 0x0, 0x0,
    0x0, 0x0, 0x3, 0xff, 0x1f, 0xff, 0xfe, 0xff,
    0xff, 0xfe, 0xff, 0xff, 0xfe, 0xff, 0xff, 0xfe,
    0xff, 0xff, 0xfe, 0xff, 0xff, 0xfe, 0xff, 0xff,
    0xfe,

    /* U+003E ">" */
    0x80, 0x0, 0x0, 0x7, 0x0, 0x0, 0x0, 0x3f,
    0x0, 0x0, 0x1, 0xfe, 0x0, 0x0, 0xf, 0xfe,
    0x0, 0x0, 0x3f, 0xfc, 0x0, 0x1, 0xff, 0xfc,
    0x0, 0xf, 0xff, 0xf8, 0x0, 0x7f, 0xff, 0xf8,
    0x0, 0x7f, 0xff, 0xf0, 0x0, 0x7f, 0xff, 0xf0,
    0x0, 0x7f, 0xff, 0xe0, 0x0, 0x7f, 0xff, 0x80,
    0x1f, 0xff, 0xe0, 0x3, 0xff, 0xfc, 0x0, 0xff,
    0xff, 0x80, 0x3f, 0xff, 0xf0, 0x1, 0xff, 0xfe,
    0x0, 0xf, 0xff, 0xc0, 0x0, 0x7f, 0xf8, 0x0,
    0x3, 0xff, 0x0, 0x0, 0xf, 0xe0, 0x0, 0x0,
    0x7c, 0x0, 0x0, 0x3, 0x80, 0x0, 0x0, 0x10,
    0x0, 0x0, 0x0,

    /* U+003F "?" */
    0x0, 0x0, 0x7f, 0xe0, 0x0, 0x3, 0xff, 0xfe,
    0x0, 0xf, 0xff, 0xff, 0xe0, 0x1f, 0xff, 0xff,
    0xfc, 0x7f, 0xff, 0xff, 0xff, 0xbf, 0xff, 0xff,
    0xff, 0xe7, 0xff, 0xff, 0xff, 0xfd, 0xff, 0xff,
    0xff, 0xff, 0x3f, 0xff, 0xff, 0xff, 0xcf, 0xff,
    0xff, 0xff, 0xf3, 0xff, 0xfc, 0xf, 0xf8, 0x7f,
    0xe0, 0x3, 0xfe, 0x1f, 0xc0, 0x0, 0xff, 0x7,
    0xc0, 0x0, 0x7f, 0xc0, 0xc0, 0x0, 0x3f, 0xe0,
    0x20, 0x0, 0x1f, 0xf0, 0x0, 0x0, 0xf, 0xf8,
    0x0, 0x0, 0x7, 0xfe, 0x0, 0x0, 0x3, 0xff,
    0x0, 0x0, 0x1, 0xff, 0x80, 0x0, 0x0, 0xff,
    0xc0, 0x0, 0x0, 0xff, 0xe0, 0x0, 0x3, 0xff,
    0xf0, 0x0, 0x0, 0xff, 0xf8, 0x0, 0x0, 0x1f,
    0xf8, 0x0, 0x0, 0x7, 0xfc, 0x0, 0x0, 0x1,
    0xfe, 0x0, 0x0, 0x0, 0x3e, 0x0, 0x0, 0x0,
    0xf, 0x0, 0x0, 0x0, 0x3, 0x0, 0x0, 0x0,
    0x0, 0x0, 0x0, 0x0, 0x0, 0x0, 0x0, 0x0,
    0x0, 0x0, 0x0, 0x0, 0x0, 0x0, 0x0, 0x0,
    0x0, 0x0, 0x0, 0x0, 0x0, 0x0, 0xf, 0x80,
    0x0, 0x0, 0x7, 0xf0, 0x0, 0x0, 0x1, 0xfe,
    0x0, 0x0, 0x0, 0xff, 0xc0, 0x0, 0x0, 0x3f,
    0xf0, 0x0, 0x0, 0xf, 0xfc, 0x0, 0x0, 0x3,
    0xff, 0x0, 0x0, 0x0, 0x7f, 0x80, 0x0, 0x0,
    0x1f, 0xe0, 0x0, 0x0, 0x1, 0xf0, 0x0, 0x0,

    /* U+0040 "@" */
    0x0, 0x7, 0xfc, 0x0, 0x0, 0x1, 0xff, 0xfe,
    0x0, 0x0, 0x3f, 0xff, 0xfc, 0x0, 0x7, 0xff,
    0xff, 0xf8, 0x0, 0xff, 0xff, 0xff, 0xe0, 0xf,
    0xff, 0xff, 0xff, 0xc0, 0x7f, 0xff, 0xff, 0xff,
    0x7, 0xff, 0xff, 0xff, 0xfc, 0x3f, 0xff, 0xff,
    0xff, 0xe3, 0xff, 0xff, 0xff, 0xff, 0x9f, 0xff,
    0xff, 0xff, 0xfc, 0xff, 0xff, 0xff, 0xff, 0xff,
    0xff, 0xff, 0xff, 0xff, 0xff, 0xff, 0xe3, 0xff,
    0xff, 0xff, 0xfe, 0x3, 0xff, 0xff, 0xff, 0xe0,
    0xf, 0xff, 0xff, 0xfe, 0x0, 0x7f, 0xff, 0xff,
    0xf0, 0x7f, 0xff, 0xff, 0xff, 0x7, 0xff, 0xff,
    0xff, 0xf8, 0x7f, 0xff, 0xff, 0xff, 0x83, 0xff,
    0xff, 0xff, 0xfc, 0x3f, 0xff, 0xfb, 0xff, 0xe3,
    0xff, 0xff, 0xdf, 0xff, 0x3f, 0xff, 0xfe, 0xff,
    0xf9, 0xff, 0xff, 0xe7, 0xff, 0xc3, 0xff, 0xff,
    0x1f, 0xff, 0xf, 0xff, 0xe0, 0xff, 0xf8, 0x1f,
    0xfe, 0x7, 0xff, 0xe0, 0x1f, 0xe0, 0x1f, 0xff,
    0xe0, 0x0, 0x0, 0xff, 0xff, 0xe0, 0x0, 0x3,
    0xff, 0xff, 0xe0, 0x0, 0xf, 0xff, 0xff, 0x0,
    0x0, 0x3f, 0xff, 0xf8, 0x0, 0x0, 0xff, 0xff,
    0x80, 0x0, 0x3, 0xff, 0xfc, 0x0, 0x0, 0xf,
    0xff, 0xe0, 0x0, 0x0, 0x3f, 0xff, 0x0, 0x0,
    0x0, 0x7f, 0xf8, 0x0, 0x0, 0x0, 0xff, 0xc0,
    0x0, 0x0, 0x0, 0x7c, 0x0, 0x0,

    /* U+0041 "A" */
    0x0, 0x0, 0x0, 0x20, 0x0, 0x0, 0x0, 0x0,
    0x0, 0x4, 0x0, 0x0, 0x0, 0x0, 0x0, 0x1,
    0xc0, 0x0, 0x0, 0x0, 0x0, 0x0, 0x38, 0x0,
    0x0, 0x0, 0x0, 0x0, 0xf, 0x0, 0x0, 0x0,
    0x0, 0x0, 0x1, 0xf0, 0x0, 0x0, 0x0, 0x0,
    0x0, 0x7e, 0x0, 0x0, 0x0, 0x0, 0x0, 0xf,
    0xe0, 0x0, 0x0, 0x0, 0x0, 0x3, 0xfc, 0x0,
    0x0, 0x0, 0x0, 0x0, 0x7f, 0x80, 0x0, 0x0,
    0x0, 0x0, 0x1f, 0xf8, 0x0, 0x0, 0x0, 0x0,
    0x3, 0xff, 0x0, 0x0, 0x0, 0x0, 0x0, 0xff,
    0xf0, 0x0, 0x0, 0x0, 0x0, 0x1f, 0xfe, 0x0,
    0x0, 0x0, 0x0, 0x7, 0xff, 0xe0, 0x0, 0x0,
    0x0, 0x0, 0xff, 0xfc, 0x0, 0x0, 0x0, 0x0,
    0x3f, 0xff, 0x80, 0x0, 0x0, 0x0, 0x7, 0xff,
    0xf8, 0x0, 0x0, 0x0, 0x1, 0xff, 0x7f, 0x0,
    0x0, 0x0, 0x0, 0x3f, 0xcf, 0xf0, 0x0, 0x0,
    0x0, 0xf, 0xf9, 0xfe, 0x0, 0x0, 0x0, 0x1,
    0xff, 0x1f, 0xc0, 0x0, 0x0, 0x0, 0x7f, 0xc3,
    0xfc, 0x0, 0x0, 0x0, 0xf, 0xf8, 0x7f, 0x80,
    0x0, 0x0, 0x3, 0xff, 0xf, 0xf8, 0x0, 0x0,
    0x0, 0x7f, 0xc0, 0xff, 0x0, 0x0, 0x0, 0x1f,
    0xff, 0xdf, 0xf0, 0x0, 0x0, 0x3, 0xff, 0xff,
    0xfe, 0x0, 0x0, 0x0, 0xff, 0xff, 0xff, 0xc0,
    0x0, 0x0, 0x1f, 0xff, 0xff, 0xfc, 0x0, 0x0,
    0x7, 0xff, 0xff, 0xff, 0x80, 0x0, 0x0, 0xff,
    0xff, 0xff, 0xf8, 0x0, 0x0, 0x3f, 0xfc, 0x7,
    0xff, 0x0, 0x0, 0x7, 0xff, 0x80, 0xff, 0xe0,
    0x0, 0x1, 0xff, 0xe0, 0xf, 0xfe, 0x0, 0x0,
    0x3f, 0xfc, 0x1, 0xff, 0xc0, 0x0, 0xf, 0xff,
    0x0, 0x1f, 0xfc, 0x0, 0x1, 0xff, 0xe0, 0x3,
    0xff, 0x80, 0x0, 0x7f, 0xf8, 0x0, 0x3f, 0xf0,
    0x0, 0xf, 0xff, 0x0, 0x7, 0xff, 0x0, 0x3,
    0xff, 0xc0, 0x0, 0xff, 0xe0, 0x0, 0x7f, 0xf8,
    0x0, 0xf, 0xfe, 0x0, 0x1f, 0xfe, 0x0, 0x1,
    0xff, 0xc0, 0x3, 0xff, 0xc0, 0x0, 0x1f, 0xfc,
    0x0, 0xff, 0xf8, 0x0, 0x3, 0xff, 0x80, 0x1f,
    0xfe, 0x0, 0x0, 0x3f, 0xf0, 0x7, 0xff, 0xc0,
    0x0, 0x7, 0xff, 0x0, 0xff, 0xf0, 0x0, 0x0,
    0xff, 0xe0, 0x3f, 0xfe, 0x0, 0x0, 0xf, 0xfe,
    0x7, 0xff, 0x80, 0x0, 0x1, 0xff, 0xc1, 0xff,
    0xf0, 0x0, 0x0, 0x1f, 0xf8, 0x3f, 0xfc, 0x0,
    0x0, 0x3, 0xff, 0x8f, 0xff, 0x80, 0x0, 0x0,
    0x3f, 0xf0, 0x0, 0x0, 0x0, 0x0, 0x7, 0xff,
    0x0, 0x0, 0x0, 0x0, 0x0, 0xff, 0xe0, 0x0,
    0x0, 0x0, 0x0, 0xf, 0xfe, 0x0, 0x0, 0x0,
    0x0, 0x1, 0xff, 0xc0, 0x0, 0x0, 0x0, 0x0,
    0x1f, 0xf8, 0x0, 0x0, 0x0, 0x0, 0x3, 0xf8,
    0x0,

    /* U+0042 "B" */
    0x0, 0x0, 0xff, 0xc0, 0x0, 0x0, 0x7f, 0xff,
    0xe0, 0x0, 0x1f, 0xff, 0xff, 0xc0, 0x3, 0xff,
    0xff, 0xff, 0x80, 0xff, 0xff, 0xff, 0xff, 0x3,
    0xff, 0xff, 0xff, 0xfe, 0xf, 0xff, 0xff, 0xff,
    0xf8, 0x1f, 0xff, 0xff, 0xff, 0xe0, 0x7f, 0xff,
    0xc0, 0xff, 0x80, 0xff, 0xf8, 0x1, 0xfc, 0x3,
    0xff, 0xe0, 0x7, 0xf0, 0xf, 0xff, 0x80, 0x3f,
    0x80, 0x1f, 0xff, 0x0, 0xfe, 0x0, 0x6f, 0xfc,
    0x7, 0xf0, 0x1, 0x9f, 0xf0, 0x3f, 0x80, 0x0,
    0x7f, 0xc1, 0xfe, 0x0, 0x1, 0xff, 0xf, 0xfc,
    0x0, 0x7, 0xfe, 0x7f, 0xfc, 0x0, 0xf, 0xfb,
    0xff, 0xf8, 0x0, 0x3f, 0xff, 0xff, 0xf0, 0x0,
    0xff, 0xff, 0xff, 0xc0, 0x3, 0xff, 0xff, 0xff,
    0x80, 0x7, 0xff, 0xff, 0xff, 0x0, 0x1f, 0xff,
    0x1f, 0xfc, 0x0, 0x7f, 0xf0, 0x3f, 0xf8, 0x1,
    0xff, 0xc0, 0x7f, 0xe0, 0x3, 0xff, 0x1, 0xff,
    0xc0, 0xf, 0xfc, 0x7, 0xff, 0x0, 0x3f, 0xf0,
    0x1f, 0xfc, 0x0, 0xff, 0xc0, 0xff, 0xf0, 0x1,
    0xff, 0x7, 0xff, 0xc0, 0x7, 0xfc, 0x7f, 0xff,
    0x0, 0x1f, 0xff, 0xff, 0xf8, 0x0, 0x7f, 0xff,
    0xff, 0xe0, 0x0, 0xff, 0xff, 0xff, 0x0, 0x3,
    0xff, 0xff, 0xfc, 0x0, 0xf, 0xff, 0xff, 0xe0,
    0x0, 0x3f, 0xff, 0xff, 0x0, 0x0, 0x7f, 0xff,
    0xf0, 0x0, 0x1, 0xff, 0xff, 0x80, 0x0, 0x7,
    0xff, 0xf8, 0x0, 0x0, 0x1f, 0xff, 0x0, 0x0,
    0x0, 0x3f, 0xe0, 0x0, 0x0, 0x0, 0xf8, 0x0,
    0x0, 0x0, 0x2, 0x0, 0x0, 0x0,

    /* U+0043 "C" */
    0x0, 0xf, 0xfc, 0x0, 0x0, 0x3, 0xff, 0xfc,
    0x0, 0x1, 0xff, 0xff, 0xf0, 0x0, 0x7f, 0xff,
    0xff, 0xc0, 0xf, 0xff, 0xff, 0xff, 0x1, 0xff,
    0xff, 0xff, 0xf8, 0x3f, 0xff, 0xff, 0xff, 0xc3,
    0xff, 0xff, 0xff, 0xfe, 0x7f, 0xff, 0xff, 0xff,
    0xe7, 0xff, 0xff, 0xff, 0xff, 0x7f, 0xff, 0xff,
    0xff, 0xe7, 0xff, 0xff, 0xff, 0xf8, 0xff, 0xff,
    0xff, 0xff, 0xf, 0xff, 0xff, 0xff, 0xc0, 0xff,
    0xff, 0x3, 0xf8, 0xf, 0xff, 0xe0, 0xe, 0x0,
    0xff, 0xfc, 0x0, 0x0, 0xf, 0xff, 0xc0, 0x0,
    0x0, 0xff, 0xf8, 0x0, 0x0, 0xf, 0xff, 0x80,
    0x0, 0x0, 0xff, 0xf8, 0x0, 0x0, 0xf, 0xff,
    0x80, 0x0, 0x0, 0xff, 0xf8, 0x0, 0x60, 0xf,
    0xff, 0x80, 0xf, 0x0, 0xff, 0xfc, 0x0, 0xf8,
    0xf, 0xff, 0xc0, 0x3f, 0xc0, 0x7f, 0xff, 0xf,
    0xfe, 0x7, 0xff, 0xff, 0xff, 0xf8, 0x7f, 0xff,
    0xff, 0xff, 0xc3, 0xff, 0xff, 0xff, 0xfc, 0x3f,
    0xff, 0xff, 0xff, 0xc3, 0xff, 0xff, 0xff, 0xf8,
    0x1f, 0xff, 0xff, 0xff, 0x81, 0xff, 0xff, 0xff,
    0xf0, 0xf, 0xff, 0xff, 0xfe, 0x0, 0xff, 0xff,
    0xff, 0xe0, 0x7, 0xff, 0xff, 0xfc, 0x0, 0x3f,
    0xff, 0xff, 0x0, 0x0, 0xff, 0xff, 0xc0, 0x0,
    0x1, 0xff, 0x80, 0x0,

    /* U+0044 "D" */
    0x0, 0x3, 0xff, 0x0, 0x0, 0x1f, 0xff, 0xfc,
    0x0, 0x3f, 0xff, 0xff, 0xe0, 0x3f, 0xff, 0xff,
    0xfe, 0xf, 0xff, 0xff, 0xff, 0xe1, 0xff, 0xff,
    0xff, 0xfc, 0x1f, 0xff, 0xff, 0xff, 0xc3, 0xff,
    0xff, 0xff, 0xf8, 0x7f, 0xff, 0xff, 0xff, 0x8f,
    0xff, 0xf0, 0x7f, 0xf1, 0xff, 0xfc, 0x7, 0xff,
    0x1f, 0xff, 0x80, 0x7f, 0xe3, 0xff, 0xf0, 0xf,
    0xfc, 0x77, 0xfe, 0x0, 0xff, 0x84, 0xff, 0xc0,
    0x1f, 0xf8, 0x1f, 0xf8, 0x3, 0xff, 0x3, 0xff,
    0x0, 0x7f, 0xe0, 0x7f, 0xe0, 0xf, 0xfc, 0xf,
    0xfc, 0x1, 0xff, 0x81, 0xff, 0x80, 0x3f, 0xf0,
    0x3f, 0xf0, 0x7, 0xfe, 0x7, 0xfe, 0x0, 0xff,
    0xc0, 0x7f, 0xe0, 0x1f, 0xf8, 0xf, 0xfc, 0x3,
    0xff, 0x1, 0xff, 0x80, 0x7f, 0xe0, 0x3f, 0xf0,
    0x1f, 0xfc, 0x7, 0xfe, 0x3, 0xff, 0x0, 0xff,
    0xc0, 0x7f, 0xe0, 0x1f, 0xf8, 0x1f, 0xfc, 0x3,
    0xff, 0x7, 0xff, 0x80, 0x7f, 0xe3, 0xff, 0xe0,
    0xf, 0xfc, 0xff, 0xfc, 0x0, 0xff, 0xff, 0xff,
    0x0, 0x1f, 0xff, 0xff, 0xe0, 0x3, 0xff, 0xff,
    0xf8, 0x0, 0x7f, 0xff, 0xfe, 0x0, 0xf, 0xff,
    0xff, 0x80, 0x1, 0xff, 0xff, 0xe0, 0x0, 0x3f,
    0xff, 0xf8, 0x0, 0x7, 0xff, 0xfe, 0x0, 0x0,
    0xff, 0xff, 0x80, 0x0, 0xf, 0xff, 0x80, 0x0,
    0x1, 0xff, 0x0, 0x0, 0x0, 0x38, 0x0, 0x0,
    0x0,

    /* U+0045 "E" */
    0x0, 0x0, 0x0, 0xfc, 0x0, 0x0, 0x0, 0x3f,
    0xfe, 0x0, 0x0, 0x7, 0xff, 0xff, 0x0, 0x1,
    0xff, 0xff, 0xff, 0x80, 0xf, 0xff, 0xff, 0xff,
    0xc0, 0x7, 0xff, 0xff, 0xff, 0xe0, 0x3, 0xff,
    0xff, 0xff, 0xf0, 0x1, 0xff, 0xff, 0xff, 0xf8,
    0x0, 0xff, 0xff, 0xff, 0xfc, 0x0, 0x7f, 0xff,
    0xff, 0xfe, 0x0, 0x3f, 0xff, 0xff, 0xfe, 0x0,
    0x1f, 0xff, 0xff, 0xc0, 0x0, 0xf, 0xff, 0xf8,
    0x0, 0x0, 0x7, 0xff, 0xc0, 0x0, 0x0, 0x3,
    0xff, 0xe0, 0x0, 0x0, 0x1, 0x3f, 0xf0, 0x0,
    0x0, 0x0, 0x1f, 0xf8, 0x0, 0x0, 0x0, 0xf,
    0xfc, 0x0, 0x0, 0x0, 0x7, 0xfe, 0x0, 0x7,
    0x80, 0x3, 0xff, 0x0, 0xff, 0xc0, 0x1, 0xff,
    0xbf, 0xff, 0xe0, 0x0, 0xff, 0xff, 0xff, 0xf0,
    0x0, 0x7f, 0xff, 0xff, 0xf8, 0x0, 0x3f, 0xff,
    0xff, 0xfc, 0x0, 0x1f, 0xff, 0xff, 0xfe, 0x0,
    0x7, 0xff, 0xff, 0xff, 0x0, 0x3, 0xff, 0xff,
    0xff, 0x80, 0x1, 0xff, 0xff, 0xfc, 0x0, 0x0,
    0xff, 0xff, 0xc0, 0x0, 0x0, 0x7f, 0xfc, 0x0,
    0x0, 0x0, 0x3f, 0xf8, 0x0, 0x0, 0x0, 0x1f,
    0xfc, 0x0, 0x0, 0x0, 0xf, 0xfe, 0x0, 0x0,
    0x0, 0x7, 0xff, 0x0, 0x0, 0x0, 0x3, 0xff,
    0x80, 0x0, 0x0, 0x1, 0xff, 0xc0, 0x0, 0x0,
    0x0, 0xff, 0xe0, 0x0, 0x0, 0x0, 0x7f, 0xf0,
    0x0, 0x0, 0x0, 0x3f, 0xf8, 0x0, 0x0, 0x0,
    0x1f, 0xfc, 0x0, 0x0, 0x0, 0xf, 0xfe, 0x0,
    0x0, 0x0, 0x7, 0xff, 0x0, 0x0, 0x0, 0x3,
    0xff, 0xff, 0xff, 0x80, 0x1, 0xff, 0xff, 0xff,
    0xff, 0xf0, 0x7f, 0xff, 0xff, 0xff, 0xf8, 0x3f,
    0xff, 0xff, 0xff, 0xfc, 0x1f, 0xff, 0xff, 0xff,
    0xfe, 0xf, 0xff, 0xff, 0xff, 0xff, 0x7, 0xff,
    0xff, 0xff, 0xff, 0x83, 0xff, 0xff, 0xff, 0xff,
    0xc1, 0xff, 0xff, 0xff, 0xff, 0xe0, 0xff, 0xff,
    0xff, 0xff, 0xf0, 0x0, 0x1, 0xff, 0xff, 0xf8,
    0x0, 0x0, 0x0, 0x0, 0xc,

    /* U+0046 "F" */
    0x0, 0x0, 0x0, 0x4, 0x0, 0x0, 0xf, 0xf0,
    0x0, 0x1f, 0xff, 0xc0, 0x3f, 0xff, 0xff, 0x7f,
    0xff, 0xff, 0xff, 0xff, 0xff, 0xff, 0xff, 0xff,
    0xff, 0xff, 0xff, 0xff, 0xff, 0xff, 0xff, 0xff,
    0xff, 0xff, 0xff, 0xff, 0xff, 0xff, 0xff, 0xff,
    0xff, 0xff, 0xff, 0xff, 0xf8, 0xff, 0xff, 0xf8,
    0x3, 0xff, 0xf8, 0x0, 0xf, 0xff, 0xc0, 0x0,
    0x3f, 0xff, 0x0, 0x0, 0x1f, 0xfc, 0x0, 0x0,
    0x7f, 0xf0, 0x0, 0x1, 0xff, 0xc0, 0x0, 0x7,
    0xff, 0x0, 0x8, 0x1f, 0xfc, 0x1f, 0xe0, 0x7f,
    0xff, 0xff, 0x80, 0xff, 0xff, 0xfe, 0x3, 0xff,
    0xff, 0xf8, 0xf, 0xff, 0xff, 0xe0, 0x3f, 0xff,
    0xff, 0x80, 0xff, 0xff, 0xfe, 0x3, 0xff, 0xff,
    0xf8, 0xf, 0xff, 0xff, 0x80, 0x3f, 0xff, 0xc0,
    0x0, 0xff, 0xe0, 0x0, 0x3, 0xff, 0x80, 0x0,
    0xf, 0xfe, 0x0, 0x0, 0x3f, 0xf8, 0x0, 0x0,
    0xff, 0xe0, 0x0, 0x3, 0xff, 0x80, 0x0, 0xf,
    0xfe, 0x0, 0x0, 0x3f, 0xf8, 0x0, 0x0, 0xff,
    0xe0, 0x0, 0x3, 0xff, 0x80, 0x0, 0xf, 0xfe,
    0x0, 0x0, 0x1f, 0xf8, 0x0, 0x0, 0x7f, 0xe0,
    0x0, 0x1, 0xff, 0x80, 0x0, 0x7, 0xfe, 0x0,
    0x0, 0x1f, 0xfc, 0x0, 0x0, 0x7f, 0xf0, 0x0,
    0x1, 0xff, 0xc0, 0x0, 0x7, 0xff, 0x0, 0x0,
    0x1f, 0xfc, 0x0, 0x0, 0x7f, 0xf0, 0x0, 0x1,
    0xff, 0xc0, 0x0, 0x7, 0xff, 0x0, 0x0,

    /* U+0047 "G" */
    0x0, 0xf, 0xfc, 0x0, 0x0, 0x3, 0xff, 0xfc,
    0x0, 0x1, 0xff, 0xff, 0xf0, 0x0, 0x7f, 0xff,
    0xff, 0xc0, 0xf, 0xff, 0xff, 0xff, 0x1, 0xff,
    0xff, 0xff, 0xf8, 0x3f, 0xff, 0xff, 0xff, 0xc3,
    0xff, 0xff, 0xff, 0xfe, 0x7f, 0xff, 0xff, 0xff,
    0xe7, 0xff, 0xff, 0xff, 0xff, 0x7f, 0xff, 0xff,
    0xff, 0xe7, 0xff, 0xff, 0xff, 0xf8, 0xff, 0xff,
    0xff, 0xff, 0xf, 0xff, 0xff, 0xff, 0xc0, 0xff,
    0xff, 0x3, 0xf8, 0xf, 0xff, 0xe0, 0xe, 0x0,
    0xff, 0xfc, 0x0, 0x0, 0xf, 0xff, 0xc0, 0x0,
    0x0, 0xff, 0xf8, 0x0, 0x0, 0xf, 0xff, 0x80,
    0x60, 0x0, 0xff, 0xf8, 0x7, 0xc0, 0xf, 0xff,
    0x80, 0xff, 0x0, 0xff, 0xf8, 0xf, 0xfe, 0xf,
    0xff, 0x81, 0xff, 0xf8, 0xff, 0xfc, 0x1f, 0xff,
    0xef, 0xff, 0xe1, 0xff, 0xfe, 0x7f, 0xff, 0xf,
    0xff, 0xe7, 0xff, 0xff, 0xff, 0xfe, 0x7f, 0xff,
    0xff, 0xff, 0xe3, 0xff, 0xff, 0xff, 0xfe, 0x3f,
    0xff, 0xff, 0xff, 0xc3, 0xff, 0xff, 0xff, 0xfc,
    0x1f, 0xff, 0xff, 0xff, 0xc1, 0xff, 0xff, 0xff,
    0xfc, 0xf, 0xff, 0xff, 0xff, 0xc0, 0xff, 0xff,
    0xff, 0xfc, 0x7, 0xff, 0xff, 0xff, 0xc0, 0x3f,
    0xff, 0xff, 0xfc, 0x0, 0xff, 0xff, 0xff, 0x80,
    0x1, 0xff, 0xdf, 0xf8, 0x0, 0x0, 0x1, 0xff,
    0x80, 0x0, 0x0, 0x3f, 0xf8, 0x0, 0x0, 0x3,
    0xff, 0x80, 0x0, 0x0, 0x3f, 0xf8, 0x0, 0x0,
    0x7, 0xff, 0x80, 0x0, 0x0, 0x7f, 0xf8, 0x0,
    0x0, 0x7, 0xff, 0x80, 0x0, 0x0, 0xff, 0xf0,
    0x0, 0x0, 0xf, 0xff, 0x0, 0x0, 0x0, 0xff,
    0xf0, 0x0, 0x0, 0x0, 0xf, 0x0,

    /* U+0048 "H" */
    0xf0, 0x0, 0x0, 0x0, 0x1f, 0xff, 0xe0, 0x0,
    0x3, 0xff, 0xfe, 0x0, 0x0, 0x7f, 0xff, 0xc7,
    0xff, 0x8f, 0xff, 0xf8, 0xff, 0xf9, 0xff, 0xff,
    0x1f, 0xff, 0x1f, 0xff, 0xe3, 0xff, 0xe0, 0x7f,
    0xfc, 0x7f, 0xfc, 0xf, 0xff, 0x8f, 0xff, 0x81,
    0xff, 0xf1, 0xff, 0xf0, 0x3f, 0xfe, 0x3f, 0xfe,
    0x7, 0xff, 0xc7, 0xff, 0xc0, 0xff, 0xf8, 0xff,
    0xf8, 0x1f, 0xff, 0x1f, 0xff, 0x3, 0xff, 0xe3,
    0xff, 0xe0, 0x7f, 0xfc, 0x7f, 0xfc, 0xf, 0xff,
    0x8f, 0xff, 0x80, 0xff, 0xf1, 0xff, 0xf0, 0x1f,
    0xff, 0xff, 0xfe, 0x3, 0xff, 0xff, 0xff, 0xc0,
    0x7f, 0xff, 0xff, 0xf8, 0xf, 0xff, 0xff, 0xff,
    0x1, 0xff, 0xff, 0xff, 0xe0, 0x3f, 0xff, 0xff,
    0xfc, 0x7, 0xff, 0xff, 0xff, 0x80, 0xff, 0xff,
    0xff, 0xf8, 0x1f, 0xff, 0xff, 0xff, 0x3, 0xff,
    0xff, 0xff, 0xe0, 0x7f, 0xfd, 0xff, 0xfc, 0xf,
    0xff, 0x8f, 0xff, 0x81, 0xff, 0xf1, 0xff, 0xf0,
    0x3f, 0xfe, 0x1f, 0xfe, 0x7, 0xff, 0xc3, 0xff,
    0xc0, 0xff, 0xf8, 0x7f, 0xf8, 0x1f, 0xff, 0xf,
    0xff, 0x3, 0xff, 0xe1, 0xff, 0xe0, 0x7f, 0xfc,
    0x3f, 0xfc, 0xf, 0xff, 0x87, 0xff, 0x81, 0xff,
    0xf0, 0xff, 0xf0, 0x3f, 0xfe, 0xf, 0xfe, 0x7,
    0xff, 0xc1, 0xff, 0xc0, 0xff, 0xf8, 0x3f, 0xf8,
    0x1f, 0xff, 0x7, 0xff, 0x3, 0xff, 0xe0, 0xff,
    0xe0, 0x7f, 0xfc, 0x1f, 0xfc, 0xf, 0xff, 0x83,
    0xff, 0x81, 0xff, 0xf0, 0x3f, 0xf8, 0x3f, 0xfe,
    0x7, 0xff, 0x7, 0xff, 0xc0, 0xff, 0xe0, 0xff,
    0xf8, 0x1f, 0xfc, 0x1f, 0xff, 0x3, 0xff, 0x81,
    0xff, 0xe0, 0x7f, 0xf0, 0x3f, 0xfc, 0xf, 0xfe,
    0x7, 0xff, 0x81, 0xff, 0xc0, 0x0, 0x0, 0x1f,
    0xf8, 0x0, 0x0, 0x3, 0xff, 0x0, 0x0, 0x0,
    0x7f, 0xe0, 0x0, 0x0, 0xf, 0xfc,

    /* U+0049 "I" */
    0x0, 0x0, 0x0, 0x7c, 0x0, 0x0, 0x7f, 0xf8,
    0x0, 0x7f, 0xff, 0xf0, 0x7f, 0xff, 0xff, 0xef,
    0xff, 0xff, 0xff, 0xdf, 0xff, 0xff, 0xff, 0xbf,
    0xff, 0xff, 0xff, 0x7f, 0xff, 0xff, 0xfe, 0xff,
    0xff, 0xff, 0xfd, 0xff, 0xff, 0xff, 0xfb, 0xff,
    0xff, 0xff, 0xe7, 0xff, 0xff, 0xf8, 0xf, 0xff,
    0xff, 0x0, 0x1f, 0xff, 0xfe, 0x0, 0x3f, 0x8f,
    0xfc, 0x0, 0x40, 0x1f, 0xf8, 0x0, 0x0, 0x3f,
    0xf0, 0x0, 0x0, 0x7f, 0xe0, 0x0, 0x0, 0xff,
    0xc0, 0x0, 0x1, 0xff, 0x80, 0x0, 0x3, 0xff,
    0x0, 0x0, 0x7, 0xfe, 0x0, 0x0, 0xf, 0xf8,
    0x0, 0x0, 0x1f, 0xf0, 0x0, 0x0, 0x3f, 0xe0,
    0x0, 0x0, 0x7f, 0xc0, 0x0, 0x0, 0xff, 0x80,
    0x0, 0x1, 0xff, 0x0, 0x0, 0x3, 0xfe, 0x0,
    0x0, 0x7, 0xfc, 0x0, 0x0, 0xf, 0xf8, 0x0,
    0x0, 0x1f, 0xf0, 0x0, 0x0, 0x3f, 0xe0, 0x0,
    0x0, 0x7f, 0xc0, 0x0, 0x0, 0xff, 0xff, 0xf9,
    0xff, 0xff, 0xff, 0xf3, 0xff, 0xff, 0xff, 0xe7,
    0xff, 0xff, 0xff, 0xcf, 0xff, 0xff, 0xff, 0x9f,
    0xff, 0xff, 0xff, 0x3f, 0xff, 0xff, 0xfe, 0x7f,
    0xff, 0xff, 0xfc, 0xff, 0xff, 0xff, 0xfb, 0xff,
    0xff, 0xff, 0xf0,

    /* U+004A "J" */
    0x0, 0x0, 0x3, 0xc0, 0x0, 0x0, 0x0, 0x3f,
    0xfe, 0x0, 0x0, 0x3, 0xff, 0xe0, 0x0, 0x0,
    0x3f, 0xfe, 0x0, 0x0, 0x3, 0xff, 0xe0, 0x0,
    0x0, 0x3f, 0xfe, 0x0, 0x0, 0x3, 0xff, 0xf0,
    0x0, 0x0, 0x3f, 0xff, 0x0, 0x0, 0x3, 0xff,
    0xf0, 0x0, 0x0, 0x3f, 0xff, 0x0, 0x0, 0x3,
    0xff, 0xf0, 0x0, 0x0, 0x3f, 0xff, 0x0, 0x0,
    0x3, 0xff, 0xf0, 0x0, 0x0, 0x3f, 0xff, 0x0,
    0x0, 0x3, 0xff, 0xf0, 0x0, 0x0, 0x3f, 0xff,
    0x0, 0x0, 0x3, 0xff, 0xf0, 0x0, 0x0, 0x3f,
    0xff, 0x0, 0x0, 0x3, 0xff, 0xf0, 0x0, 0x0,
    0x3f, 0xff, 0x0, 0x0, 0x3, 0xff, 0xf0, 0x0,
    0x0, 0x3f, 0xff, 0x0, 0x0, 0x3, 0xff, 0xf0,
    0x3, 0xc0, 0x3f, 0xff, 0x3, 0xfc, 0x3, 0xff,
    0xf3, 0xff, 0xc0, 0x3f, 0xff, 0x7f, 0xfc, 0x3,
    0xff, 0xf7, 0xff, 0xc0, 0x3f, 0xff, 0x7f, 0xfc,
    0x3, 0xff, 0xf7, 0xff, 0xc0, 0x7f, 0xfe, 0x7f,
    0xfc, 0x7, 0xff, 0xe7, 0xff, 0xc0, 0x7f, 0xfe,
    0xff, 0xfe, 0x7, 0xff, 0xe7, 0xff, 0xf0, 0xff,
    0xfe, 0x7f, 0xff, 0x9f, 0xff, 0xe7, 0xff, 0xff,
    0xff, 0xfc, 0x7f, 0xff, 0xff, 0xff, 0xc7, 0xff,
    0xff, 0xff, 0xfc, 0x3f, 0xff, 0xff, 0xff, 0x83,
    0xff, 0xff, 0xff, 0xf0, 0x1f, 0xff, 0xff, 0xff,
    0x1, 0xff, 0xff, 0xff, 0xe0, 0xf, 0xff, 0xff,
    0xfc, 0x0, 0x7f, 0xff, 0xff, 0x80, 0x1, 0xff,
    0xff, 0xe0, 0x0, 0xf, 0xff, 0xfc, 0x0, 0x0,
    0x7f, 0xff, 0x80, 0x0, 0x0, 0xff, 0xc0, 0x0,

    /* U+004B "K" */
    0x0, 0x0, 0x0, 0x0, 0x0, 0x0, 0x3, 0x81,
    0x0, 0x0, 0x0, 0x1, 0xf0, 0x30, 0x0, 0x0,
    0x0, 0xfe, 0xf, 0x0, 0x0, 0x0, 0xff, 0xc3,
    0xf0, 0x0, 0x0, 0x7f, 0xf8, 0xff, 0x80, 0x0,
    0x1f, 0xff, 0x3f, 0xf8, 0x0, 0x3, 0xff, 0xef,
    0xff, 0x80, 0x0, 0x7f, 0xff, 0xff, 0xf8, 0x0,
    0xf, 0xff, 0xff, 0xfe, 0x0, 0x1, 0xff, 0xff,
    0xff, 0xc0, 0x0, 0x47, 0xff, 0xff, 0xf0, 0x0,
    0x0, 0xff, 0xff, 0xfc, 0x0, 0x0, 0x1f, 0xff,
    0xff, 0x80, 0x0, 0x3, 0xff, 0xff, 0xe0, 0x0,
    0x0, 0x7f, 0xff, 0xf8, 0x0, 0x0, 0xf, 0xff,
    0xfe, 0x0, 0x0, 0x1, 0xff, 0xff, 0xc0, 0x0,
    0x0, 0x3f, 0xff, 0xf0, 0x0, 0x0, 0x7, 0xff,
    0xfc, 0x0, 0x0, 0x0, 0xff, 0xff, 0x80, 0x0,
    0x0, 0xf, 0xff, 0xe0, 0x0, 0x0, 0x1, 0xff,
    0xf8, 0x0, 0x0, 0x0, 0x3f, 0xff, 0x0, 0x0,
    0x0, 0x7, 0xff, 0xc0, 0x0, 0x0, 0x0, 0xff,
    0xf0, 0x0, 0x0, 0x0, 0x1f, 0xff, 0x0, 0x0,
    0x0, 0x3, 0xff, 0xf0, 0x0, 0x0, 0x0, 0x7f,
    0xff, 0x80, 0x0, 0x0, 0xf, 0xff, 0xf8, 0x0,
    0x0, 0x1, 0xff, 0xff, 0x80, 0x0, 0x0, 0x3f,
    0xff, 0xfc, 0x0, 0x0, 0x7, 0xff, 0xff, 0xc0,
    0x0, 0x0, 0xff, 0xff, 0xfc, 0x0, 0x0, 0x1f,
    0xff, 0xff, 0xe0, 0x0, 0x3, 0xff, 0xff, 0xfe,
    0x0, 0x0, 0x7f, 0xff, 0xff, 0xe0, 0x0, 0xf,
    0xff, 0xff, 0xff, 0x0, 0x1, 0xff, 0xff, 0xff,
    0xf0, 0x0, 0x3f, 0xff, 0xff, 0xff, 0x0, 0x3,
    0xff, 0xff, 0xff, 0xf8, 0x0, 0x7f, 0xfb, 0xff,
    0xff, 0x80, 0xf, 0xff, 0x3f, 0xff, 0xf8, 0x1,
    0xff, 0xe1, 0xff, 0xff, 0xc0, 0x3f, 0xfc, 0xf,
    0xff, 0xfc, 0x7, 0xff, 0x80, 0x7f, 0xff, 0xc0,
    0xff, 0xf0, 0x3, 0xff, 0xf8, 0x1f, 0xfe, 0x0,
    0x3f, 0xff, 0x3, 0xff, 0xc0, 0x1, 0xff, 0xe0,
    0x7f, 0xf8, 0x0, 0xf, 0xfc, 0xf, 0xff, 0x0,
    0x0, 0x7f, 0x81, 0xff, 0xe0, 0x0, 0x3, 0xf0,
    0x3f, 0xfc, 0x0, 0x0, 0x3e, 0x0, 0x0, 0x0,
    0x0, 0x1, 0xc0, 0x0, 0x0, 0x0, 0x0, 0x8,

    /* U+004C "L" */
    0x0, 0x4, 0x0, 0x0, 0x0, 0x0, 0x7, 0x0,
    0x0, 0x0, 0x0, 0xf, 0xc0, 0x0, 0x0, 0x0,
    0xf, 0xf0, 0x0, 0x0, 0x0, 0xf, 0xfc, 0x0,
    0x0, 0x0, 0xf, 0xff, 0x0, 0x0, 0x0, 0x7,
    0xff, 0xc0, 0x0, 0x0, 0x1, 0xff, 0xf8, 0x0,
    0x0, 0x0, 0x7f, 0xfe, 0x0, 0x0, 0x0, 0x1f,
    0xff, 0x80, 0x0, 0x0, 0x7, 0xff, 0xe0, 0x0,
    0x0, 0x0, 0x3f, 0xf8, 0x0, 0x0, 0x0, 0xf,
    0xfe, 0x0, 0x0, 0x0, 0x3, 0xff, 0x80, 0x0,
    0x0, 0x0, 0xff, 0xe0, 0x0, 0x0, 0x0, 0x3f,
    0xf8, 0x0, 0x0, 0x0, 0xf, 0xfe, 0x0, 0x0,
    0x0, 0x3, 0xff, 0x80, 0x0, 0x0, 0x0, 0x7f,
    0xe0, 0x0, 0x0, 0x0, 0x1f, 0xf8, 0x0, 0x0,
    0x0, 0x7, 0xfe, 0x0, 0x0, 0x0, 0x1, 0xff,
    0x80, 0x0, 0x0, 0x0, 0x7f, 0xe0, 0x0, 0x0,
    0x0, 0x1f, 0xf8, 0x0, 0x0, 0x0, 0x7, 0xfe,
    0x0, 0x0, 0x0, 0x1, 0xff, 0xc0, 0x0, 0x0,
    0x0, 0x7f, 0xf0, 0x0, 0x0, 0x0, 0x1f, 0xfc,
    0x0, 0x0, 0x0, 0x7, 0xff, 0x0, 0x0, 0x0,
    0x1, 0xff, 0xc0, 0x0, 0x0, 0x0, 0x7f, 0xf0,
    0x0, 0x0, 0x0, 0x1f, 0xfc, 0x0, 0x0, 0x0,
    0x7, 0xff, 0x0, 0x0, 0x0, 0x1, 0xff, 0xc0,
    0x0, 0x0, 0x0, 0x7f, 0xf0, 0x0, 0x0, 0x0,
    0x1f, 0xfc, 0x0, 0x0, 0x0, 0x7, 0xff, 0x0,
    0x0, 0x0, 0x0, 0xff, 0xc0, 0x0, 0x0, 0x0,
    0x3f, 0xf0, 0x0, 0x0, 0x0, 0xf, 0xfc, 0x0,
    0x0, 0x0, 0x3, 0xff, 0x0, 0x0, 0x0, 0x0,
    0xff, 0xc0, 0x0, 0x0, 0x0, 0x3f, 0xf0, 0x0,
    0x0, 0x0, 0xf, 0xff, 0xff, 0xfc, 0x0, 0x3,
    0xff, 0xff, 0xff, 0xff, 0xc0, 0xff, 0xff, 0xff,
    0xff, 0xf0, 0x3f, 0xff, 0xff, 0xff, 0xfc, 0xf,
    0xff, 0xff, 0xff, 0xff, 0x3, 0xff, 0xff, 0xff,
    0xff, 0xc0, 0xff, 0xff, 0xff, 0xff, 0xf0, 0x3f,
    0xff, 0xff, 0xff, 0xfc, 0xf, 0xff, 0xff, 0xff,
    0xff, 0x3, 0xff, 0xff, 0xff, 0xff, 0xc0, 0x0,
    0x3, 0xff, 0xff, 0xf0, 0x0, 0x0, 0x0, 0x0,
    0xc,

    /* U+004D "M" */
    0x0, 0x0, 0x3, 0xf8, 0x0, 0x0, 0x0, 0xf,
    0xf8, 0x0, 0x0, 0x0, 0x1f, 0xf0, 0x0, 0x7f,
    0xf8, 0x7f, 0xe0, 0x1, 0xff, 0xf8, 0xff, 0xc0,
    0x3, 0xff, 0xf1, 0xff, 0x80, 0x7, 0xff, 0xf7,
    0xff, 0x80, 0xf, 0xff, 0xff, 0xff, 0x0, 0x1f,
    0xff, 0xff, 0xfe, 0x0, 0x3f, 0xff, 0xff, 0xfc,
    0x0, 0x7f, 0xff, 0xff, 0xfc, 0x0, 0xff, 0xff,
    0xff, 0xf8, 0x1, 0xff, 0xff, 0xff, 0xf0, 0x3,
    0xff, 0xff, 0xff, 0xe0, 0x7, 0xff, 0xff, 0xff,
    0xc0, 0x1f, 0xff, 0xff, 0xff, 0xc0, 0x3f, 0xff,
    0xff, 0xff, 0x80, 0x7f, 0xff, 0xff, 0xff, 0x0,
    0xff, 0xff, 0xff, 0xfe, 0x1, 0xff, 0xff, 0xff,
    0xfe, 0x3, 0xff, 0xff, 0xff, 0xfc, 0x7, 0xff,
    0xff, 0xff, 0xf8, 0xf, 0xff, 0xff, 0xff, 0xf0,
    0x1f, 0xff, 0xff, 0xff, 0xe0, 0x3f, 0xff, 0xff,
    0xff, 0xe0, 0xff, 0xff, 0xff, 0xff, 0xc1, 0xff,
    0xfb, 0xff, 0xff, 0x83, 0xff, 0xf7, 0xff, 0xff,
    0x7, 0xff, 0xe7, 0xbf, 0xfe, 0xf, 0xff, 0xcf,
    0x7f, 0xfe, 0x1f, 0xff, 0x8c, 0xff, 0xfc, 0x3f,
    0xff, 0x18, 0xff, 0xf8, 0x7f, 0xfe, 0x1, 0xff,
    0xf0, 0xff, 0xf8, 0x3, 0xff, 0xf1, 0xff, 0xf0,
    0x7, 0xff, 0xe3, 0xff, 0xe0, 0xf, 0xff, 0xcf,
    0xff, 0xc0, 0x1f, 0xff, 0x9f, 0xff, 0x80, 0x1f,
    0xff, 0x3f, 0xe0, 0x0, 0x3f, 0xff, 0x0, 0x0,
    0x0, 0x7f, 0xfe, 0x0, 0x0, 0x0, 0xff, 0xfc,
    0x0, 0x0, 0x1, 0xff, 0xf8, 0x0, 0x0, 0x0,
    0x3, 0xf0,

    /* U+004E "N" */
    0xff, 0xfe, 0x0, 0x0, 0x1f, 0xff, 0xc0, 0x0,
    0x3, 0xff, 0xf8, 0x0, 0x0, 0x7f, 0xff, 0x87,
    0xff, 0xff, 0xff, 0xf0, 0xff, 0xff, 0xff, 0xff,
    0x1f, 0xff, 0xff, 0xff, 0xe3, 0xff, 0xf8, 0x7f,
    0xfc, 0x7f, 0xff, 0xf, 0xff, 0xcf, 0xff, 0xe1,
    0xff, 0xf9, 0xff, 0xfc, 0x3f, 0xff, 0x3f, 0xff,
    0x87, 0xff, 0xf7, 0xff, 0xf0, 0xff, 0xfe, 0xff,
    0xfe, 0x1f, 0xff, 0xef, 0xff, 0xc3, 0xff, 0xfd,
    0xff, 0xf8, 0x7f, 0xff, 0xbf, 0xff, 0x7, 0xff,
    0xff, 0xff, 0xe0, 0xff, 0xff, 0xff, 0xfc, 0x1f,
    0xff, 0xff, 0xff, 0x83, 0xff, 0xff, 0xff, 0xf0,
    0x7f, 0xff, 0xff, 0xfe, 0xf, 0xff, 0xff, 0xff,
    0xc1, 0xff, 0xff, 0xff, 0xf8, 0x3f, 0xff, 0xff,
    0xff, 0x7, 0xff, 0xff, 0xff, 0xe0, 0xff, 0xff,
    0xff, 0xfc, 0x1f, 0xff, 0xff, 0xff, 0x83, 0xff,
    0xff, 0xff, 0xf0, 0x7f, 0xff, 0xff, 0xfe, 0xf,
    0xff, 0xff, 0xff, 0xc1, 0xff, 0xff, 0xff, 0xf8,
    0x3f, 0xff, 0xff, 0xff, 0x7, 0xff, 0xff, 0xff,
    0xe0, 0xff, 0xf7, 0xff, 0xfc, 0x1f, 0xfe, 0xff,
    0xff, 0x83, 0xff, 0xdf, 0xff, 0xf0, 0x7f, 0xf9,
    0xff, 0xfe, 0xf, 0xff, 0x3f, 0xff, 0xc1, 0xff,
    0xe7, 0xff, 0xf8, 0x3f, 0xfc, 0x7f, 0xff, 0x7,
    0xff, 0x8f, 0xff, 0xe0, 0xff, 0xf1, 0xff, 0xfc,
    0x1f, 0xfe, 0x1f, 0xff, 0x83, 0xff, 0xc3, 0xff,
    0xf0, 0x7f, 0xf8, 0x7f, 0xfe, 0xf, 0xff, 0x7,
    0xff, 0xc1, 0xff, 0xe0, 0xff, 0xf8, 0x3f, 0xfc,
    0x1f, 0xff, 0x3, 0xff, 0x81, 0xff, 0xe0, 0x7f,
    0xf0, 0x3f, 0xfc, 0xf, 0xfe, 0x3, 0xff, 0x81,
    0xff, 0xc0, 0x7f, 0xf0, 0x3f, 0xf8, 0xf, 0xfe,
    0x0, 0x0, 0x0, 0xff, 0xc0, 0x0, 0x0, 0x1f,
    0xf8, 0x0, 0x0, 0x3, 0xff, 0x0, 0x0, 0x0,
    0x3f, 0xe0, 0x0, 0x0, 0x7, 0xfc,

    /* U+004F "O" */
    0x0, 0x0, 0xf, 0xf0, 0x0, 0x0, 0x0, 0x3f,
    0xff, 0x0, 0x0, 0x0, 0x7f, 0xff, 0xe0, 0x0,
    0x0, 0xff, 0xff, 0xf8, 0x0, 0x0, 0xff, 0xff,
    0xff, 0x0, 0x1, 0xff, 0xff, 0xff, 0xc0, 0x1,
    0xff, 0xff, 0xff, 0xf0, 0x1, 0xff, 0xff, 0xff,
    0xf8, 0x1, 0xff, 0xff, 0x3f, 0xfe, 0x1, 0xff,
    0xfe, 0x3f, 0xff, 0x81, 0xff, 0xfe, 0x3f, 0xff,
    0xc0, 0xff, 0xff, 0x1f, 0xbf, 0xe0, 0xff, 0xff,
    0x9f, 0xdf, 0xf8, 0xff, 0xff, 0x8f, 0xef, 0xfc,
    0xff, 0xff, 0xc7, 0xe7, 0xfe, 0x7f, 0xff, 0xe1,
    0xe3, 0xff, 0x3f, 0xff, 0xf0, 0x63, 0xff, 0xbf,
    0xff, 0xf8, 0x1, 0xff, 0xdf, 0xff, 0xfe, 0x0,
    0xff, 0xef, 0xff, 0xff, 0x80, 0xff, 0xff, 0xff,
    0xff, 0xe1, 0xff, 0xff, 0xff, 0xff, 0xff, 0xff,
    0xfb, 0xff, 0xff, 0xff, 0xff, 0xfd, 0xff, 0xff,
    0xff, 0xff, 0xfe, 0xff, 0xff, 0xff, 0xff, 0xfe,
    0x7f, 0xff, 0xff, 0xff, 0xff, 0x3f, 0xff, 0xff,
    0xff, 0xff, 0x1f, 0xff, 0xff, 0xff, 0xff, 0x8f,
    0xff, 0xff, 0xff, 0xff, 0x83, 0xff, 0xff, 0xff,
    0xff, 0x81, 0xff, 0xff, 0xff, 0xff, 0x80, 0xff,
    0xff, 0xff, 0xff, 0xc0, 0x3f, 0xff, 0xff, 0xff,
    0xc0, 0x1f, 0xff, 0xff, 0xff, 0xc0, 0xf, 0xff,
    0xff, 0xff, 0xc0, 0x3, 0xff, 0xff, 0xff, 0xc0,
    0x0, 0xff, 0xff, 0xff, 0xc0, 0x0, 0x3f, 0xff,
    0xff, 0xc0, 0x0, 0xf, 0xff, 0xff, 0x80, 0x0,
    0x3, 0xff, 0xff, 0x0, 0x0, 0x0, 0x7f, 0xfe,
    0x0, 0x0, 0x0, 0x7, 0xf8, 0x0, 0x0, 0x0,

    /* U+0050 "P" */
    0x0, 0x0, 0x7f, 0xe0, 0x0, 0x3, 0xff, 0xfe,
    0x0, 0xf, 0xff, 0xff, 0xe0, 0x1f, 0xff, 0xff,
    0xfc, 0x3f, 0xff, 0xff, 0xff, 0xbf, 0xff, 0xff,
    0xff, 0xe7, 0xff, 0xff, 0xff, 0xfd, 0xff, 0xff,
    0xff, 0xff, 0x3f, 0xff, 0xff, 0xff, 0xcf, 0xff,
    0xff, 0xff, 0xf3, 0xff, 0xfc, 0xf, 0xf8, 0x7f,
    0xfc, 0x3, 0xfe, 0x1f, 0xff, 0x1, 0xff, 0x7,
    0xff, 0xe0, 0x7f, 0xc0, 0xdf, 0xf8, 0x3f, 0xe0,
    0x23, 0xfe, 0x1f, 0xf0, 0x0, 0xff, 0x8f, 0xf8,
    0x0, 0x3f, 0xf7, 0xfc, 0x0, 0x7, 0xff, 0xfe,
    0x0, 0x1, 0xff, 0xff, 0x0, 0x0, 0x7f, 0xff,
    0x80, 0x0, 0xf, 0xff, 0xc0, 0x0, 0x3, 0xff,
    0xe0, 0x0, 0x0, 0xff, 0xf0, 0x0, 0x0, 0x1f,
    0xf8, 0x0, 0x0, 0x7, 0xfc, 0x0, 0x0, 0x1,
    0xff, 0x0, 0x0, 0x0, 0x3f, 0xe0, 0x0, 0x0,
    0xf, 0xf8, 0x0, 0x0, 0x1, 0xfe, 0x0, 0x0,
    0x0, 0x7f, 0xc0, 0x0, 0x0, 0x1f, 0xf0, 0x0,
    0x0, 0x3, 0xfc, 0x0, 0x0, 0x0, 0xff, 0x0,
    0x0, 0x0, 0x3f, 0xe0, 0x0, 0x0, 0x7, 0xf8,
    0x0, 0x0, 0x1, 0xfe, 0x0, 0x0, 0x0, 0x7f,
    0xc0, 0x0, 0x0, 0xf, 0xf0, 0x0, 0x0, 0x3,
    0xfc, 0x0, 0x0, 0x0, 0xff, 0x0, 0x0, 0x0,
    0x1f, 0x80, 0x0, 0x0, 0x7, 0xc0, 0x0, 0x0,
    0x1, 0xc0, 0x0, 0x0, 0x0, 0x20, 0x0, 0x0,

    /* U+0051 "Q" */
    0x0, 0x3, 0xf8, 0x0, 0x0, 0x7, 0xff, 0x80,
    0x0, 0xf, 0xff, 0xf0, 0x0, 0x7, 0xff, 0xfe,
    0x0, 0x3, 0xff, 0xff, 0xc0, 0x1, 0xff, 0xff,
    0xf8, 0x0, 0x7f, 0xff, 0xff, 0x0, 0x3f, 0xff,
    0xff, 0xc0, 0x1f, 0xff, 0xff, 0xf0, 0x7, 0xff,
    0xff, 0xfe, 0x3, 0xff, 0xf3, 0xff, 0x80, 0xff,
    0xf8, 0x7f, 0xe0, 0x3f, 0xfc, 0xf, 0xfc, 0x1f,
    0xfe, 0x3, 0xff, 0x7, 0xff, 0x80, 0xff, 0xc1,
    0xff, 0xc0, 0x3f, 0xf0, 0x7f, 0xe0, 0xf, 0xfc,
    0x3f, 0xf8, 0x3, 0xff, 0xf, 0xfc, 0x1, 0xff,
    0xc3, 0xff, 0x0, 0x7f, 0xf0, 0xff, 0xc0, 0x1f,
    0xfc, 0x3f, 0xf0, 0xf, 0xfe, 0xf, 0xfc, 0x3,
    0xff, 0x83, 0xff, 0x1, 0xff, 0xe0, 0xff, 0xf0,
    0xff, 0xf0, 0x3f, 0xff, 0xff, 0xfc, 0xf, 0xff,
    0xff, 0xfe, 0x1, 0xff, 0xff, 0xff, 0x80, 0x7f,
    0xff, 0xff, 0xf0, 0x1f, 0xff, 0xff, 0xfe, 0x3,
    0xff, 0xff, 0xff, 0xc0, 0xff, 0xff, 0xff, 0xf8,
    0x1f, 0xff, 0xff, 0xff, 0x1, 0xff, 0xff, 0xff,
    0xe0, 0x3f, 0xfe, 0x7f, 0xfc, 0x1, 0xfc, 0x7,
    0xff, 0x0, 0x0, 0x0, 0xff, 0xc0, 0x0, 0x0,
    0x1f, 0xc0, 0x0, 0x0, 0x3, 0xe0, 0x0, 0x0,
    0x0, 0xf0, 0x0, 0x0, 0x0, 0x10, 0x0,

    /* U+0052 "R" */
    0x0, 0x0, 0xff, 0xc0, 0x0, 0x1, 0xff, 0xff,
    0x80, 0x0, 0xff, 0xff, 0xfc, 0x0, 0x7f, 0xff,
    0xff, 0xe0, 0x7f, 0xff, 0xff, 0xff, 0xf, 0xff,
    0xff, 0xff, 0xf0, 0xff, 0xff, 0xff, 0xff, 0x87,
    0xff, 0xff, 0xff, 0xf8, 0x7f, 0xff, 0xff, 0xff,
    0x83, 0xff, 0xff, 0xff, 0xf0, 0x3f, 0xfe, 0xf,
    0xff, 0x3, 0xff, 0xc0, 0x7f, 0xe0, 0x1f, 0xfc,
    0x7, 0xfe, 0x1, 0xff, 0xc0, 0xff, 0xc0, 0x19,
    0xfe, 0xf, 0xf8, 0x0, 0x1f, 0xe1, 0xff, 0x0,
    0x1, 0xfe, 0x3f, 0xf8, 0x0, 0x1f, 0xe7, 0xff,
    0xc0, 0x1, 0xff, 0xff, 0xfe, 0x0, 0x1f, 0xff,
    0xff, 0xe0, 0x0, 0xff, 0xff, 0xff, 0x0, 0xf,
    0xff, 0xff, 0xf0, 0x0, 0xff, 0xe7, 0xff, 0x0,
    0xf, 0xfc, 0x3f, 0xf0, 0x0, 0xff, 0x81, 0xff,
    0x80, 0xf, 0xf8, 0x1f, 0xf8, 0x0, 0xff, 0x80,
    0xff, 0x80, 0x7, 0xf8, 0xf, 0xf8, 0x0, 0x7f,
    0x80, 0xff, 0x80, 0x7, 0xf8, 0x7, 0xfc, 0x0,
    0x7f, 0xc0, 0x7f, 0xc0, 0x7, 0xfc, 0x7, 0xfc,
    0x0, 0x7f, 0xc0, 0x7f, 0xc0, 0x3, 0xfc, 0x3,
    0xfc, 0x0, 0x3f, 0xc0, 0x3f, 0xe0, 0x3, 0xfc,
    0x3, 0xfe, 0x0, 0x3f, 0xe0, 0x1f, 0xe0, 0x3,
    0xfe, 0x1, 0xfe, 0x0, 0x3f, 0xe0, 0x1f, 0xe0,
    0x1, 0xfe, 0x1, 0xfe, 0x0, 0x1f, 0xe0, 0xf,
    0xf0, 0x1, 0xff, 0x0, 0xff, 0x0, 0x1f, 0xf0,
    0xf, 0xf0, 0x1, 0xfc, 0x0, 0xff, 0x0, 0x1c,
    0x0, 0x7, 0xc0, 0x0, 0x0, 0x0, 0x0,

    /* U+0053 "S" */
    0x0, 0x1f, 0xfc, 0x0, 0x0, 0x7, 0xff, 0xff,
    0x0, 0x0, 0xff, 0xff, 0xff, 0x80, 0xf, 0xff,
    0xff, 0xff, 0x80, 0x7f, 0xff, 0xff, 0xff, 0x87,
    0xff, 0xff, 0xff, 0xfc, 0x3f, 0xff, 0xff, 0xff,
    0xc3, 0xff, 0xff, 0xff, 0xfe, 0x1f, 0xff, 0xff,
    0xff, 0xf0, 0xff, 0xe1, 0xff, 0xff, 0x7, 0xfe,
    0x0, 0x7f, 0xf8, 0x3f, 0xf0, 0x0, 0x7f, 0x80,
    0xff, 0x80, 0x0, 0xfc, 0x7, 0xfe, 0x0, 0x1,
    0xe0, 0x3f, 0xf8, 0x0, 0x2, 0x0, 0xff, 0xf0,
    0x0, 0x0, 0x3, 0xff, 0xc0, 0x0, 0x0, 0x1f,
    0xff, 0x80, 0x0, 0x0, 0x7f, 0xfe, 0x0, 0x0,
    0x1, 0xff, 0xfc, 0x0, 0x0, 0x7, 0xff, 0xf8,
    0x0, 0x0, 0x1f, 0xff, 0xf0, 0x0, 0x0, 0x7f,
    0xff, 0xc0, 0x0, 0x1, 0xff, 0xff, 0x0, 0x0,
    0x7, 0xff, 0xfc, 0x0, 0x0, 0xf, 0xff, 0xf0,
    0x0, 0x0, 0x3f, 0xff, 0x80, 0x0, 0x0, 0x7f,
    0xfe, 0x0, 0x0, 0x0, 0xff, 0xf0, 0x4, 0x0,
    0x1, 0xff, 0xc0, 0x38, 0x0, 0x7, 0xfe, 0x3,
    0xf0, 0x0, 0x1f, 0xf8, 0x1f, 0xf0, 0x0, 0x7f,
    0xc0, 0xff, 0xf0, 0x3, 0xfe, 0xf, 0xff, 0xf8,
    0x3f, 0xf0, 0x7f, 0xff, 0xff, 0xff, 0x87, 0xff,
    0xff, 0xff, 0xfc, 0x3f, 0xff, 0xff, 0xff, 0xe1,
    0xff, 0xff, 0xff, 0xfe, 0x1f, 0xff, 0xff, 0xff,
    0xf0, 0x3f, 0xff, 0xff, 0xff, 0x0, 0x3f, 0xff,
    0xff, 0xf8, 0x0, 0x3f, 0xff, 0xff, 0x80, 0x0,
    0x1f, 0xff, 0xf8, 0x0, 0x0, 0xf, 0xfe, 0x0,
    0x0,

    /* U+0054 "T" */
    0x0, 0x0, 0x0, 0x0, 0x3, 0x0, 0x0, 0x1,
    0xff, 0xff, 0x0, 0xff, 0xff, 0xff, 0xff, 0xff,
    0xff, 0xff, 0xff, 0xff, 0xff, 0xff, 0xff, 0xff,
    0xff, 0xff, 0xff, 0xff, 0xff, 0xff, 0xff, 0xff,
    0xff, 0xff, 0xff, 0xff, 0xff, 0xff, 0xff, 0xff,
    0xff, 0xff, 0xff, 0xff, 0xff, 0xff, 0xff, 0xff,
    0xff, 0xff, 0xff, 0xff, 0xff, 0xff, 0xff, 0xff,
    0xff, 0xff, 0xff, 0x80, 0xff, 0xff, 0xff, 0xe0,
    0x0, 0x0, 0x1, 0xff, 0xe0, 0x0, 0x0, 0x1,
    0xff, 0xe0, 0x0, 0x0, 0x1, 0xff, 0xf0, 0x0,
    0x0, 0x1, 0xff, 0xf0, 0x0, 0x0, 0x1, 0xff,
    0xf0, 0x0, 0x0, 0x1, 0xff, 0xf0, 0x0, 0x0,
    0x1, 0xff, 0xf0, 0x0, 0x0, 0x0, 0xff, 0xf0,
    0x0, 0x0, 0x0, 0xff, 0xf0, 0x0, 0x0, 0x0,
    0xff, 0xf0, 0x0, 0x0, 0x0, 0xff, 0xf0, 0x0,
    0x0, 0x0, 0xff, 0xf0, 0x0, 0x0, 0x0, 0xff,
    0xf0, 0x0, 0x0, 0x0, 0xff, 0xf0, 0x0, 0x0,
    0x0, 0xff, 0xf0, 0x0, 0x0, 0x0, 0xff, 0xf0,
    0x0, 0x0, 0x0, 0xff, 0xf0, 0x0, 0x0, 0x0,
    0xff, 0xf0, 0x0, 0x0, 0x0, 0xff, 0xf0, 0x0,
    0x0, 0x0, 0xff, 0xf0, 0x0, 0x0, 0x0, 0xff,
    0xf0, 0x0, 0x0, 0x0, 0xff, 0xf0, 0x0, 0x0,
    0x0, 0xff, 0xf0, 0x0, 0x0, 0x0, 0xff, 0xf0,
    0x0, 0x0, 0x0, 0xff, 0xf0, 0x0, 0x0, 0x0,
    0xff, 0xf0, 0x0, 0x0, 0x0, 0x7f, 0xf8, 0x0,
    0x0, 0x0, 0x7f, 0xf8, 0x0, 0x0, 0x0, 0x7f,
    0xf8, 0x0, 0x0, 0x0, 0x7f, 0xf8, 0x0, 0x0,
    0x0, 0x7f, 0xf8, 0x0, 0x0, 0x0, 0x1f, 0xf8,
    0x0,

    /* U+0055 "U" */
    0x80, 0x0, 0x0, 0x0, 0x1, 0xff, 0xf0, 0x0,
    0x0, 0x3, 0xff, 0xfe, 0x0, 0x0, 0x7, 0xff,
    0xfc, 0x3, 0xfe, 0xf, 0xff, 0xf8, 0x3, 0xff,
    0xdf, 0xff, 0xf0, 0x7, 0xff, 0xbf, 0xff, 0xe0,
    0xf, 0xff, 0x7, 0xff, 0xc0, 0x1f, 0xfe, 0xf,
    0xff, 0x80, 0x3f, 0xfc, 0x1f, 0xff, 0x0, 0x7f,
    0xfc, 0x3f, 0xfe, 0x0, 0xff, 0xf8, 0x7f, 0xfc,
    0x1, 0xff, 0xf0, 0xff, 0xf8, 0x3, 0xff, 0xe1,
    0xff, 0xf0, 0x7, 0xff, 0xc3, 0xff, 0xe0, 0xf,
    0xff, 0x87, 0xff, 0xc0, 0x1f, 0xff, 0xf, 0xff,
    0x80, 0x3f, 0xfe, 0x1f, 0xff, 0x0, 0x7f, 0xfc,
    0x3f, 0xfe, 0x0, 0xff, 0xf8, 0x7f, 0xfc, 0x1,
    0xff, 0xf0, 0xff, 0xf8, 0x3, 0xff, 0xe1, 0xff,
    0xf8, 0x7, 0xff, 0xc3, 0xff, 0xf0, 0xf, 0xff,
    0x87, 0xff, 0xe0, 0x1f, 0xff, 0xf, 0xff, 0xc0,
    0x3f, 0xfe, 0x1f, 0xff, 0x80, 0x7f, 0xfc, 0x3f,
    0xff, 0x0, 0xff, 0xf8, 0x7f, 0xfe, 0x1, 0xff,
    0xf0, 0x7f, 0xfe, 0x3, 0xff, 0xe0, 0xff, 0xfc,
    0xf, 0xff, 0xc1, 0xff, 0xf8, 0x1f, 0xff, 0x3,
    0xff, 0xf0, 0x3f, 0xfe, 0x7, 0xff, 0xe0, 0x7f,
    0xfc, 0xf, 0xff, 0xe1, 0xff, 0xf8, 0x1f, 0xff,
    0xe7, 0xff, 0xf0, 0x1f, 0xff, 0xff, 0xff, 0xc0,
    0x3f, 0xff, 0xff, 0xff, 0x80, 0x7f, 0xff, 0xff,
    0xfe, 0x0, 0x7f, 0xff, 0xff, 0xfc, 0x0, 0xff,
    0xff, 0xff, 0xf0, 0x1, 0xff, 0xff, 0xff, 0xe0,
    0x1, 0xff, 0xff, 0xff, 0x80, 0x3, 0xff, 0xff,
    0xfe, 0x0, 0x3, 0xff, 0xff, 0xf8, 0x0, 0x3,
    0xff, 0xff, 0xe0, 0x0, 0x3, 0xff, 0xff, 0x0,
    0x0, 0x1, 0xff, 0xfc, 0x0, 0x0, 0x0, 0x7f,
    0xe0, 0x0,

    /* U+0056 "V" */
    0xff, 0xfe, 0x0, 0x0, 0x0, 0x7, 0xff, 0xf0,
    0x0, 0x0, 0x0, 0x3f, 0xff, 0x80, 0x0, 0x0,
    0x1, 0xff, 0xfe, 0x0, 0x7, 0xff, 0xef, 0xff,
    0xf0, 0x0, 0x3f, 0xff, 0x7f, 0xff, 0x80, 0x1,
    0xff, 0xf8, 0x7f, 0xfe, 0x0, 0xf, 0xff, 0x80,
    0xff, 0xf0, 0x0, 0xff, 0xfc, 0x7, 0xff, 0x80,
    0x7, 0xff, 0xe0, 0x3f, 0xfe, 0x0, 0x3f, 0xfe,
    0x0, 0xff, 0xf0, 0x1, 0xff, 0xf0, 0x7, 0xff,
    0x80, 0x1f, 0xff, 0x80, 0x3f, 0xfe, 0x0, 0xff,
    0xfc, 0x0, 0xff, 0xf0, 0x7, 0xff, 0xc0, 0x7,
    0xff, 0x80, 0x3f, 0xfe, 0x0, 0x3f, 0xfe, 0x3,
    0xff, 0xf0, 0x0, 0xff, 0xf0, 0x1f, 0xff, 0x0,
    0x7, 0xff, 0x80, 0xff, 0xf8, 0x0, 0x3f, 0xfe,
    0x7, 0xff, 0xc0, 0x0, 0xff, 0xf0, 0x7f, 0xfc,
    0x0, 0x7, 0xff, 0x83, 0xff, 0xe0, 0x0, 0x3f,
    0xfc, 0x1f, 0xff, 0x0, 0x0, 0xff, 0xf0, 0xff,
    0xf0, 0x0, 0x7, 0xff, 0x8f, 0xff, 0x80, 0x0,
    0x1f, 0xfc, 0x7f, 0xfc, 0x0, 0x0, 0xff, 0xf3,
    0xff, 0xc0, 0x0, 0x7, 0xff, 0x9f, 0xfe, 0x0,
    0x0, 0x1f, 0xfd, 0xff, 0xf0, 0x0, 0x0, 0xff,
    0xff, 0xff, 0x0, 0x0, 0x7, 0xff, 0xff, 0xf8,
    0x0, 0x0, 0x1f, 0xff, 0xff, 0xc0, 0x0, 0x0,
    0xff, 0xff, 0xfc, 0x0, 0x0, 0x7, 0xff, 0xff,
    0xe0, 0x0, 0x0, 0x1f, 0xff, 0xff, 0x0, 0x0,
    0x0, 0xff, 0xff, 0xf0, 0x0, 0x0, 0x7, 0xff,
    0xff, 0x80, 0x0, 0x0, 0x1f, 0xff, 0xfc, 0x0,
    0x0, 0x0, 0xff, 0xff, 0xc0, 0x0, 0x0, 0x3,
    0xff, 0xfe, 0x0, 0x0, 0x0, 0x1f, 0xff, 0xf0,
    0x0, 0x0, 0x0, 0xff, 0xff, 0x0, 0x0, 0x0,
    0x3, 0xff, 0xf8, 0x0, 0x0, 0x0, 0x1f, 0xff,
    0xc0, 0x0, 0x0, 0x0, 0xff, 0xfc, 0x0, 0x0,
    0x0, 0x3, 0xff, 0xe0, 0x0, 0x0, 0x0, 0x1f,
    0xff, 0x0, 0x0, 0x0, 0x0, 0xff, 0xf0, 0x0,
    0x0, 0x0, 0x3, 0xff, 0x80, 0x0,

    /* U+0057 "W" */
    0x0, 0x0, 0x0, 0x0, 0x1f, 0x0, 0x0, 0x0,
    0x3f, 0xfe, 0x0, 0x0, 0x0, 0x3f, 0xfe, 0x0,
    0x0, 0x0, 0x3f, 0xfe, 0x0, 0x0, 0x0, 0x7f,
    0xfe, 0x0, 0x0, 0x0, 0x7f, 0xfe, 0xc0, 0x0,
    0x0, 0x7f, 0xfe, 0x7f, 0xf0, 0x0, 0x7f, 0xfe,
    0x7f, 0xfe, 0x0, 0x7f, 0xfe, 0x7f, 0xfe, 0x0,
    0x7f, 0xfe, 0x7f, 0xfe, 0x0, 0x7f, 0xfe, 0x3f,
    0xfe, 0x0, 0x7f, 0xfe, 0x3f, 0xfe, 0x0, 0x7f,
    0xfc, 0x3f, 0xff, 0x0, 0x7f, 0xfc, 0x3f, 0xff,
    0x0, 0x7f, 0xfc, 0x3f, 0xff, 0x0, 0x7f, 0xfc,
    0x1f, 0xff, 0x0, 0xff, 0xfc, 0x1f, 0xff, 0x10,
    0xff, 0xfc, 0x1f, 0xff, 0x98, 0xff, 0xfc, 0x1f,
    0xff, 0x98, 0xff, 0xfc, 0x1f, 0xff, 0xbc, 0xff,
    0xfc, 0xf, 0xff, 0xbe, 0xff, 0xfc, 0xf, 0xff,
    0xfe, 0xff, 0xfc, 0xf, 0xff, 0xff, 0xff, 0xf8,
    0xf, 0xff, 0xff, 0xff, 0xf8, 0x7, 0xff, 0xff,
    0xff, 0xf8, 0x7, 0xff, 0xff, 0xff, 0xf8, 0x7,
    0xff, 0xff, 0xff, 0xf8, 0x7, 0xff, 0xff, 0xff,
    0xf8, 0x7, 0xff, 0xff, 0xff, 0xf8, 0x3, 0xff,
    0xff, 0xff, 0xf8, 0x3, 0xff, 0xff, 0xff, 0xf8,
    0x3, 0xff, 0xff, 0xff, 0xf8, 0x3, 0xff, 0xff,
    0xff, 0xf8, 0x3, 0xff, 0xff, 0xff, 0xf8, 0x1,
    0xff, 0xff, 0xff, 0xf0, 0x1, 0xff, 0xff, 0xff,
    0xf0, 0x1, 0xff, 0xff, 0xff, 0xf0, 0x1, 0xff,
    0xff, 0xff, 0xf0, 0x0, 0xff, 0xff, 0xff, 0xf0,
    0x0, 0xff, 0xff, 0xff, 0xf0, 0x0, 0xff, 0xff,
    0xff, 0xf0, 0x0, 0xff, 0xf7, 0xff, 0xf0, 0x0,
    0xff, 0xf7, 0xff, 0xf0, 0x0, 0x7f, 0xe3, 0xff,
    0xf0, 0x0, 0x7f, 0xe1, 0xff, 0xf0, 0x0, 0x7f,
    0xc1, 0xff, 0xe0, 0x0, 0x7f, 0xc0, 0x0, 0x0,
    0x0, 0x7f, 0xc0, 0x0, 0x0,

    /* U+0058 "X" */
    0x1e, 0x0, 0x0, 0x0, 0x0, 0x3, 0xff, 0x80,
    0x0, 0xff, 0xfc, 0x3f, 0xfc, 0x0, 0x1f, 0xff,
    0x3, 0xff, 0xc0, 0x7, 0xff, 0xe0, 0x7f, 0xfc,
    0x0, 0xff, 0xf8, 0x7, 0xff, 0x80, 0x3f, 0xfe,
    0x0, 0xff, 0xf8, 0x7, 0xff, 0xc0, 0xf, 0xff,
    0x1, 0xff, 0xf0, 0x0, 0xff, 0xf0, 0x7f, 0xfe,
    0x0, 0x1f, 0xff, 0xf, 0xff, 0x80, 0x1, 0xff,
    0xe3, 0xff, 0xe0, 0x0, 0x3f, 0xfe, 0x7f, 0xfc,
    0x0, 0x3, 0xff, 0xdf, 0xff, 0x0, 0x0, 0x3f,
    0xff, 0xff, 0xe0, 0x0, 0x7, 0xff, 0xff, 0xf8,
    0x0, 0x0, 0x7f, 0xff, 0xfe, 0x0, 0x0, 0xf,
    0xff, 0xff, 0xc0, 0x0, 0x0, 0xff, 0xff, 0xf0,
    0x0, 0x0, 0xf, 0xff, 0xfe, 0x0, 0x0, 0x1,
    0xff, 0xff, 0x80, 0x0, 0x0, 0x1f, 0xff, 0xe0,
    0x0, 0x0, 0x3, 0xff, 0xfc, 0x0, 0x0, 0x0,
    0x3f, 0xff, 0x0, 0x0, 0x0, 0x3, 0xff, 0xc0,
    0x0, 0x0, 0x0, 0x7f, 0xf8, 0x0, 0x0, 0x0,
    0x1f, 0xff, 0x0, 0x0, 0x0, 0x7, 0xff, 0xe0,
    0x0, 0x0, 0x0, 0xff, 0xfe, 0x0, 0x0, 0x0,
    0x3f, 0xff, 0xc0, 0x0, 0x0, 0x7, 0xff, 0xfc,
    0x0, 0x0, 0x1, 0xff, 0xff, 0x80, 0x0, 0x0,
    0x7f, 0xff, 0xf8, 0x0, 0x0, 0xf, 0xff, 0xff,
    0x0, 0x0, 0x3, 0xff, 0xff, 0xf0, 0x0, 0x0,
    0x7f, 0xff, 0xfe, 0x0, 0x0, 0x1f, 0xff, 0xff,
    0xe0, 0x0, 0x7, 0xff, 0xbf, 0xfc, 0x0, 0x0,
    0xff, 0xf3, 0xff, 0xc0, 0x0, 0x3f, 0xfc, 0x7f,
    0xf8, 0x0, 0xf, 0xff, 0x7, 0xff, 0x80, 0x1,
    0xff, 0xe0, 0xff, 0xf0, 0x0, 0x7f, 0xf8, 0xf,
    0xff, 0x0, 0xf, 0xff, 0x1, 0xff, 0xe0, 0x3,
    0xff, 0xc0, 0x1f, 0xfe, 0x0, 0xff, 0xf8, 0x3,
    0xff, 0xc0, 0x1f, 0xfe, 0x0, 0x3f, 0xfc, 0x7,
    0xff, 0x80, 0x7, 0xff, 0x81, 0xff, 0xf0, 0x0,
    0x1f, 0xf8, 0x3f, 0xfc, 0x0, 0x0, 0x1f, 0xf,
    0xff, 0x80, 0x0, 0x0, 0x31, 0xff, 0xe0, 0x0,
    0x0, 0x0, 0x7f, 0xf8, 0x0, 0x0, 0x0, 0x0,

    /* U+0059 "Y" */
    0xff, 0xfe, 0x0, 0x0, 0x0, 0x3f, 0xff, 0x80,
    0x0, 0x0, 0xf, 0xff, 0xf0, 0x0, 0x3f, 0xff,
    0xff, 0xfe, 0x0, 0xf, 0xff, 0xff, 0xff, 0x80,
    0x3, 0xff, 0xff, 0xff, 0xf0, 0x1, 0xff, 0xe0,
    0x7f, 0xfc, 0x0, 0x7f, 0xf8, 0xf, 0xff, 0x80,
    0x1f, 0xfc, 0x3, 0xff, 0xe0, 0xf, 0xff, 0x0,
    0x7f, 0xfc, 0x3, 0xff, 0xc0, 0xf, 0xff, 0x0,
    0xff, 0xe0, 0x3, 0xff, 0xe0, 0x7f, 0xf8, 0x0,
    0x7f, 0xf8, 0x1f, 0xfc, 0x0, 0x1f, 0xff, 0x7,
    0xff, 0x0, 0x3, 0xff, 0xc3, 0xff, 0xc0, 0x0,
    0xff, 0xf8, 0xff, 0xe0, 0x0, 0x1f, 0xfe, 0x3f,
    0xf8, 0x0, 0x7, 0xff, 0xdf, 0xfe, 0x0, 0x0,
    0xff, 0xf7, 0xff, 0x0, 0x0, 0x3f, 0xff, 0xff,
    0xc0, 0x0, 0x7, 0xff, 0xff, 0xe0, 0x0, 0x0,
    0xff, 0xff, 0xf8, 0x0, 0x0, 0x3f, 0xff, 0xfe,
    0x0, 0x0, 0x7, 0xff, 0xff, 0x0, 0x0, 0x1,
    0xff, 0xff, 0xc0, 0x0, 0x0, 0x3f, 0xff, 0xf0,
    0x0, 0x0, 0xf, 0xff, 0xf8, 0x0, 0x0, 0x1,
    0xff, 0xfe, 0x0, 0x0, 0x0, 0x7f, 0xff, 0x0,
    0x0, 0x0, 0xf, 0xff, 0xc0, 0x0, 0x0, 0x1,
    0xff, 0xf0, 0x0, 0x0, 0x0, 0x7f, 0xf8, 0x0,
    0x0, 0x0, 0x1f, 0xfe, 0x0, 0x0, 0x0, 0xf,
    0xff, 0x0, 0x0, 0x0, 0x3, 0xff, 0xc0, 0x0,
    0x0, 0x0, 0xff, 0xf0, 0x0, 0x0, 0x0, 0x7f,
    0xf8, 0x0, 0x0, 0x0, 0x1f, 0xfe, 0x0, 0x0,
    0x0, 0x7, 0xff, 0x80, 0x0, 0x0, 0x3, 0xff,
    0xc0, 0x0, 0x0, 0x0, 0xff, 0xf0, 0x0, 0x0,
    0x0, 0x3f, 0xf8, 0x0, 0x0, 0x0, 0x1f, 0xfe,
    0x0, 0x0, 0x0, 0x7, 0xff, 0x80, 0x0, 0x0,
    0x1, 0xff, 0xc0, 0x0, 0x0, 0x0, 0xff, 0xf0,
    0x0, 0x0, 0x0, 0x3f, 0xf8, 0x0, 0x0, 0x0,
    0xf, 0xfe, 0x0, 0x0, 0x0, 0x7, 0xff, 0x80,
    0x0, 0x0, 0x1, 0xff, 0xc0, 0x0, 0x0, 0x0,
    0xff, 0xf0, 0x0, 0x0, 0x0, 0x3f, 0x80, 0x0,
    0x0,

    /* U+005A "Z" */
    0x0, 0x0, 0x0, 0x0, 0x3, 0xc0, 0x0, 0x3,
    0xff, 0xff, 0xfb, 0xff, 0xff, 0xff, 0xff, 0xfe,
    0x7f, 0xff, 0xff, 0xff, 0xff, 0xc7, 0xff, 0xff,
    0xff, 0xff, 0xf8, 0xff, 0xff, 0xff, 0xff, 0xfe,
    0x1f, 0xff, 0xff, 0xff, 0xff, 0xc3, 0xff, 0xff,
    0xff, 0xff, 0xf0, 0x7f, 0xff, 0xff, 0xff, 0xfe,
    0xf, 0xff, 0xff, 0xff, 0xff, 0x81, 0xff, 0xff,
    0xff, 0xff, 0xf0, 0x3f, 0xff, 0xff, 0xff, 0xfc,
    0x3, 0xff, 0xf0, 0x7f, 0xff, 0x80, 0x60, 0x0,
    0xf, 0xff, 0xe0, 0x0, 0x0, 0x3, 0xff, 0xfc,
    0x0, 0x0, 0x0, 0x7f, 0xff, 0x0, 0x0, 0x0,
    0x1f, 0xff, 0xe0, 0x0, 0x0, 0x3, 0xff, 0xf8,
    0x0, 0x0, 0x0, 0x7f, 0xff, 0x0, 0x0, 0x0,
    0x1f, 0xff, 0xe0, 0x0, 0x0, 0x3, 0xff, 0xf8,
    0x0, 0x0, 0x0, 0xff, 0xff, 0x0, 0x0, 0x0,
    0x1f, 0xff, 0xc0, 0x0, 0x0, 0x7, 0xff, 0xf8,
    0x0, 0x0, 0x0, 0xff, 0xfe, 0x0, 0x0, 0x0,
    0x3f, 0xff, 0xc0, 0x0, 0x0, 0x7, 0xff, 0xf0,
    0x0, 0x0, 0x0, 0xff, 0xfe, 0x0, 0x0, 0x0,
    0x3f, 0xff, 0x80, 0x0, 0x0, 0x7, 0xff, 0xf0,
    0x0, 0x0, 0x1, 0xff, 0xfc, 0x0, 0x0, 0x0,
    0x3f, 0xff, 0x80, 0x0, 0x0, 0xf, 0xff, 0xf0,
    0x0, 0x0, 0x1, 0xff, 0xfc, 0x0, 0x0, 0x0,
    0x7f, 0xff, 0x80, 0x0, 0x0, 0xf, 0xff, 0xe0,
    0x0, 0x0, 0x3, 0xff, 0xfc, 0x0, 0x0, 0x0,
    0x7f, 0xff, 0x0, 0x0, 0x0, 0xf, 0xff, 0xe0,
    0x0, 0x0, 0x3, 0xff, 0xf8, 0x0, 0x0, 0x0,
    0x7f, 0xff, 0x0, 0x0, 0x0, 0x1f, 0xff, 0xc0,
    0x3, 0xf8, 0x3, 0xff, 0xff, 0xff, 0xff, 0x0,
    0xff, 0xff, 0xff, 0xff, 0xe0, 0x1f, 0xff, 0xff,
    0xff, 0xfc, 0x7, 0xff, 0xff, 0xff, 0xff, 0x80,
    0xff, 0xff, 0xff, 0xff, 0xf0, 0x3f, 0xff, 0xff,
    0xff, 0xfe, 0x7, 0xff, 0xff, 0xff, 0xff, 0xc0,
    0xff, 0xff, 0xff, 0xff, 0xf8, 0x3f, 0xff, 0xff,
    0xff, 0xe0, 0x7, 0xff, 0xf0, 0x0, 0x0, 0x0,

    /* U+005B "[" */
    0x0, 0x0, 0x3f, 0x0, 0x3f, 0xff, 0x7f, 0xff,
    0xff, 0x7f, 0xff, 0xff, 0x7f, 0xff, 0xff, 0x7f,
    0xff, 0xfe, 0x7f, 0xff, 0xfe, 0x7f, 0xff, 0xfe,
    0x7f, 0xff, 0xfe, 0x7f, 0xff, 0xfe, 0x7f, 0xff,
    0xfe, 0x7f, 0xff, 0x0, 0x7f, 0xfc, 0x0, 0x7f,
    0xfc, 0x0, 0x7f, 0xfc, 0x0, 0x7f, 0xf8, 0x0,
    0x7f, 0xf8, 0x0, 0x7f, 0xf8, 0x0, 0x7f, 0xf8,
    0x0, 0x7f, 0xf8, 0x0, 0x7f, 0xf8, 0x0, 0x7f,
    0xf8, 0x0, 0x7f, 0xf8, 0x0, 0x7f, 0xf8, 0x0,
    0x7f, 0xf8, 0x0, 0x7f, 0xf8, 0x0, 0x7f, 0xf8,
    0x0, 0x7f, 0xf8, 0x0, 0x7f, 0xf8, 0x0, 0xff,
    0xf8, 0x0, 0xff, 0xf0, 0x0, 0xff, 0xf0, 0x0,
    0xff, 0xf0, 0x0, 0xff, 0xf0, 0x0, 0xff, 0xf0,
    0x0, 0xff, 0xf0, 0x0, 0xff, 0xf0, 0x0, 0xff,
    0xf0, 0x0, 0xff, 0xf0, 0x0, 0xff, 0xf0, 0x0,
    0xff, 0xf0, 0x0, 0xff, 0xf0, 0x0, 0xff, 0xf0,
    0x0, 0xff, 0xf0, 0x30, 0xff, 0xf7, 0xf0, 0xff,
    0xff, 0xf0, 0xff, 0xff, 0xf0, 0xff, 0xff, 0xf0,
    0xff, 0xff, 0xf0, 0xff, 0xff, 0xf0, 0xff, 0xff,
    0xf0, 0xff, 0xff, 0xf0, 0xff, 0xff, 0xf0, 0xff,
    0xff, 0xe0, 0xff, 0xf8, 0x0, 0xfe, 0x0, 0x0,
    0x0, 0x0, 0x0,

    /* U+005C "\\" */
    0x78, 0x0, 0x0, 0x0, 0x0, 0xff, 0xe0, 0x0,
    0x0, 0x0, 0xff, 0xf0, 0x0, 0x0, 0x1, 0xff,
    0xf0, 0x0, 0x0, 0x1, 0xff, 0xe0, 0x0, 0x0,
    0x3, 0xff, 0xe0, 0x0, 0x0, 0x3, 0xff, 0xc0,
    0x0, 0x0, 0x7, 0xff, 0xc0, 0x0, 0x0, 0x7,
    0xff, 0x80, 0x0, 0x0, 0x7, 0xff, 0x80, 0x0,
    0x0, 0xf, 0xff, 0x80, 0x0, 0x0, 0xf, 0xff,
    0x0, 0x0, 0x0, 0x1f, 0xff, 0x0, 0x0, 0x0,
    0x1f, 0xfe, 0x0, 0x0, 0x0, 0x3f, 0xfe, 0x0,
    0x0, 0x0, 0x3f, 0xfc, 0x0, 0x0, 0x0, 0x7f,
    0xfc, 0x0, 0x0, 0x0, 0x7f, 0xf8, 0x0, 0x0,
    0x0, 0xff, 0xf8, 0x0, 0x0, 0x0, 0xff, 0xf0,
    0x0, 0x0, 0x1, 0xff, 0xf0, 0x0, 0x0, 0x1,
    0xff, 0xe0, 0x0, 0x0, 0x3, 0xff, 0xe0, 0x0,
    0x0, 0x3, 0xff, 0xc0, 0x0, 0x0, 0x7, 0xff,
    0xc0, 0x0, 0x0, 0x7, 0xff, 0x80, 0x0, 0x0,
    0x7, 0xff, 0x80, 0x0, 0x0, 0xf, 0xff, 0x0,
    0x0, 0x0, 0xf, 0xff, 0x0, 0x0, 0x0, 0x1f,
    0xfe, 0x0, 0x0, 0x0, 0x1f, 0xfe, 0x0, 0x0,
    0x0, 0x3f, 0xfc, 0x0, 0x0, 0x0, 0x3f, 0xfc,
    0x0, 0x0, 0x0, 0x7f, 0xf8, 0x0, 0x0, 0x0,
    0x7f, 0xf8, 0x0, 0x0, 0x0, 0xff, 0xf8, 0x0,
    0x0, 0x0, 0xff, 0xf0, 0x0, 0x0, 0x1, 0xff,
    0xf0, 0x0, 0x0, 0x1, 0xff, 0xe0, 0x0, 0x0,
    0x3, 0xff, 0xe0, 0x0, 0x0, 0x3, 0xff, 0xc0,
    0x0, 0x0, 0x7, 0xff, 0xc0, 0x0, 0x0, 0x7,
    0xff, 0x80, 0x0, 0x0, 0x7, 0xff, 0x80, 0x0,
    0x0, 0xf, 0xff, 0x0, 0x0, 0x0, 0xf, 0xff,
    0x0, 0x0, 0x0, 0x1f, 0xfe, 0x0, 0x0, 0x0,
    0xf, 0xfe, 0x0, 0x0, 0x0, 0x0, 0xfc, 0x0,
    0x0, 0x0, 0x0, 0x1c,

    /* U+005D "]" */
    0x0, 0x0, 0xf, 0x0, 0x7, 0xff, 0x3, 0xff,
    0xff, 0x7f, 0xff, 0xfe, 0x7f, 0xff, 0xfe, 0x7f,
    0xff, 0xfe, 0x7f, 0xff, 0xfe, 0x7f, 0xff, 0xfe,
    0x7f, 0xff, 0xfe, 0xff, 0xff, 0xfe, 0xff, 0xff,
    0xfe, 0xff, 0xff, 0xfe, 0xc0, 0x7, 0xfe, 0x0,
    0x7, 0xfe, 0x0, 0x7, 0xfe, 0x0, 0x7, 0xfe,
    0x0, 0x7, 0xfe, 0x0, 0x7, 0xfe, 0x0, 0x7,
    0xfe, 0x0, 0x7, 0xfe, 0x0, 0x7, 0xfe, 0x0,
    0xf, 0xfe, 0x0, 0xf, 0xfe, 0x0, 0xf, 0xfe,
    0x0, 0xf, 0xfe, 0x0, 0xf, 0xfe, 0x0, 0xf,
    0xfe, 0x0, 0xf, 0xfc, 0x0, 0xf, 0xfc, 0x0,
    0xf, 0xfc, 0x0, 0xf, 0xfc, 0x0, 0xf, 0xfc,
    0x0, 0xf, 0xfc, 0x0, 0xf, 0xfc, 0x0, 0xf,
    0xfc, 0x0, 0xf, 0xfc, 0x0, 0xf, 0xfc, 0x0,
    0xf, 0xfc, 0x0, 0xf, 0xfc, 0x3, 0xff, 0xfc,
    0x3f, 0xff, 0xfc, 0x3f, 0xff, 0xfc, 0x3f, 0xff,
    0xfc, 0x3f, 0xff, 0xfc, 0x3f, 0xff, 0xfc, 0x3f,
    0xff, 0xfc, 0x3f, 0xff, 0xfc, 0x3f, 0xff, 0xfc,
    0x7f, 0xff, 0xfc, 0x7f, 0xfe, 0x0, 0x7c, 0x0,
    0x0,

    /* U+005E "^" */
    0x0, 0x1f, 0x0, 0x0, 0xf, 0xfe, 0x0, 0x7,
    0xff, 0xfc, 0x3, 0xff, 0xff, 0xf8, 0x7f, 0xff,
    0xff, 0xf7, 0xff, 0xff, 0xff, 0x7f, 0xff, 0xff,
    0xff, 0xfc, 0x7, 0xff, 0xfe, 0x0, 0xf, 0xff,
    0x0, 0x0, 0x1f, 0x80, 0x0, 0x0, 0x30,

    /* U+005F "_" */
    0x3f, 0xff, 0xff, 0xff, 0xdf, 0xff, 0xff, 0xff,
    0xff, 0xff, 0xff, 0xff, 0xfb, 0xff, 0xff, 0xff,
    0xfe,

    /* U+0060 "`" */
    0x2, 0x0, 0x0, 0xe0, 0x0, 0x3f, 0x0, 0x7,
    0xf8, 0x1, 0xff, 0xc0, 0x7f, 0xfe, 0xf, 0xff,
    0xe3, 0xff, 0xff, 0xff, 0xff, 0xc0, 0xff, 0xf0,
    0x0, 0xfe, 0x0, 0x0, 0x80,

    /* U+0061 "a" */
    0x0, 0x0, 0x0, 0x60, 0x0, 0x0, 0x1e, 0x0,
    0x0, 0x7, 0xe0, 0x0, 0x1, 0xfe, 0x0, 0xf,
    0xff, 0xe0, 0x7, 0xff, 0xfe, 0x1, 0xff, 0xff,
    0xe0, 0x3f, 0xff, 0xfe, 0x7, 0xfc, 0xff, 0xe0,
    0xff, 0x9f, 0xfe, 0x1f, 0xf1, 0xff, 0xe3, 0xfe,
    0x1f, 0xfe, 0x3f, 0xc1, 0xff, 0xe7, 0xfc, 0xf,
    0xff, 0x7f, 0xc0, 0x7f, 0xf7, 0xfc, 0x7, 0xff,
    0xff, 0xc0, 0x7f, 0xff, 0xfe, 0x7, 0xff, 0xff,
    0xf0, 0x7f, 0xff, 0xff, 0xc7, 0xff, 0xff, 0xff,
    0xff, 0xff, 0xff, 0xff, 0xff, 0xff, 0xff, 0xff,
    0xff, 0xff, 0xff, 0xff, 0x7f, 0xff, 0xff, 0xf7,
    0xff, 0xff, 0xff, 0x7f, 0xff, 0xff, 0xf3, 0xff,
    0xff, 0xff, 0x1f, 0xff, 0xff, 0xf1, 0xff, 0xff,
    0xff, 0xf, 0xff, 0xff, 0xf0, 0x3f, 0xff, 0xff,
    0x0, 0xfe, 0x7f, 0xf0,

    /* U+0062 "b" */
    0x0, 0x8, 0x0, 0x0, 0x0, 0xf0, 0x0, 0x0,
    0x7, 0xe0, 0x0, 0x0, 0x3f, 0xc0, 0x0, 0x3,
    0xff, 0x80, 0x0, 0xf, 0xff, 0x0, 0x0, 0x3f,
    0xfe, 0x0, 0x0, 0x7f, 0xfc, 0x0, 0x0, 0xff,
    0xf8, 0x0, 0x1, 0xff, 0xf0, 0x0, 0x3, 0x7f,
    0xe0, 0x0, 0x0, 0xff, 0xc0, 0x0, 0x1, 0xff,
    0x80, 0x0, 0x3, 0xff, 0x0, 0x0, 0x7, 0xfe,
    0x0, 0x0, 0xf, 0xfc, 0x0, 0x0, 0x1f, 0xf9,
    0xfc, 0x0, 0x3f, 0xff, 0xff, 0x0, 0x7f, 0xff,
    0xff, 0x80, 0xff, 0xff, 0xff, 0x81, 0xff, 0xfc,
    0xff, 0x83, 0xff, 0xe3, 0xff, 0x87, 0xff, 0x8f,
    0xdf, 0xf, 0xfe, 0x1f, 0xbe, 0x1f, 0xfc, 0x3e,
    0x7e, 0x3f, 0xf0, 0x78, 0xfc, 0x7f, 0xe0, 0x3,
    0xf8, 0xff, 0xc0, 0x7, 0xf1, 0xff, 0x80, 0xf,
    0xe3, 0xff, 0x80, 0x3f, 0xc7, 0xff, 0x80, 0xff,
    0x8f, 0xff, 0xe7, 0xff, 0x1f, 0xff, 0xff, 0xfe,
    0x3f, 0xff, 0xff, 0xf8, 0x7f, 0xff, 0xff, 0xf0,
    0xff, 0xff, 0xff, 0xc1, 0xff, 0xff, 0xff, 0x83,
    0xff, 0xff, 0xfe, 0x7, 0xff, 0xff, 0xf8, 0xf,
    0xff, 0xff, 0xf0, 0x1f, 0xff, 0xff, 0xc0, 0x3f,
    0xff, 0xff, 0x0, 0x7f, 0xff, 0xf8, 0x0, 0xff,
    0xff, 0xc0, 0x1, 0xff, 0xfc, 0x0, 0x3, 0xff,
    0x80, 0x0, 0x0,

    /* U+0063 "c" */
    0x0, 0x7, 0xf0, 0x0, 0x1, 0xff, 0xe0, 0x0,
    0x3f, 0xff, 0xc0, 0x3, 0xff, 0xff, 0x0, 0x3f,
    0xff, 0xfc, 0x3, 0xff, 0xff, 0xf0, 0x1f, 0xff,
    0xff, 0x81, 0xff, 0xff, 0xfe, 0x1f, 0xff, 0xff,
    0xf0, 0xff, 0xff, 0xff, 0xcf, 0xff, 0xf, 0xf8,
    0x7f, 0xe0, 0x3c, 0x7, 0xff, 0x0, 0x0, 0x3f,
    0xf0, 0x0, 0x1, 0xff, 0x0, 0x0, 0x1f, 0xf8,
    0x0, 0x0, 0xff, 0xc0, 0x0, 0x7, 0xfe, 0x0,
    0x0, 0x3f, 0xf0, 0x0, 0x1, 0xff, 0x80, 0x3c,
    0xf, 0xfc, 0x1, 0xff, 0x7f, 0xe0, 0x1f, 0xff,
    0xff, 0x80, 0xff, 0xcf, 0xfc, 0xf, 0xfe, 0x7f,
    0xf0, 0xff, 0xe3, 0xff, 0xff, 0xfe, 0xf, 0xff,
    0xff, 0xf0, 0x3f, 0xff, 0xff, 0x0, 0xff, 0xff,
    0xf0, 0x3, 0xff, 0xfe, 0x0, 0x7, 0xff, 0xc0,
    0x0, 0xf, 0xf8, 0x0,

    /* U+0064 "d" */
    0x0, 0x0, 0x0, 0x20, 0x0, 0x0, 0xe, 0x0,
    0x0, 0x3, 0xe0, 0x0, 0x0, 0xfe, 0x0, 0x0,
    0x3f, 0xe0, 0x0, 0x7, 0xfe, 0x0, 0x0, 0x7f,
    0xe0, 0x0, 0x7, 0xfe, 0x0, 0x0, 0x7f, 0xe0,
    0x0, 0x7, 0xfe, 0x0, 0x0, 0x7f, 0xe0, 0x0,
    0x7, 0xfe, 0x0, 0x0, 0x7f, 0xe0, 0x0, 0x7,
    0xfe, 0x0, 0x0, 0x7f, 0xe0, 0x0, 0x7, 0xfe,
    0x0, 0x0, 0x7f, 0xe0, 0x0, 0x7, 0xfe, 0x0,
    0x0, 0x7f, 0xe0, 0x0, 0x7, 0xfe, 0x0, 0x0,
    0x7f, 0xe0, 0x0, 0x7, 0xfe, 0x0, 0x0, 0x7f,
    0xe0, 0x0, 0x7, 0xfe, 0x0, 0xf, 0xff, 0xe0,
    0x7, 0xff, 0xfe, 0x1, 0xff, 0xff, 0xe0, 0x3f,
    0xff, 0xfe, 0x7, 0xfc, 0xff, 0xe0, 0xff, 0x9f,
    0xfe, 0x1f, 0xf1, 0xff, 0xe3, 0xfe, 0x1f, 0xfe,
    0x3f, 0xc1, 0xff, 0xe7, 0xfc, 0xf, 0xff, 0x7f,
    0xc0, 0x7f, 0xf7, 0xfc, 0x7, 0xff, 0xff, 0xc0,
    0x7f, 0xff, 0xfe, 0x7, 0xff, 0xff, 0xf0, 0x7f,
    0xff, 0xff, 0xc7, 0xff, 0xff, 0xff, 0xff, 0xff,
    0xff, 0xff, 0xff, 0xff, 0xff, 0xff, 0xff, 0xff,
    0xff, 0xff, 0x7f, 0xff, 0xff, 0xf7, 0xff, 0xff,
    0xff, 0x7f, 0xff, 0xff, 0xf3, 0xff, 0xff, 0xff,
    0x1f, 0xff, 0xff, 0xf1, 0xff, 0xff, 0xff, 0xf,
    0xff, 0xff, 0xf0, 0x3f, 0xff, 0xff, 0x0, 0xfe,
    0x7f, 0xf0,

    /* U+0065 "e" */
    0x0, 0xf, 0xf8, 0x0, 0x3, 0xff, 0xf8, 0x0,
    0x7f, 0xff, 0xf0, 0x7, 0xff, 0xff, 0xe0, 0x7f,
    0xff, 0xfe, 0x7, 0xff, 0xff, 0xe0, 0x7f, 0xff,
    0xfe, 0x7, 0xfc, 0x1f, 0xf0, 0x3f, 0xc0, 0xff,
    0x3, 0xfc, 0xf, 0xf0, 0x1f, 0xe0, 0xff, 0x0,
    0xfe, 0xf, 0xf0, 0x7, 0xf0, 0xff, 0x0, 0x7f,
    0x87, 0xf8, 0x3, 0xfc, 0x7f, 0x84, 0x1f, 0xe7,
    0xf8, 0x60, 0xff, 0xff, 0x87, 0x87, 0xff, 0xf8,
    0x7e, 0x3f, 0xff, 0xc7, 0xf9, 0xff, 0xfc, 0xff,
    0xef, 0xff, 0xff, 0xff, 0xbf, 0xff, 0xff, 0xfd,
    0xff, 0xff, 0xff, 0xc7, 0xff, 0xff, 0xfc, 0x3f,
    0xff, 0xff, 0xc0, 0xff, 0xff, 0xf8, 0x1, 0xff,
    0xff, 0x0, 0x3, 0xff, 0x0, 0x0,

    /* U+0066 "f" */
    0x0, 0x0, 0x7, 0xf8, 0x0, 0x0, 0x7, 0xff,
    0xf0, 0x0, 0x7, 0xff, 0xff, 0x80, 0x1, 0xff,
    0xff, 0xfc, 0x0, 0x3f, 0xff, 0xff, 0xe0, 0x7,
    0xff, 0xff, 0xfe, 0x0, 0x7f, 0xff, 0xff, 0xf0,
    0xf, 0xff, 0xff, 0xfc, 0x0, 0xff, 0xfc, 0xff,
    0x80, 0x1f, 0xff, 0x87, 0xe0, 0x1, 0xff, 0xf0,
    0x3c, 0x0, 0x1f, 0xff, 0x1, 0x0, 0x1, 0xff,
    0xf0, 0x0, 0x0, 0x1f, 0xff, 0x0, 0x0, 0x1,
    0xff, 0xf0, 0x0, 0x0, 0x1f, 0xff, 0x0, 0x0,
    0x1, 0xff, 0xf0, 0x0, 0xf, 0xff, 0xff, 0x0,
    0x0, 0xff, 0xff, 0xff, 0xc0, 0xf, 0xff, 0xff,
    0xfc, 0x0, 0xff, 0xff, 0xff, 0xc0, 0xf, 0xff,
    0xff, 0xfc, 0x0, 0xff, 0xff, 0xff, 0xc0, 0xf,
    0xff, 0xff, 0xfc, 0x0, 0x7f, 0xff, 0xff, 0xc0,
    0x7, 0xff, 0xff, 0xfc, 0x0, 0x7f, 0xff, 0xff,
    0xc0, 0x7, 0xff, 0xfe, 0x0, 0x0, 0x1, 0xff,
    0xe0, 0x0, 0x0, 0x1f, 0xfe, 0x0, 0x0, 0x1,
    0xff, 0xe0, 0x0, 0x0, 0x1f, 0xfe, 0x0, 0x0,
    0x1, 0xff, 0xe0, 0x0, 0x0, 0x1f, 0xfe, 0x0,
    0x0, 0x1, 0xff, 0xe0, 0x0, 0x0, 0x1f, 0xfe,
    0x0, 0x0, 0x1, 0xff, 0xe0, 0x0, 0x0, 0x1f,
    0xfe, 0x0, 0x0, 0x1, 0xff, 0xe0, 0x0, 0x0,
    0x1f, 0xfe, 0x0, 0x0, 0x1, 0xff, 0xe0, 0x0,
    0x0, 0x1f, 0xfe, 0x0, 0x0, 0x1, 0xff, 0xe0,
    0x0, 0x0, 0x1f, 0xfe, 0x0, 0x0, 0x1, 0xff,
    0xe0, 0x0, 0x0, 0x1f, 0xfe, 0x0, 0x0, 0x1,
    0xff, 0xe0, 0x0, 0x0, 0x1f, 0xfe, 0x0, 0x0,
    0x1, 0xff, 0xe0, 0x0, 0x0, 0x1f, 0xfe, 0x0,
    0x0, 0x1, 0xff, 0xe0, 0x0, 0x0, 0x1e, 0x0,
    0x0, 0x0,

    /* U+0067 "g" */
    0x0, 0x0, 0x0, 0x20, 0x0, 0x0, 0x1c, 0x0,
    0x0, 0xf, 0x80, 0x7, 0xf7, 0xf0, 0x7, 0xff,
    0xfe, 0x3, 0xff, 0xff, 0xc0, 0xff, 0xff, 0xf8,
    0x3f, 0xff, 0xff, 0xf, 0xfc, 0xff, 0xe3, 0xfe,
    0x1f, 0xfc, 0xff, 0x83, 0xff, 0x9f, 0xf0, 0x7f,
    0xf7, 0xfc, 0xf, 0xfe, 0xff, 0x80, 0x7f, 0xff,
    0xf0, 0xf, 0xff, 0xfe, 0x1, 0xff, 0xff, 0xe0,
    0x3f, 0xff, 0xff, 0x7, 0xff, 0xff, 0xff, 0xff,
    0xff, 0xff, 0xff, 0xff, 0xff, 0xff, 0xff, 0xff,
    0xff, 0xff, 0xff, 0xff, 0xff, 0xfb, 0xff, 0xff,
    0xff, 0x7f, 0xff, 0xff, 0xef, 0xff, 0xff, 0xfc,
    0xff, 0xff, 0xff, 0x8f, 0xff, 0xff, 0xf1, 0xff,
    0xff, 0xfe, 0x1f, 0xff, 0xff, 0xc0, 0xff, 0xff,
    0xf8, 0x7, 0xf1, 0xff, 0x0, 0x0, 0x3f, 0xe0,
    0x0, 0x7, 0xfc, 0x0, 0x0, 0xff, 0x88, 0x0,
    0x1f, 0xf3, 0xc0, 0x3, 0xfe, 0x7c, 0x0, 0x7f,
    0xcf, 0xe0, 0xf, 0xfb, 0xfe, 0x1, 0xff, 0x7f,
    0xe0, 0x3f, 0xef, 0xfc, 0x7, 0xf9, 0xff, 0x81,
    0xff, 0x3f, 0xfc, 0x7f, 0xe7, 0xff, 0xff, 0xfc,
    0xff, 0xff, 0xff, 0xf, 0xff, 0xff, 0xe1, 0xff,
    0xff, 0xfc, 0x1f, 0xff, 0xff, 0x1, 0xff, 0xff,
    0xc0, 0x1f, 0xff, 0xf0, 0x0, 0xff, 0xf8, 0x0,
    0x3, 0xfc, 0x0,

    /* U+0068 "h" */
    0x0, 0xc0, 0x0, 0x0, 0xff, 0xc0, 0x0, 0x0,
    0xff, 0xc0, 0x0, 0x0, 0xff, 0xc0, 0x0, 0x0,
    0xff, 0xc0, 0x0, 0x0, 0xff, 0xc0, 0x0, 0x0,
    0xff, 0xc0, 0x0, 0x0, 0xff, 0xc0, 0x0, 0x0,
    0xff, 0xc0, 0x0, 0x0, 0xff, 0xc0, 0x0, 0x0,
    0xff, 0xc0, 0x0, 0x0, 0xff, 0xe0, 0x0, 0x0,
    0xff, 0xe0, 0x0, 0x0, 0xff, 0xe0, 0x0, 0x0,
    0xff, 0xe0, 0x0, 0x0, 0xff, 0xe0, 0x0, 0x0,
    0xff, 0xe0, 0x0, 0x0, 0xff, 0xe0, 0x0, 0x0,
    0xff, 0xe1, 0xfc, 0x0, 0xff, 0xff, 0xff, 0x0,
    0xff, 0xff, 0xff, 0x80, 0xff, 0xff, 0xff, 0xc0,
    0xff, 0xff, 0xff, 0xe0, 0xff, 0xff, 0xff, 0xf0,
    0xff, 0xff, 0xff, 0xf8, 0xff, 0xff, 0xff, 0xf8,
    0xff, 0xff, 0x7f, 0xfc, 0xff, 0xfe, 0x3f, 0xfc,
    0xff, 0xfc, 0x3f, 0xfe, 0xff, 0xfc, 0x1f, 0xfe,
    0xff, 0xfc, 0x1f, 0xfe, 0xff, 0xf8, 0xf, 0xfe,
    0xff, 0xf8, 0xf, 0xff, 0xff, 0xf8, 0xf, 0xff,
    0xff, 0xf8, 0xf, 0xff, 0xff, 0xf8, 0xf, 0xff,
    0x7f, 0xf8, 0x7, 0xff, 0x7f, 0xf8, 0x7, 0xff,
    0x7f, 0xf8, 0x7, 0xff, 0x7f, 0xf8, 0x7, 0xff,
    0x7f, 0xf8, 0x7, 0xff, 0x7f, 0xf8, 0x7, 0xff,
    0x7f, 0xf8, 0x7, 0xff, 0x7f, 0xf8, 0x7, 0xff,
    0x7f, 0xf8, 0x7, 0xfe, 0x7f, 0xf8, 0x7, 0xfe,
    0x7f, 0xf8, 0x7, 0xfe, 0x7c, 0x0, 0x7, 0xfe,

    /* U+0069 "i" */
    0x7, 0xc0, 0x1f, 0xc0, 0x3f, 0xc0, 0xff, 0xc1,
    0xff, 0x83, 0xff, 0x7, 0xfe, 0x7, 0xf8, 0xf,
    0xf0, 0xf, 0xc0, 0x0, 0x0, 0x0, 0x0, 0x0,
    0x0, 0x0, 0x0, 0x2, 0x0, 0x1c, 0x0, 0xf8,
    0xf, 0xf0, 0x7f, 0xe3, 0xff, 0xc7, 0xff, 0x8f,
    0xff, 0x1f, 0xfe, 0x7f, 0xfc, 0xff, 0xf8, 0x1f,
    0xf0, 0x3f, 0xe0, 0x7f, 0xe0, 0xff, 0xc1, 0xff,
    0x83, 0xff, 0x7, 0xfe, 0xf, 0xfc, 0x1f, 0xf8,
    0x3f, 0xf0, 0x7f, 0xe0, 0xff, 0xc1, 0xff, 0x83,
    0xff, 0x7, 0xfe, 0xf, 0xfc, 0x1f, 0xf8, 0x3f,
    0xf0, 0x7f, 0xe0, 0xff, 0xc1, 0xff, 0x83, 0xff,
    0x7, 0xfe, 0xf, 0xfc, 0x1f, 0xfc, 0x3f, 0xf8,

    /* U+006A "j" */
    0x0, 0x0, 0x78, 0x0, 0x0, 0x3f, 0x80, 0x0,
    0x1f, 0xf0, 0x0, 0x7, 0xfe, 0x0, 0x1, 0xff,
    0x80, 0x0, 0x7f, 0xe0, 0x0, 0x1f, 0xf8, 0x0,
    0x3, 0xfc, 0x0, 0x0, 0xfe, 0x0, 0x0, 0x1f,
    0x0, 0x0, 0x0, 0x0, 0x0, 0x0, 0x0, 0x0,
    0x0, 0x0, 0x0, 0x0, 0x0, 0x0, 0x0, 0x0,
    0x0, 0x0, 0x0, 0x7, 0x0, 0x0, 0x7, 0xc0,
    0x0, 0x7, 0xf0, 0x0, 0xf, 0xfc, 0x0, 0xf,
    0xff, 0x0, 0x3, 0xff, 0xc0, 0x1, 0xff, 0xf0,
    0x0, 0x7f, 0xfc, 0x0, 0x1f, 0xff, 0x0, 0x7,
    0xff, 0xc0, 0x0, 0x3f, 0xf0, 0x0, 0xf, 0xfc,
    0x0, 0x3, 0xff, 0x0, 0x0, 0xff, 0xc0, 0x0,
    0x3f, 0xf0, 0x0, 0xf, 0xfc, 0x0, 0x3, 0xff,
    0x0, 0x0, 0xff, 0xc0, 0x0, 0x3f, 0xf0, 0x0,
    0xf, 0xfc, 0x0, 0x3, 0xff, 0x0, 0x0, 0xff,
    0xc0, 0x0, 0x3f, 0xf0, 0x0, 0xf, 0xfc, 0x0,
    0x3, 0xff, 0x0, 0x0, 0xff, 0xc0, 0x0, 0x3f,
    0xf0, 0x0, 0xf, 0xfc, 0x0, 0x3, 0xff, 0x0,
    0x0, 0xff, 0xc0, 0x0, 0x3f, 0xf0, 0x0, 0xf,
    0xfc, 0x0, 0x3, 0xff, 0x0, 0x0, 0x7f, 0xc0,
    0x0, 0x1f, 0xf2, 0x0, 0x7, 0xfd, 0xe0, 0x1,
    0xff, 0x7c, 0x0, 0x7f, 0xdf, 0xc0, 0x1f, 0xff,
    0xf8, 0x7, 0xff, 0xff, 0x1, 0xff, 0xff, 0xc0,
    0x7f, 0xbf, 0xf0, 0x3f, 0xef, 0xff, 0x1f, 0xfb,
    0xff, 0xff, 0xfe, 0xff, 0xff, 0xff, 0x1f, 0xff,
    0xff, 0xc7, 0xff, 0xff, 0xf0, 0xff, 0xff, 0xf8,
    0x1f, 0xff, 0xfc, 0x3, 0xff, 0xfe, 0x0, 0x3f,
    0xfe, 0x0, 0x1, 0xfe, 0x0,

    /* U+006B "k" */
    0x0, 0x4, 0x0, 0x0, 0x0, 0x1, 0xc0, 0x0,
    0x0, 0x0, 0xfc, 0x0, 0x0, 0x0, 0x3f, 0xc0,
    0x0, 0x0, 0xf, 0xfc, 0x0, 0x0, 0x7, 0xff,
    0xc0, 0x0, 0x0, 0x7f, 0xfc, 0x0, 0x0, 0x7,
    0xff, 0xc0, 0x0, 0x0, 0xff, 0xfc, 0x0, 0x0,
    0xf, 0xff, 0xc0, 0x0, 0x0, 0xff, 0xfc, 0x0,
    0x0, 0x0, 0xff, 0xc0, 0x0, 0x0, 0xf, 0xfc,
    0x0, 0x0, 0x0, 0xff, 0xc0, 0x0, 0x0, 0xf,
    0xfc, 0x0, 0x0, 0x0, 0xff, 0xc0, 0x0, 0x0,
    0xf, 0xfe, 0x0, 0x0, 0x0, 0xff, 0xe0, 0x0,
    0x0, 0xf, 0xfe, 0x0, 0x0, 0x0, 0xff, 0xe0,
    0x0, 0x0, 0xf, 0xfe, 0x0, 0x0, 0x0, 0xff,
    0xe0, 0x0, 0x0, 0xf, 0xfe, 0x0, 0x0, 0x0,
    0xff, 0xe0, 0xf, 0x80, 0xf, 0xfe, 0x1, 0xff,
    0xf0, 0xff, 0xe0, 0x7f, 0xfe, 0xf, 0xfe, 0x1f,
    0xff, 0x80, 0xff, 0xe7, 0xff, 0xf0, 0xf, 0xff,
    0xff, 0xfe, 0x0, 0xff, 0xff, 0xff, 0xc0, 0x7,
    0xff, 0xff, 0xf0, 0x0, 0x7f, 0xff, 0xfe, 0x0,
    0x7, 0xff, 0xff, 0xc0, 0x0, 0x7f, 0xff, 0xf0,
    0x0, 0x7, 0xff, 0xfe, 0x0, 0x0, 0x7f, 0xff,
    0xe0, 0x0, 0x7, 0xff, 0xff, 0x0, 0x0, 0x7f,
    0xff, 0xf8, 0x0, 0x7, 0xff, 0xff, 0xe0, 0x0,
    0x7f, 0xff, 0xff, 0x0, 0x7, 0xff, 0xff, 0xfc,
    0x0, 0x7f, 0xfb, 0xff, 0xe0, 0x7, 0xff, 0x9f,
    0xff, 0x0, 0x7f, 0xf8, 0xff, 0xfc, 0x7, 0xff,
    0x83, 0xff, 0xe0, 0x7f, 0xf8, 0x1f, 0xff, 0x7,
    0xff, 0x80, 0xff, 0xf0, 0x7f, 0xf8, 0x3, 0xff,
    0x7, 0xff, 0x80, 0x1f, 0xf0, 0x3f, 0xf8, 0x0,
    0xff, 0x3, 0xff, 0x80, 0x3, 0xf0, 0x3f, 0xf8,
    0x0, 0x1f, 0x3, 0xff, 0x80, 0x0, 0x70, 0x0,
    0x0, 0x0, 0x3, 0x0, 0x0, 0x0, 0x0, 0x10,

    /* U+006C "l" */
    0x0, 0x18, 0x0, 0x3e, 0x0, 0xff, 0x1, 0xff,
    0x83, 0xff, 0xc3, 0xff, 0xe1, 0xff, 0xf1, 0xff,
    0xf8, 0xff, 0xfc, 0x7f, 0xfe, 0x27, 0xff, 0x3,
    0xff, 0x80, 0xff, 0xc0, 0x7f, 0xe0, 0x3f, 0xf0,
    0x1f, 0xf8, 0xf, 0xfc, 0x7, 0xff, 0x3, 0xff,
    0x81, 0xff, 0xc0, 0xff, 0xe0, 0x7f, 0xf0, 0x3f,
    0xf8, 0x1f, 0xfc, 0xf, 0xfe, 0x7, 0xff, 0x3,
    0xff, 0x81, 0xff, 0xc0, 0xff, 0xe0, 0x7f, 0xf0,
    0x3f, 0xf8, 0xf, 0xfc, 0x7, 0xfe, 0x3, 0xff,
    0x1, 0xff, 0xc0, 0xff, 0xe0, 0x7f, 0xf0, 0x3f,
    0xf8, 0x1f, 0xfc, 0xf, 0xfe, 0x7, 0xff, 0x3,
    0xff, 0x81, 0xff, 0xc0, 0xff, 0xe0, 0x7f, 0xf0,
    0x3f, 0xf8, 0x1f, 0xfc, 0xf, 0xfe, 0x7, 0xff,
    0x3, 0xff, 0x80, 0xff, 0xe0, 0x7f, 0xf0,

    /* U+006D "m" */
    0x0, 0xc0, 0x0, 0xf, 0xe0, 0x1, 0xfe, 0x3f,
    0x83, 0xff, 0xc0, 0x3f, 0xff, 0xff, 0xff, 0xff,
    0x1, 0xff, 0xff, 0xff, 0xff, 0xfc, 0xf, 0xff,
    0xff, 0xff, 0xff, 0xf0, 0x7f, 0xff, 0xff, 0xff,
    0xff, 0xc3, 0xff, 0xff, 0xff, 0xff, 0xff, 0x1f,
    0xff, 0xff, 0xff, 0xff, 0xf8, 0xff, 0xfe, 0xff,
    0xf3, 0xff, 0xe7, 0xff, 0xf7, 0xff, 0x9f, 0xff,
    0x3f, 0xff, 0x3f, 0xfe, 0x7f, 0xfd, 0xff, 0xf8,
    0xff, 0xf1, 0xff, 0xef, 0xff, 0xc7, 0xff, 0x8f,
    0xff, 0x7f, 0xfc, 0x3f, 0xfc, 0x7f, 0xfb, 0xff,
    0xe0, 0xff, 0xe1, 0xff, 0xdf, 0xff, 0x7, 0xff,
    0x8f, 0xff, 0xff, 0xf8, 0x3f, 0xfc, 0x7f, 0xff,
    0xff, 0xc1, 0xff, 0xe3, 0xff, 0xff, 0xfe, 0xf,
    0xff, 0xf, 0xff, 0xff, 0xf0, 0x3f, 0xf8, 0x7f,
    0xff, 0xff, 0x81, 0xff, 0xc3, 0xff, 0xff, 0xfc,
    0xf, 0xfe, 0x1f, 0xff, 0xff, 0xe0, 0x7f, 0xf0,
    0xff, 0xff, 0xff, 0x3, 0xff, 0x87, 0xff, 0xff,
    0xf8, 0x1f, 0xfc, 0x3f, 0xff, 0xff, 0xc0, 0xff,
    0xe1, 0xff, 0xff, 0xfe, 0x7, 0xfe, 0xf, 0xfc,
    0xff, 0xf0, 0x3f, 0xf0, 0x7f, 0xe7, 0xff, 0x81,
    0xff, 0x83, 0xff, 0x3e, 0x0, 0xf, 0xfc, 0x1f,
    0xf8,

    /* U+006E "n" */
    0x1, 0xc1, 0xfc, 0x0, 0xff, 0xef, 0xff, 0x0,
    0xff, 0xff, 0xff, 0x80, 0xff, 0xff, 0xff, 0xc0,
    0xff, 0xff, 0xff, 0xe0, 0xff, 0xff, 0xff, 0xf0,
    0xff, 0xff, 0xff, 0xf8, 0xff, 0xff, 0xff, 0xf8,
    0xff, 0xff, 0x7f, 0xfc, 0xff, 0xfe, 0x3f, 0xfc,
    0xff, 0xfc, 0x3f, 0xfe, 0xff, 0xfc, 0x1f, 0xfe,
    0xff, 0xfc, 0x1f, 0xfe, 0xff, 0xf8, 0xf, 0xfe,
    0xff, 0xf8, 0xf, 0xff, 0xff, 0xf8, 0xf, 0xff,
    0xff, 0xf8, 0xf, 0xff, 0xff, 0xf8, 0xf, 0xff,
    0xff, 0xf8, 0x7, 0xff, 0xff, 0xf8, 0x7, 0xff,
    0xff, 0xf8, 0x7, 0xff, 0xff, 0xf8, 0x7, 0xff,
    0xff, 0xf8, 0x7, 0xff, 0xff, 0xf8, 0x7, 0xff,
    0xff, 0xf8, 0x7, 0xff, 0xff, 0xf8, 0x7, 0xff,
    0x7f, 0xf8, 0x7, 0xfe, 0x7f, 0xf8, 0x7, 0xfe,
    0x7f, 0xf8, 0x7, 0xfe, 0x7c, 0x0, 0x7, 0xfe,

    /* U+006F "o" */
    0x0, 0xf, 0xe0, 0x0, 0x7, 0xff, 0xe0, 0x1,
    0xff, 0xff, 0x0, 0x3f, 0xff, 0xf8, 0x7, 0xfe,
    0x7f, 0xc0, 0xff, 0x8f, 0xfe, 0x1f, 0xf1, 0xfb,
    0xe3, 0xfe, 0x1f, 0xbe, 0x3f, 0xe1, 0xf3, 0xf7,
    0xfc, 0x1f, 0x3f, 0x7f, 0xc0, 0x3, 0xff, 0xfc,
    0x0, 0x7f, 0xff, 0xc0, 0x7, 0xff, 0xfe, 0x0,
    0x7f, 0xff, 0xf0, 0xf, 0xff, 0xff, 0xc3, 0xff,
    0xff, 0xff, 0xff, 0xff, 0xff, 0xff, 0xfe, 0xff,
    0xff, 0xff, 0xef, 0xff, 0xff, 0xfc, 0x7f, 0xff,
    0xff, 0xc7, 0xff, 0xff, 0xf8, 0x7f, 0xff, 0xff,
    0x3, 0xff, 0xff, 0xf0, 0x1f, 0xff, 0xfe, 0x1,
    0xff, 0xff, 0xc0, 0xf, 0xff, 0xf0, 0x0, 0x3f,
    0xfc, 0x0, 0x0, 0xfe, 0x0, 0x0,

    /* U+0070 "p" */
    0x0, 0xc, 0x0, 0x0, 0x0, 0x3c, 0x0, 0x0,
    0x1, 0xfc, 0x0, 0x0, 0x7, 0xfc, 0xfe, 0x0,
    0x3f, 0xff, 0xff, 0xc0, 0x7f, 0xff, 0xff, 0xf0,
    0x7f, 0xff, 0xff, 0xf8, 0x7f, 0xff, 0xe3, 0xfc,
    0x7f, 0xff, 0xcf, 0xfe, 0xff, 0xff, 0x8f, 0xbe,
    0x8f, 0xff, 0x1f, 0xbe, 0xf, 0xfe, 0x1f, 0x3f,
    0xf, 0xfe, 0xe, 0x3f, 0xf, 0xfe, 0x0, 0x3f,
    0xf, 0xfe, 0x0, 0x7f, 0xf, 0xfe, 0x0, 0x7f,
    0xf, 0xff, 0x0, 0xff, 0xf, 0xff, 0x80, 0xff,
    0xf, 0xff, 0xe3, 0xff, 0xf, 0xff, 0xff, 0xff,
    0xf, 0xff, 0xff, 0xfe, 0xf, 0xff, 0xff, 0xfe,
    0x7, 0xff, 0xff, 0xfc, 0x7, 0xff, 0xff, 0xfc,
    0x7, 0xff, 0xff, 0xf8, 0x7, 0xff, 0xff, 0xf8,
    0x7, 0xff, 0xff, 0xf0, 0x7, 0xff, 0xff, 0xe0,
    0x7, 0xff, 0xff, 0xc0, 0x7, 0xff, 0xff, 0x80,
    0x7, 0xff, 0xfe, 0x0, 0x7, 0xff, 0xe0, 0x0,
    0x7, 0xff, 0x0, 0x0, 0x7, 0xff, 0x0, 0x0,
    0x7, 0xff, 0x0, 0x0, 0x7, 0xff, 0x0, 0x0,
    0x7, 0xff, 0x0, 0x0, 0x7, 0xff, 0x0, 0x0,
    0x7, 0xff, 0x0, 0x0, 0x7, 0xff, 0x0, 0x0,
    0x7, 0xff, 0x0, 0x0, 0x7, 0xff, 0x0, 0x0,
    0x3, 0xff, 0x0, 0x0, 0x3, 0xff, 0x0, 0x0,
    0x3, 0xff, 0x80, 0x0, 0x3, 0xff, 0x80, 0x0,
    0x3, 0xff, 0x80, 0x0, 0x3, 0xff, 0x80, 0x0,
    0x3, 0xff, 0x80, 0x0, 0x3, 0xff, 0x80, 0x0,
    0x3, 0xff, 0x80, 0x0, 0x3, 0xff, 0x80, 0x0,

    /* U+0071 "q" */
    0x0, 0x0, 0x0, 0x0, 0x0, 0x0, 0x3, 0x0,
    0x0, 0x0, 0xf8, 0x0, 0x1f, 0xff, 0xc0, 0x7,
    0xff, 0xfe, 0x0, 0xff, 0xff, 0xf0, 0xf, 0xff,
    0xff, 0x80, 0xff, 0xff, 0xfc, 0xf, 0xfc, 0x7f,
    0xe0, 0xff, 0x87, 0xff, 0xf, 0xf8, 0x3f, 0xf8,
    0x7f, 0xc1, 0xff, 0xc7, 0xfc, 0x7, 0xfe, 0x3f,
    0xe0, 0xf, 0xfb, 0xff, 0x0, 0x7f, 0xdf, 0xf8,
    0x3, 0xfe, 0xff, 0xe0, 0x1f, 0xf7, 0xff, 0xc0,
    0xff, 0xbf, 0xff, 0xff, 0xfd, 0xff, 0xff, 0xff,
    0xef, 0xff, 0xff, 0xff, 0x7f, 0xff, 0xff, 0xfb,
    0xff, 0xff, 0xff, 0xcf, 0xff, 0xff, 0xfe, 0x7f,
    0xff, 0xff, 0xf3, 0xff, 0xff, 0xff, 0x8f, 0xff,
    0xff, 0xfc, 0x3f, 0xff, 0xff, 0xe1, 0xff, 0xff,
    0xff, 0x7, 0xff, 0xff, 0xf8, 0xf, 0xff, 0xff,
    0xc0, 0x1f, 0xe7, 0xfe, 0x0, 0x0, 0x3f, 0xf0,
    0x0, 0x1, 0xff, 0x80, 0x0, 0xf, 0xfc, 0x0,
    0x0, 0x7f, 0xe0, 0x0, 0x3, 0xff, 0x0, 0x0,
    0xf, 0xf8, 0x0, 0x0, 0x7f, 0xc0, 0x0, 0x3,
    0xfe, 0x0, 0x0, 0x1f, 0xf0, 0x0, 0x0, 0xff,
    0x80, 0x0, 0x7, 0xfc, 0x0, 0x0, 0x3f, 0xe0,
    0x0, 0x1, 0xff, 0x0, 0x0, 0xf, 0xf8, 0x0,
    0x0, 0x7f, 0xc0, 0x0, 0x3, 0xfe, 0x0, 0x0,
    0x1f, 0xf0, 0x0, 0x0, 0xff, 0x80, 0x0, 0x7,
    0xfe, 0x0, 0x0, 0x3f, 0xf0, 0x0, 0x1, 0xff,
    0x80,

    /* U+0072 "r" */
    0x0, 0xc0, 0xfc, 0x7, 0xff, 0x7f, 0xf8, 0x3f,
    0xff, 0xff, 0xf1, 0xff, 0xff, 0xff, 0xcf, 0xff,
    0xff, 0xff, 0x7f, 0xff, 0xff, 0xfb, 0xff, 0xff,
    0xff, 0xff, 0xff, 0xff, 0xff, 0xff, 0xff, 0xff,
    0xe7, 0xff, 0xf1, 0xfe, 0x3f, 0xff, 0x7, 0xc1,
    0xff, 0xf8, 0x1c, 0xf, 0xff, 0xc0, 0x80, 0x7f,
    0xfc, 0x0, 0x3, 0xff, 0xe0, 0x0, 0x1f, 0xff,
    0x0, 0x0, 0xff, 0xf8, 0x0, 0x7, 0xff, 0xc0,
    0x0, 0x3f, 0xfe, 0x0, 0x1, 0xff, 0xf0, 0x0,
    0xf, 0xff, 0x80, 0x0, 0x7f, 0xfc, 0x0, 0x3,
    0xff, 0xe0, 0x0, 0x1f, 0xff, 0x0, 0x0, 0xff,
    0xf8, 0x0, 0x7, 0xff, 0xc0, 0x0, 0x3f, 0xfe,
    0x0, 0x0, 0xff, 0xf0, 0x0, 0x7, 0xff, 0x80,
    0x0, 0x3f, 0xfc, 0x0, 0x1, 0xff, 0x0, 0x0,
    0x0, 0x0, 0x0, 0x0,

    /* U+0073 "s" */
    0x0, 0x7f, 0xe0, 0x0, 0x0, 0x7f, 0xff, 0xc0,
    0x0, 0x1f, 0xff, 0xff, 0x80, 0x7, 0xff, 0xff,
    0xfe, 0x1, 0xff, 0xff, 0xff, 0xf8, 0x7f, 0xff,
    0xff, 0xff, 0x8f, 0xff, 0xff, 0xff, 0xf3, 0xff,
    0xff, 0xff, 0xfe, 0x7f, 0xff, 0xff, 0xff, 0x8f,
    0xfe, 0xf, 0xff, 0xf1, 0xff, 0x80, 0x1f, 0xfc,
    0x3f, 0xf0, 0x0, 0x3f, 0x87, 0xff, 0x0, 0x0,
    0xe0, 0x7f, 0xfc, 0x0, 0x0, 0xf, 0xff, 0xfe,
    0x0, 0x0, 0xff, 0xff, 0xfc, 0x0, 0xf, 0xff,
    0xff, 0xe0, 0x0, 0xff, 0xff, 0xff, 0x0, 0xf,
    0xff, 0xff, 0xf0, 0x0, 0x7f, 0xff, 0xfe, 0x0,
    0x81, 0xff, 0xff, 0xe0, 0x3c, 0x0, 0x7f, 0xfc,
    0x7, 0xf0, 0x0, 0xff, 0xc1, 0xff, 0xe0, 0x3f,
    0xf8, 0x3f, 0xff, 0xff, 0xff, 0xf, 0xff, 0xff,
    0xff, 0xe1, 0xff, 0xff, 0xff, 0xfc, 0x7f, 0xff,
    0xff, 0xff, 0xf, 0xff, 0xff, 0xff, 0xe0, 0xff,
    0xff, 0xff, 0xfc, 0x3, 0xff, 0xff, 0xff, 0x0,
    0x7, 0xff, 0xff, 0xc0, 0x0, 0x1f, 0xff, 0xf0,
    0x0, 0x0, 0x3f, 0xf8, 0x0,

    /* U+0074 "t" */
    0x0, 0x0, 0x0, 0x0, 0x0, 0x0, 0x6, 0x0,
    0x0, 0x0, 0x3, 0xe0, 0x0, 0x0, 0x0, 0xfe,
    0x0, 0x0, 0x0, 0x3f, 0xe0, 0x0, 0x0, 0x7,
    0xfe, 0x0, 0x0, 0x0, 0x7f, 0xe0, 0x0, 0x0,
    0x7, 0xfe, 0x0, 0x0, 0x0, 0x7f, 0xe0, 0x0,
    0x0, 0x7, 0xfe, 0x0, 0x0, 0x0, 0x7f, 0xe0,
    0x0, 0x0, 0x7, 0xfe, 0x0, 0x0, 0x0, 0x7f,
    0xe0, 0x0, 0x0, 0x7, 0xfe, 0x0, 0x0, 0x0,
    0x7f, 0xe0, 0x0, 0x0, 0x7, 0xfe, 0x0, 0x0,
    0xff, 0xff, 0xe0, 0x0, 0xf, 0xff, 0xff, 0xfe,
    0x0, 0x7f, 0xff, 0xff, 0xe0, 0x7, 0xff, 0xff,
    0xfe, 0x0, 0x7f, 0xff, 0xff, 0xe0, 0x7, 0xff,
    0xff, 0xfe, 0x0, 0x7f, 0xff, 0xff, 0xe0, 0x3,
    0xff, 0xff, 0xfe, 0x0, 0x3f, 0xff, 0xff, 0xe0,
    0x3, 0xff, 0xff, 0xfe, 0x0, 0x0, 0x7f, 0xe0,
    0x0, 0x0, 0x7, 0xfc, 0x0, 0x0, 0x0, 0x7f,
    0xc0, 0x0, 0x0, 0x7, 0xfc, 0x0, 0x0, 0x0,
    0x7f, 0xc0, 0x0, 0x0, 0x7, 0xfc, 0x0, 0xe,
    0x0, 0x7f, 0xc0, 0x1, 0xe0, 0x7, 0xfc, 0x0,
    0x7e, 0x0, 0x7f, 0xc0, 0xf, 0xf0, 0x7, 0xfc,
    0x3, 0xff, 0x0, 0x7f, 0xc0, 0x3f, 0xf0, 0x7,
    0xfe, 0x3, 0xff, 0x0, 0x7f, 0xe0, 0x7f, 0xf0,
    0x7, 0xff, 0xf, 0xff, 0x0, 0x3f, 0xff, 0xff,
    0xf0, 0x3, 0xff, 0xff, 0xff, 0x0, 0x1f, 0xff,
    0xff, 0xe0, 0x1, 0xff, 0xff, 0xfe, 0x0, 0xf,
    0xff, 0xff, 0xc0, 0x0, 0x7f, 0xff, 0xfc, 0x0,
    0x3, 0xff, 0xff, 0x0, 0x0, 0x1f, 0xff, 0xc0,
    0x0, 0x0, 0x3f, 0xc0, 0x0,

    /* U+0075 "u" */
    0x7e, 0x0, 0x0, 0x0, 0x3f, 0xfc, 0x0, 0x0,
    0x1f, 0xfe, 0x1, 0xff, 0x9f, 0xff, 0x0, 0xff,
    0xef, 0xff, 0x80, 0x7f, 0xf7, 0xff, 0xc0, 0x3f,
    0xfb, 0xff, 0xe0, 0x1f, 0xfd, 0xff, 0xf0, 0xf,
    0xfe, 0xff, 0xf8, 0x7, 0xff, 0x7f, 0xfc, 0x3,
    0xff, 0xbf, 0xfe, 0x1, 0xff, 0xdf, 0xff, 0x0,
    0xff, 0xff, 0xff, 0x80, 0x7f, 0xf7, 0xff, 0xc0,
    0x7f, 0xfb, 0xff, 0xe0, 0x3f, 0xfd, 0xff, 0xf0,
    0x1f, 0xfe, 0xff, 0xf8, 0xf, 0xff, 0x7f, 0xfe,
    0xf, 0xff, 0x9f, 0xff, 0x7, 0xff, 0x8f, 0xff,
    0x87, 0xff, 0xc7, 0xff, 0xe3, 0xff, 0xe3, 0xff,
    0xfb, 0xff, 0xe1, 0xff, 0xff, 0xff, 0xf0, 0x7f,
    0xff, 0xff, 0xf0, 0x1f, 0xff, 0xff, 0xf8, 0xf,
    0xff, 0xff, 0xf8, 0x3, 0xff, 0xff, 0xf8, 0x0,
    0x7f, 0xff, 0xf8, 0x0, 0x1f, 0xff, 0xf8, 0x0,
    0x3, 0xff, 0xf8, 0x0, 0x0, 0x3f, 0xe0, 0x0,

    /* U+0076 "v" */
    0x7f, 0xfc, 0x0, 0x0, 0x1, 0xff, 0xf0, 0x1,
    0xff, 0x7, 0xff, 0xe0, 0x7, 0xff, 0xcf, 0xff,
    0x80, 0x3f, 0xfe, 0x3f, 0xfe, 0x0, 0xff, 0xf8,
    0x7f, 0xfc, 0x7, 0xff, 0xc1, 0xff, 0xf0, 0x1f,
    0xff, 0x7, 0xff, 0xe0, 0x7f, 0xfc, 0xf, 0xff,
    0x83, 0xff, 0xe0, 0x3f, 0xfe, 0xf, 0xff, 0x80,
    0x7f, 0xfc, 0x3f, 0xfc, 0x1, 0xff, 0xf1, 0xff,
    0xf0, 0x7, 0xff, 0xc7, 0xff, 0xc0, 0xf, 0xff,
    0xbf, 0xfe, 0x0, 0x3f, 0xfe, 0xff, 0xf8, 0x0,
    0x7f, 0xff, 0xff, 0xc0, 0x1, 0xff, 0xff, 0xff,
    0x0, 0x7, 0xff, 0xff, 0xf8, 0x0, 0xf, 0xff,
    0xff, 0xe0, 0x0, 0x3f, 0xff, 0xff, 0x80, 0x0,
    0x7f, 0xff, 0xfc, 0x0, 0x1, 0xff, 0xff, 0xf0,
    0x0, 0x7, 0xff, 0xff, 0x80, 0x0, 0xf, 0xff,
    0xfe, 0x0, 0x0, 0x3f, 0xff, 0xf8, 0x0, 0x0,
    0x7f, 0xff, 0xc0, 0x0, 0x1, 0xff, 0xff, 0x0,
    0x0, 0x7, 0xff, 0xf8, 0x0, 0x0, 0xf, 0xff,
    0xe0, 0x0, 0x0, 0x3f, 0xff, 0x80, 0x0, 0x0,
    0x7f, 0xfc, 0x0, 0x0, 0x1, 0xff, 0xf0, 0x0,
    0x0, 0x7, 0xff, 0x80, 0x0,

    /* U+0077 "w" */
    0x7f, 0xfc, 0x7, 0xff, 0xc0, 0x0, 0x0, 0x1f,
    0xff, 0x1, 0xff, 0xf0, 0x1, 0xff, 0x7, 0xff,
    0xe0, 0x7f, 0xfe, 0x0, 0x7f, 0xfc, 0xff, 0xf8,
    0xf, 0xff, 0x80, 0x3f, 0xfe, 0x3f, 0xfe, 0x3,
    0xff, 0xe0, 0xf, 0xff, 0x87, 0xff, 0xc0, 0x7f,
    0xfc, 0x3, 0xff, 0xc1, 0xff, 0xf0, 0x1f, 0xff,
    0x1, 0xff, 0xf0, 0x7f, 0xfe, 0x7, 0xff, 0xe0,
    0x7f, 0xfc, 0xf, 0xff, 0x83, 0xff, 0xf8, 0x3f,
    0xfe, 0x3, 0xff, 0xe0, 0xff, 0xfe, 0xf, 0xff,
    0x80, 0x7f, 0xfc, 0x7f, 0xff, 0xc3, 0xff, 0xc0,
    0x1f, 0xff, 0x1f, 0xff, 0xf1, 0xff, 0xf0, 0x7,
    0xff, 0xc7, 0xff, 0xfc, 0x7f, 0xfc, 0x0, 0xff,
    0xfb, 0xff, 0xff, 0xbf, 0xfe, 0x0, 0x3f, 0xfe,
    0xff, 0xff, 0xef, 0xff, 0x80, 0x7, 0xff, 0xff,
    0xff, 0xff, 0xff, 0xc0, 0x1, 0xff, 0xff, 0xff,
    0xff, 0xff, 0xf0, 0x0, 0x7f, 0xff, 0xff, 0xff,
    0xff, 0xfc, 0x0, 0xf, 0xff, 0xff, 0xff, 0xff,
    0xfe, 0x0, 0x3, 0xff, 0xff, 0xff, 0xff, 0xff,
    0x80, 0x0, 0x7f, 0xff, 0xff, 0xff, 0xff, 0xc0,
    0x0, 0x1f, 0xff, 0xff, 0xff, 0xff, 0xf0, 0x0,
    0x7, 0xff, 0xff, 0xff, 0xff, 0xfc, 0x0, 0x0,
    0xff, 0xff, 0xef, 0xff, 0xfe, 0x0, 0x0, 0x3f,
    0xff, 0xfb, 0xff, 0xff, 0x80, 0x0, 0x7, 0xff,
    0xfc, 0x7f, 0xff, 0xc0, 0x0, 0x1, 0xff, 0xff,
    0x1f, 0xff, 0xf0, 0x0, 0x0, 0x7f, 0xff, 0x87,
    0xff, 0xfc, 0x0, 0x0, 0xf, 0xff, 0xe0, 0xff,
    0xfe, 0x0, 0x0, 0x3, 0xff, 0xf8, 0x3f, 0xff,
    0x80, 0x0, 0x0, 0x7f, 0xfc, 0x7, 0xff, 0xc0,
    0x0, 0x0, 0x1f, 0xff, 0x1, 0xff, 0xf0, 0x0,
    0x0, 0x7, 0xff, 0x80, 0x7f, 0xfc, 0x0, 0x0,

    /* U+0078 "x" */
    0x7f, 0xfc, 0x0, 0x1f, 0xff, 0x1f, 0xff, 0x0,
    0x1f, 0xff, 0xf, 0xff, 0xc0, 0x1f, 0xff, 0x83,
    0xff, 0xe0, 0xf, 0xff, 0x80, 0xff, 0xf8, 0xf,
    0xff, 0x80, 0x3f, 0xfe, 0xf, 0xff, 0x80, 0xf,
    0xff, 0x8f, 0xff, 0x80, 0x7, 0xff, 0xc7, 0xff,
    0xc0, 0x1, 0xff, 0xf7, 0xff, 0xc0, 0x0, 0x7f,
    0xff, 0xff, 0xc0, 0x0, 0x1f, 0xff, 0xff, 0xc0,
    0x0, 0x7, 0xff, 0xff, 0xc0, 0x0, 0x3, 0xff,
    0xff, 0xe0, 0x0, 0x0, 0xff, 0xff, 0xe0, 0x0,
    0x0, 0x3f, 0xff, 0xe0, 0x0, 0x0, 0xf, 0xff,
    0xe0, 0x0, 0x0, 0x3, 0xff, 0xe0, 0x0, 0x0,
    0x1, 0xff, 0xf0, 0x0, 0x0, 0x1, 0xff, 0xfc,
    0x0, 0x0, 0x1, 0xff, 0xff, 0x0, 0x0, 0x0,
    0xff, 0xff, 0x80, 0x0, 0x0, 0xff, 0xff, 0xe0,
    0x0, 0x0, 0xff, 0xff, 0xf8, 0x0, 0x0, 0xff,
    0xff, 0xfe, 0x0, 0x0, 0x7f, 0xff, 0xff, 0x0,
    0x0, 0x7f, 0xfb, 0xff, 0xc0, 0x0, 0x7f, 0xfd,
    0xff, 0xf0, 0x0, 0x7f, 0xfc, 0x7f, 0xfc, 0x0,
    0x7f, 0xfc, 0x1f, 0xff, 0x0, 0x3f, 0xfc, 0x7,
    0xff, 0x80, 0x3f, 0xfe, 0x3, 0xff, 0xe0, 0x3f,
    0xfe, 0x0, 0xff, 0xf8, 0x3f, 0xfe, 0x0, 0x3f,
    0xfe, 0x0,

    /* U+0079 "y" */
    0x0, 0xc0, 0x0, 0x0, 0x0, 0x3e, 0x0, 0x6,
    0x0, 0xf, 0xe0, 0x0, 0x78, 0x3, 0xff, 0x0,
    0x7, 0xf0, 0xff, 0xf0, 0x0, 0xff, 0xe7, 0xff,
    0x80, 0xf, 0xff, 0x7f, 0xfc, 0x0, 0xff, 0xf3,
    0xff, 0xc0, 0x1f, 0xfe, 0x3f, 0xfe, 0x1, 0xff,
    0xe1, 0xff, 0xe0, 0x1f, 0xfe, 0x1f, 0xff, 0x3,
    0xff, 0xc0, 0xff, 0xf0, 0x3f, 0xfc, 0xf, 0xff,
    0x87, 0xff, 0x80, 0x7f, 0xf8, 0x7f, 0xf8, 0x3,
    0xff, 0xc7, 0xff, 0x80, 0x3f, 0xfc, 0xff, 0xf0,
    0x1, 0xff, 0xef, 0xff, 0x0, 0x1f, 0xfe, 0xff,
    0xe0, 0x0, 0xff, 0xff, 0xfe, 0x0, 0xf, 0xff,
    0xff, 0xe0, 0x0, 0x7f, 0xff, 0xfc, 0x0, 0x7,
    0xff, 0xff, 0xc0, 0x0, 0x3f, 0xff, 0xf8, 0x0,
    0x3, 0xff, 0xff, 0x80, 0x0, 0x1f, 0xff, 0xf0,
    0x0, 0x0, 0xff, 0xff, 0x0, 0x0, 0xf, 0xff,
    0xf0, 0x0, 0x0, 0x7f, 0xfe, 0x0, 0x0, 0x7,
    0xff, 0xe0, 0x0, 0x0, 0x3f, 0xfc, 0x0, 0x0,
    0x3, 0xff, 0xc0, 0x0, 0x0, 0x3f, 0xfc, 0x0,
    0x0, 0x7, 0xff, 0x80, 0x0, 0x0, 0x7f, 0xf8,
    0x0, 0x0, 0x7, 0xff, 0x0, 0x0, 0x0, 0xff,
    0xf0, 0x0, 0x0, 0xf, 0xfe, 0x0, 0x0, 0x0,
    0xff, 0xe0, 0x0, 0x0, 0x1f, 0xfe, 0x0, 0x0,
    0x1, 0xff, 0xc0, 0x0, 0x0, 0x3f, 0xfc, 0x0,
    0x0, 0x3, 0xff, 0x80, 0x0, 0x0, 0x3f, 0xf8,
    0x0, 0x0, 0x7, 0xff, 0x80, 0x0, 0x0, 0x7f,
    0xf0, 0x0, 0x0, 0x7, 0xff, 0x0, 0x0, 0x0,
    0x1f, 0xe0, 0x0, 0x0, 0x0, 0x3e, 0x0, 0x0,
    0x0, 0x0, 0xc0, 0x0, 0x0,

    /* U+007A "z" */
    0xff, 0xff, 0xff, 0xff, 0xff, 0xff, 0xff, 0xff,
    0xff, 0xf9, 0xff, 0xff, 0xff, 0xff, 0xe3, 0xff,
    0xff, 0xff, 0xff, 0xc7, 0xff, 0xff, 0xff, 0xff,
    0xf, 0xff, 0xff, 0xff, 0xfc, 0x1f, 0xff, 0xff,
    0xff, 0xf0, 0x3f, 0xff, 0xff, 0xff, 0xc0, 0x7f,
    0xff, 0xff, 0xff, 0x80, 0x7f, 0xff, 0xff, 0xfe,
    0x0, 0xff, 0xff, 0xff, 0xf8, 0x0, 0x0, 0x1,
    0xff, 0xe0, 0x0, 0x0, 0x3, 0xff, 0x80, 0x0,
    0x0, 0xf, 0xff, 0x0, 0x0, 0x0, 0x3f, 0xfc,
    0x0, 0x0, 0x0, 0xff, 0xf0, 0x0, 0x0, 0x3,
    0xff, 0xc0, 0x0, 0x0, 0x7, 0xff, 0x0, 0x0,
    0x0, 0x1f, 0xfe, 0x0, 0x0, 0x0, 0x7f, 0xf8,
    0x0, 0x0, 0x1, 0xff, 0xe0, 0x0, 0x0, 0x7,
    0xff, 0x80, 0x0, 0x0, 0xf, 0xff, 0x0, 0x0,
    0x0, 0x3f, 0xfc, 0x0, 0x0, 0x0, 0xff, 0xf0,
    0x0, 0x0, 0x3, 0xff, 0xff, 0xff, 0xf8, 0x7,
    0xff, 0xff, 0xff, 0xf0, 0x1f, 0xff, 0xff, 0xff,
    0xe0, 0x7f, 0xff, 0xff, 0xff, 0xc1, 0xff, 0xff,
    0xff, 0xff, 0x87, 0xff, 0xff, 0xff, 0xff, 0xf,
    0xff, 0xff, 0xff, 0xfe, 0x3f, 0xff, 0xff, 0xff,
    0xfc, 0xff, 0xff, 0xff, 0xff, 0xf8,

    /* U+007B "{" */
    0x0, 0x0, 0x4, 0x0, 0x0, 0x38, 0x0, 0x1,
    0xf0, 0x0, 0x7, 0xe0, 0x0, 0x3f, 0xc0, 0x0,
    0xff, 0x80, 0x3, 0xff, 0x0, 0x1f, 0xfc, 0x0,
    0x7f, 0xf8, 0x1, 0xff, 0xf0, 0x7, 0xff, 0xe0,
    0x1f, 0xff, 0x0, 0x7f, 0xfc, 0x1, 0xff, 0xf0,
    0x7, 0xff, 0xc0, 0xf, 0xff, 0x0, 0x3f, 0xfe,
    0x0, 0xff, 0xf8, 0x1, 0xff, 0xe0, 0x3, 0xff,
    0xc0, 0x7, 0xff, 0x0, 0x1f, 0xfc, 0x0, 0x3f,
    0xf8, 0x0, 0x7f, 0xf0, 0x0, 0xff, 0xc0, 0x1,
    0xff, 0x80, 0x3, 0xff, 0x0, 0x7, 0xfe, 0x0,
    0xf, 0xfc, 0x0, 0x1f, 0xf8, 0x0, 0x3f, 0xf0,
    0x0, 0x7f, 0xe0, 0x0, 0x7f, 0xe0, 0x0, 0xff,
    0xc0, 0x1, 0xff, 0xc0, 0x3, 0xff, 0x80, 0x3,
    0xff, 0x80, 0x7, 0xff, 0x80, 0x7, 0xff, 0x0,
    0xf, 0xff, 0x0, 0xf, 0xff, 0x0, 0x1f, 0xff,
    0x0, 0x1f, 0xff, 0x0, 0x1f, 0xff, 0x0, 0x1f,
    0xfe, 0x0, 0x3f, 0xfc, 0x0, 0x3f, 0xf8, 0x0,
    0x3f, 0xf0, 0x0, 0x3f, 0xe0, 0x0, 0x3f, 0xc0,
    0x0, 0x1f, 0x80, 0x0, 0x1e, 0x0, 0x0, 0x1c,
    0x0, 0x0, 0x18, 0x0, 0x0, 0x0, 0x0,

    /* U+007C "|" */
    0x0, 0x4, 0x1, 0xf0, 0xff, 0xff, 0xff, 0xff,
    0xff, 0xff, 0xff, 0xff, 0xff, 0xff, 0xff, 0xff,
    0xff, 0xff, 0xff, 0xff, 0xff, 0xff, 0xff, 0xff,
    0xff, 0xff, 0xff, 0xff, 0xff, 0xff, 0xff, 0xff,
    0xff, 0xff, 0xff, 0xff, 0xff, 0xff, 0xff, 0xff,
    0xff, 0xff, 0xff, 0xff, 0xff, 0xff, 0xff, 0xff,
    0xff, 0xff, 0xff, 0xff, 0xff, 0xff, 0xff, 0xff,
    0xff, 0xff, 0xff, 0xff, 0xff, 0xff, 0xff, 0xff,
    0xff, 0xff, 0xff, 0xff, 0xff, 0xff, 0xff, 0xff,
    0xff, 0xff, 0xff, 0xff, 0xff, 0xff, 0xff, 0xff,
    0xff, 0xff, 0xff, 0xff, 0xff, 0xff, 0xff, 0xff,
    0xff, 0xff, 0xff, 0xff, 0xff, 0xff, 0xff, 0xff,
    0xff, 0xff, 0xff, 0xff, 0xff, 0xff, 0xff, 0xff,
    0xff, 0xff, 0xff, 0xff, 0xff, 0xff, 0xff, 0xff,
    0xff, 0xff, 0xff, 0xef, 0xe0, 0x20, 0x0,

    /* U+007D "}" */
    0x40, 0x0, 0x0, 0xe0, 0x0, 0x1, 0xf0, 0x0,
    0x3, 0xf0, 0x0, 0x7, 0xf8, 0x0, 0xf, 0xf8,
    0x0, 0x1f, 0xf8, 0x0, 0x1f, 0xfc, 0x0, 0x3f,
    0xfc, 0x0, 0x7f, 0xfc, 0x0, 0xff, 0xfc, 0x0,
    0x7f, 0xfc, 0x0, 0x7f, 0xfc, 0x0, 0x7f, 0xf8,
    0x0, 0x7f, 0xf8, 0x0, 0x7f, 0xf8, 0x0, 0x7f,
    0xf0, 0x0, 0x7f, 0xf0, 0x0, 0x7f, 0xe0, 0x0,
    0xff, 0xe0, 0x0, 0xff, 0xc0, 0x1, 0xff, 0x80,
    0x3, 0xff, 0x0, 0x7, 0xff, 0x0, 0x7, 0xfe,
    0x0, 0xf, 0xfc, 0x0, 0x1f, 0xf8, 0x0, 0x3f,
    0xf0, 0x0, 0x7f, 0xe0, 0x0, 0xff, 0xc0, 0x1,
    0xff, 0x80, 0x7, 0xff, 0x0, 0xf, 0xfc, 0x0,
    0x1f, 0xf8, 0x0, 0x7f, 0xf0, 0x0, 0xff, 0xe0,
    0x3, 0xff, 0x80, 0xf, 0xff, 0x0, 0x1f, 0xfc,
    0x0, 0x7f, 0xf8, 0x1, 0xff, 0xe0, 0x7, 0xff,
    0xc0, 0x1f, 0xff, 0x0, 0x7f, 0xfc, 0x0, 0xff,
    0xf0, 0x1, 0xff, 0xe0, 0x3, 0xff, 0x80, 0x7,
    0xfe, 0x0, 0xf, 0xf8, 0x0, 0x1f, 0xe0, 0x0,
    0x3f, 0x80, 0x0, 0x3c, 0x0, 0x0, 0x70, 0x0,
    0x0, 0xc0, 0x0, 0x0, 0x0, 0x0, 0x0,

    /* U+007E "~" */
    0x0, 0x0, 0x0, 0x1, 0xf0, 0x0, 0x23, 0xff,
    0x0, 0xb, 0xff, 0xe0, 0xe, 0xff, 0xfc, 0xf,
    0xff, 0xff, 0xff, 0xff, 0xff, 0xff, 0xff, 0xff,
    0xff, 0xff, 0xc0, 0x3f, 0xff, 0xc0, 0x3, 0xff,
    0xc0, 0x0, 0x7f, 0x0
};


/*---------------------
 *  GLYPH DESCRIPTION
 *--------------------*/

static const lv_font_fmt_txt_glyph_dsc_t glyph_dsc[] = {
    {.bitmap_index = 0, .adv_w = 0, .box_w = 0, .box_h = 0, .ofs_x = 0, .ofs_y = 0} /* id = 0 reserved */,
    {.bitmap_index = 0, .adv_w = 400, .box_w = 1, .box_h = 1, .ofs_x = 0, .ofs_y = 0},
    {.bitmap_index = 1, .adv_w = 160, .box_w = 14, .box_h = 48, .ofs_x = -3, .ofs_y = -1},
    {.bitmap_index = 85, .adv_w = 400, .box_w = 25, .box_h = 17, .ofs_x = -2, .ofs_y = 27},
    {.bitmap_index = 139, .adv_w = 440, .box_w = 30, .box_h = 31, .ofs_x = -1, .ofs_y = 15},
    {.bitmap_index = 256, .adv_w = 440, .box_w = 37, .box_h = 56, .ofs_x = -5, .ofs_y = -7},
    {.bitmap_index = 515, .adv_w = 560, .box_w = 43, .box_h = 51, .ofs_x = -4, .ofs_y = -8},
    {.bitmap_index = 790, .adv_w = 480, .box_w = 38, .box_h = 51, .ofs_x = -4, .ofs_y = -4},
    {.bitmap_index = 1033, .adv_w = 160, .box_w = 10, .box_h = 17, .ofs_x = 0, .ofs_y = 27},
    {.bitmap_index = 1055, .adv_w = 320, .box_w = 23, .box_h = 55, .ofs_x = 1, .ofs_y = -9},
    {.bitmap_index = 1214, .adv_w = 320, .box_w = 23, .box_h = 55, .ofs_x = -3, .ofs_y = -9},
    {.bitmap_index = 1373, .adv_w = 320, .box_w = 26, .box_h = 24, .ofs_x = -3, .ofs_y = 23},
    {.bitmap_index = 1451, .adv_w = 360, .box_w = 24, .box_h = 22, .ofs_x = 0, .ofs_y = 12},
    {.bitmap_index = 1517, .adv_w = 320, .box_w = 19, .box_h = 14, .ofs_x = -2, .ofs_y = -8},
    {.bitmap_index = 1551, .adv_w = 360, .box_w = 24, .box_h = 8, .ofs_x = 0, .ofs_y = 20},
    {.bitmap_index = 1575, .adv_w = 160, .box_w = 10, .box_h = 10, .ofs_x = 0, .ofs_y = -1},
    {.bitmap_index = 1588, .adv_w = 560, .box_w = 43, .box_h = 51, .ofs_x = -4, .ofs_y = -8},
    {.bitmap_index = 1863, .adv_w = 440, .box_w = 31, .box_h = 41, .ofs_x = -1, .ofs_y = 0},
    {.bitmap_index = 2022, .adv_w = 200, .box_w = 16, .box_h = 46, .ofs_x = -3, .ofs_y = -1},
    {.bitmap_index = 2114, .adv_w = 440, .box_w = 34, .box_h = 49, .ofs_x = -2, .ofs_y = -5},
    {.bitmap_index = 2323, .adv_w = 480, .box_w = 38, .box_h = 42, .ofs_x = -4, .ofs_y = 0},
    {.bitmap_index = 2523, .adv_w = 440, .box_w = 31, .box_h = 49, .ofs_x = -3, .ofs_y = -7},
    {.bitmap_index = 2713, .adv_w = 480, .box_w = 40, .box_h = 45, .ofs_x = -6, .ofs_y = 0},
    {.bitmap_index = 2938, .adv_w = 480, .box_w = 33, .box_h = 49, .ofs_x = -1, .ofs_y = -1},
    {.bitmap_index = 3141, .adv_w = 560, .box_w = 42, .box_h = 52, .ofs_x = -4, .ofs_y = -8},
    {.bitmap_index = 3414, .adv_w = 480, .box_w = 35, .box_h = 44, .ofs_x = -2, .ofs_y = -1},
    {.bitmap_index = 3607, .adv_w = 480, .box_w = 33, .box_h = 58, .ofs_x = 0, .ofs_y = -14},
    {.bitmap_index = 3847, .adv_w = 440, .box_w = 15, .box_h = 25, .ofs_x = 5, .ofs_y = -1},
    {.bitmap_index = 3894, .adv_w = 360, .box_w = 19, .box_h = 33, .ofs_x = -2, .ofs_y = -9},
    {.bitmap_index = 3973, .adv_w = 400, .box_w = 30, .box_h = 25, .ofs_x = 0, .ofs_y = 13},
    {.bitmap_index = 4067, .adv_w = 360, .box_w = 24, .box_h = 19, .ofs_x = 0, .ofs_y = 13},
    {.bitmap_index = 4124, .adv_w = 400, .box_w = 29, .box_h = 25, .ofs_x = -2, .ofs_y = 13},
    {.bitmap_index = 4215, .adv_w = 440, .box_w = 34, .box_h = 45, .ofs_x = -2, .ofs_y = -1},
    {.bitmap_index = 4407, .adv_w = 520, .box_w = 37, .box_h = 41, .ofs_x = -2, .ofs_y = 0},
    {.bitmap_index = 4597, .adv_w = 440, .box_w = 51, .box_h = 59, .ofs_x = -11, .ofs_y = -14},
    {.bitmap_index = 4974, .adv_w = 480, .box_w = 38, .box_h = 45, .ofs_x = -2, .ofs_y = -1},
    {.bitmap_index = 5188, .adv_w = 480, .box_w = 36, .box_h = 40, .ofs_x = -2, .ofs_y = 1},
    {.bitmap_index = 5368, .adv_w = 520, .box_w = 35, .box_h = 44, .ofs_x = -1, .ofs_y = 0},
    {.bitmap_index = 5561, .adv_w = 440, .box_w = 41, .box_h = 54, .ofs_x = -2, .ofs_y = -9},
    {.bitmap_index = 5838, .adv_w = 440, .box_w = 30, .box_h = 53, .ofs_x = -2, .ofs_y = -7},
    {.bitmap_index = 6037, .adv_w = 480, .box_w = 36, .box_h = 51, .ofs_x = -2, .ofs_y = -10},
    {.bitmap_index = 6267, .adv_w = 440, .box_w = 35, .box_h = 58, .ofs_x = -4, .ofs_y = -11},
    {.bitmap_index = 6521, .adv_w = 440, .box_w = 31, .box_h = 44, .ofs_x = -2, .ofs_y = 0},
    {.bitmap_index = 6692, .adv_w = 520, .box_w = 36, .box_h = 48, .ofs_x = -1, .ofs_y = -1},
    {.bitmap_index = 6908, .adv_w = 440, .box_w = 43, .box_h = 55, .ofs_x = -4, .ofs_y = -9},
    {.bitmap_index = 7204, .adv_w = 440, .box_w = 42, .box_h = 55, .ofs_x = -4, .ofs_y = -9},
    {.bitmap_index = 7493, .adv_w = 560, .box_w = 39, .box_h = 43, .ofs_x = 0, .ofs_y = -3},
    {.bitmap_index = 7703, .adv_w = 440, .box_w = 35, .box_h = 58, .ofs_x = -4, .ofs_y = -11},
    {.bitmap_index = 7957, .adv_w = 600, .box_w = 41, .box_h = 42, .ofs_x = -2, .ofs_y = -1},
    {.bitmap_index = 8173, .adv_w = 440, .box_w = 34, .box_h = 45, .ofs_x = -2, .ofs_y = -1},
    {.bitmap_index = 8365, .adv_w = 400, .box_w = 34, .box_h = 41, .ofs_x = 0, .ofs_y = -6},
    {.bitmap_index = 8540, .adv_w = 480, .box_w = 36, .box_h = 46, .ofs_x = -2, .ofs_y = -2},
    {.bitmap_index = 8747, .adv_w = 440, .box_w = 37, .box_h = 45, .ofs_x = -5, .ofs_y = -1},
    {.bitmap_index = 8956, .adv_w = 440, .box_w = 40, .box_h = 45, .ofs_x = -5, .ofs_y = -1},
    {.bitmap_index = 9181, .adv_w = 520, .box_w = 39, .box_h = 48, .ofs_x = -5, .ofs_y = -1},
    {.bitmap_index = 9415, .adv_w = 560, .box_w = 45, .box_h = 48, .ofs_x = -4, .ofs_y = -4},
    {.bitmap_index = 9685, .adv_w = 560, .box_w = 40, .box_h = 49, .ofs_x = -4, .ofs_y = -5},
    {.bitmap_index = 9930, .adv_w = 560, .box_w = 43, .box_h = 52, .ofs_x = -4, .ofs_y = -8},
    {.bitmap_index = 10210, .adv_w = 560, .box_w = 42, .box_h = 52, .ofs_x = -4, .ofs_y = -8},
    {.bitmap_index = 10483, .adv_w = 560, .box_w = 43, .box_h = 52, .ofs_x = -4, .ofs_y = -3},
    {.bitmap_index = 10763, .adv_w = 320, .box_w = 24, .box_h = 57, .ofs_x = -1, .ofs_y = -11},
    {.bitmap_index = 10934, .adv_w = 560, .box_w = 39, .box_h = 50, .ofs_x = -2, .ofs_y = -6},
    {.bitmap_index = 11178, .adv_w = 360, .box_w = 24, .box_h = 51, .ofs_x = -1, .ofs_y = -5},
    {.bitmap_index = 11331, .adv_w = 440, .box_w = 28, .box_h = 11, .ofs_x = -1, .ofs_y = 35},
    {.bitmap_index = 11370, .adv_w = 480, .box_w = 34, .box_h = 4, .ofs_x = -2, .ofs_y = -3},
    {.bitmap_index = 11387, .adv_w = 440, .box_w = 19, .box_h = 12, .ofs_x = 3, .ofs_y = 32},
    {.bitmap_index = 11416, .adv_w = 400, .box_w = 28, .box_h = 33, .ofs_x = -1, .ofs_y = -1},
    {.bitmap_index = 11532, .adv_w = 420, .box_w = 31, .box_h = 46, .ofs_x = -2, .ofs_y = -1},
    {.bitmap_index = 11711, .adv_w = 400, .box_w = 29, .box_h = 32, .ofs_x = -2, .ofs_y = -1},
    {.bitmap_index = 11827, .adv_w = 400, .box_w = 28, .box_h = 53, .ofs_x = -1, .ofs_y = -1},
    {.bitmap_index = 12013, .adv_w = 400, .box_w = 29, .box_h = 28, .ofs_x = 0, .ofs_y = -1},
    {.bitmap_index = 12115, .adv_w = 440, .box_w = 36, .box_h = 52, .ofs_x = -4, .ofs_y = -7},
    {.bitmap_index = 12349, .adv_w = 400, .box_w = 27, .box_h = 53, .ofs_x = -1, .ofs_y = -22},
    {.bitmap_index = 12528, .adv_w = 480, .box_w = 32, .box_h = 48, .ofs_x = 0, .ofs_y = -1},
    {.bitmap_index = 12720, .adv_w = 200, .box_w = 15, .box_h = 51, .ofs_x = -2, .ofs_y = -5},
    {.bitmap_index = 12816, .adv_w = 400, .box_w = 26, .box_h = 68, .ofs_x = 1, .ofs_y = -21},
    {.bitmap_index = 13037, .adv_w = 440, .box_w = 36, .box_h = 55, .ofs_x = -3, .ofs_y = -9},
    {.bitmap_index = 13285, .adv_w = 200, .box_w = 17, .box_h = 52, .ofs_x = -3, .ofs_y = -6},
    {.bitmap_index = 13396, .adv_w = 680, .box_w = 45, .box_h = 30, .ofs_x = 0, .ofs_y = -1},
    {.bitmap_index = 13565, .adv_w = 480, .box_w = 32, .box_h = 30, .ofs_x = 0, .ofs_y = -1},
    {.bitmap_index = 13685, .adv_w = 400, .box_w = 28, .box_h = 29, .ofs_x = -1, .ofs_y = -1},
    {.bitmap_index = 13787, .adv_w = 400, .box_w = 32, .box_h = 52, .ofs_x = -5, .ofs_y = -21},
    {.bitmap_index = 13995, .adv_w = 400, .box_w = 29, .box_h = 53, .ofs_x = -1, .ofs_y = -22},
    {.bitmap_index = 14188, .adv_w = 440, .box_w = 29, .box_h = 32, .ofs_x = 0, .ofs_y = -1},
    {.bitmap_index = 14304, .adv_w = 440, .box_w = 35, .box_h = 34, .ofs_x = -3, .ofs_y = -2},
    {.bitmap_index = 14453, .adv_w = 500, .box_w = 36, .box_h = 49, .ofs_x = -4, .ofs_y = -2},
    {.bitmap_index = 14674, .adv_w = 480, .box_w = 33, .box_h = 31, .ofs_x = 0, .ofs_y = -1},
    {.bitmap_index = 14802, .adv_w = 560, .box_w = 38, .box_h = 33, .ofs_x = -3, .ofs_y = -2},
    {.bitmap_index = 14959, .adv_w = 800, .box_w = 58, .box_h = 33, .ofs_x = -3, .ofs_y = -2},
    {.bitmap_index = 15199, .adv_w = 560, .box_w = 41, .box_h = 33, .ofs_x = -3, .ofs_y = -2},
    {.bitmap_index = 15369, .adv_w = 520, .box_w = 36, .box_h = 49, .ofs_x = -2, .ofs_y = -21},
    {.bitmap_index = 15590, .adv_w = 560, .box_w = 39, .box_h = 34, .ofs_x = -2, .ofs_y = -3},
    {.bitmap_index = 15756, .adv_w = 320, .box_w = 23, .box_h = 55, .ofs_x = 1, .ofs_y = -9},
    {.bitmap_index = 15915, .adv_w = 240, .box_w = 14, .box_h = 68, .ofs_x = 1, .ofs_y = -17},
    {.bitmap_index = 16034, .adv_w = 320, .box_w = 23, .box_h = 55, .ofs_x = -3, .ofs_y = -9},
    {.bitmap_index = 16193, .adv_w = 440, .box_w = 26, .box_h = 11, .ofs_x = 0, .ofs_y = 35}
};

/*---------------------
 *  CHARACTER MAPPING
 *--------------------*/



/*Collect the unicode lists and glyph_id offsets*/
static const lv_font_fmt_txt_cmap_t cmaps[] =
{
    {
        .range_start = 32, .range_length = 95, .glyph_id_start = 1,
        .unicode_list = NULL, .glyph_id_ofs_list = NULL, .list_length = 0, .type = LV_FONT_FMT_TXT_CMAP_FORMAT0_TINY
    }
};



/*--------------------
 *  ALL CUSTOM DATA
 *--------------------*/

#if LVGL_VERSION_MAJOR == 8
/*Store all the custom data of the font*/
static  lv_font_fmt_txt_glyph_cache_t cache;
#endif

#if LVGL_VERSION_MAJOR >= 8
static const lv_font_fmt_txt_dsc_t font_dsc = {
#else
static lv_font_fmt_txt_dsc_t font_dsc = {
#endif
    .glyph_bitmap = glyph_bitmap,
    .glyph_dsc = glyph_dsc,
    .cmaps = cmaps,
    .kern_dsc = NULL,
    .kern_scale = 0,
    .cmap_num = 1,
    .bpp = 1,
    .kern_classes = 0,
    .bitmap_format = 0,
#if LVGL_VERSION_MAJOR == 8
    .cache = &cache
#endif
};



/*-----------------
 *  PUBLIC FONT
 *----------------*/

/*Initialize a public general font descriptor*/
#if LVGL_VERSION_MAJOR >= 8
const lv_font_t ui_font_Poke30 = {
#else
lv_font_t ui_font_Poke30 = {
#endif
    .get_glyph_dsc = lv_font_get_glyph_dsc_fmt_txt,    /*Function pointer to get glyph's data*/
    .get_glyph_bitmap = lv_font_get_bitmap_fmt_txt,    /*Function pointer to get glyph's bitmap*/
    .line_height = 74,          /*The maximum line height required by the font*/
    .base_line = 22,             /*Baseline measured from the bottom of the line*/
#if !(LVGL_VERSION_MAJOR == 6 && LVGL_VERSION_MINOR == 0)
    .subpx = LV_FONT_SUBPX_NONE,
#endif
#if LV_VERSION_CHECK(7, 4, 0) || LVGL_VERSION_MAJOR >= 8
    .underline_position = -5,
    .underline_thickness = 3,
#endif
    .dsc = &font_dsc,          /*The custom font data. Will be accessed by `get_glyph_bitmap/dsc` */
#if LV_VERSION_CHECK(8, 2, 0) || LVGL_VERSION_MAJOR >= 9
    .fallback = NULL,
#endif
    .user_data = NULL,
};



#endif /*#if UI_FONT_POKE30*/

