/*******************************************************************************
 * Size: 30 px
 * Bpp: 4
 * Opts: --bpp 4 --size 30 --font /Users/nivaankaushal/SquareLine/assets/pokemon-solid.ttf -o /Users/nivaankaushal/SquareLine/assets/ui_font_Font1.c --format lvgl -r 0x20-0x7f --no-compress --no-prefilter
 ******************************************************************************/

#include "ui.h"

#ifndef UI_FONT_FONT1
#define UI_FONT_FONT1 1
#endif

#if UI_FONT_FONT1

/*-----------------
 *    BITMAPS
 *----------------*/

/*Store the image of the glyphs*/
static LV_ATTRIBUTE_LARGE_CONST const uint8_t glyph_bitmap[] = {
    /* U+0020 " " */

    /* U+0021 "!" */
    0x0, 0x0, 0x0, 0x16, 0xb0, 0x0, 0x2, 0x7c,
    0xff, 0xf0, 0x38, 0xdf, 0xff, 0xff, 0xd0, 0x9f,
    0xff, 0xff, 0xff, 0xc0, 0x7f, 0xff, 0xff, 0xff,
    0xa0, 0x6f, 0xff, 0xff, 0xff, 0x80, 0x4f, 0xff,
    0xff, 0xff, 0x70, 0x2f, 0xff, 0xff, 0xff, 0x50,
    0xf, 0xff, 0xff, 0xff, 0x40, 0xe, 0xff, 0xff,
    0xff, 0x20, 0xc, 0xff, 0xff, 0xff, 0x10, 0xa,
    0xff, 0xff, 0xff, 0x0, 0x9, 0xff, 0xff, 0xfe,
    0x0, 0x7, 0xff, 0xff, 0xfc, 0x0, 0x5, 0xff,
    0xff, 0xfb, 0x0, 0x3, 0xff, 0xff, 0xf9, 0x0,
    0x1, 0xff, 0xff, 0xf8, 0x0, 0x0, 0xff, 0xff,
    0xf6, 0x0, 0x0, 0xdf, 0xff, 0xe4, 0x0, 0x0,
    0x33, 0x20, 0x0, 0x0, 0x0, 0x0, 0x0, 0x0,
    0x0, 0x0, 0x0, 0x0, 0x0, 0x0, 0x0, 0x0,
    0x0, 0x0, 0x0, 0x0, 0x2, 0x75, 0x10, 0x0,
    0x0, 0x4f, 0xff, 0xe3, 0x0, 0x0, 0xdf, 0xff,
    0xfe, 0x0, 0x0, 0xff, 0xff, 0xff, 0x30, 0x0,
    0xff, 0xff, 0xff, 0x10, 0x0, 0xaf, 0xff, 0xfb,
    0x0, 0x0, 0x19, 0xef, 0xc1, 0x0,

    /* U+0022 "\"" */
    0x19, 0x75, 0x20, 0x0, 0x1, 0x97, 0x52, 0x0,
    0xe, 0xff, 0xff, 0xc0, 0x0, 0xef, 0xff, 0xfc,
    0xa, 0xff, 0xff, 0xc0, 0x0, 0xaf, 0xff, 0xfc,
    0x6, 0xff, 0xff, 0xb0, 0x0, 0x6f, 0xff, 0xfb,
    0x2, 0xff, 0xff, 0xa0, 0x0, 0x2f, 0xff, 0xfa,
    0x0, 0xef, 0xff, 0x90, 0x0, 0xe, 0xff, 0xf9,
    0x0, 0xaf, 0xff, 0x80, 0x0, 0xa, 0xff, 0xf8,
    0x0, 0x6f, 0xff, 0x70, 0x0, 0x6, 0xff, 0xf7,
    0x0, 0x2f, 0xff, 0x60, 0x0, 0x2, 0xff, 0xf6,
    0x0, 0xd, 0xff, 0x50, 0x0, 0x0, 0xdf, 0xf5,
    0x0, 0x0, 0x2, 0x10, 0x0, 0x0, 0x0, 0x21,

    /* U+0023 "#" */
    0x0, 0x0, 0x5, 0xff, 0xf9, 0x0, 0x4f, 0xff,
    0x0, 0x0, 0x0, 0x0, 0x5f, 0xff, 0x60, 0x8,
    0xff, 0xf0, 0x0, 0x0, 0x0, 0x6, 0xff, 0xf4,
    0x0, 0xcf, 0xfd, 0x0, 0x0, 0x0, 0x0, 0x6f,
    0xff, 0x10, 0x1f, 0xff, 0xb0, 0x0, 0x5, 0xff,
    0xff, 0xff, 0xff, 0xff, 0xff, 0xff, 0xfe, 0x0,
    0x6f, 0xff, 0xff, 0xff, 0xff, 0xff, 0xff, 0xff,
    0xb0, 0x7, 0xff, 0xff, 0xff, 0xff, 0xff, 0xff,
    0xff, 0xf8, 0x0, 0x9f, 0xff, 0xff, 0xff, 0xff,
    0xff, 0xff, 0xff, 0x50, 0x4, 0x89, 0xdf, 0xff,
    0xc8, 0x8d, 0xff, 0xfa, 0x91, 0x0, 0x0, 0x9,
    0xff, 0xf6, 0x0, 0xdf, 0xff, 0x30, 0x0, 0x17,
    0x77, 0xcf, 0xff, 0x97, 0x7f, 0xff, 0xf7, 0x50,
    0x3, 0xff, 0xff, 0xff, 0xff, 0xff, 0xff, 0xff,
    0xf9, 0x0, 0x4f, 0xff, 0xff, 0xff, 0xff, 0xff,
    0xff, 0xff, 0x70, 0x5, 0xff, 0xff, 0xff, 0xff,
    0xff, 0xff, 0xff, 0xf5, 0x0, 0x7f, 0xff, 0xff,
    0xff, 0xff, 0xff, 0xff, 0xff, 0x30, 0x0, 0x0,
    0x6f, 0xff, 0x0, 0xc, 0xff, 0xf5, 0x0, 0x0,
    0x0, 0x9, 0xff, 0xd0, 0x0, 0xdf, 0xff, 0x10,
    0x0, 0x0, 0x0, 0xbf, 0xfa, 0x0, 0x6, 0x88,
    0x70, 0x0, 0x0, 0x0, 0x5, 0x31, 0x0, 0x0,
    0x0, 0x0, 0x0, 0x0, 0x0,

    /* U+0024 "$" */
    0x0, 0x0, 0x0, 0x0, 0x0, 0x10, 0x0, 0x0,
    0x0, 0x0, 0x0, 0x0, 0x0, 0x0, 0x0, 0x0,
    0xe, 0xff, 0xdc, 0x20, 0x0, 0x0, 0x0, 0x0,
    0x0, 0x0, 0x0, 0x0, 0xff, 0xff, 0xf2, 0x0,
    0x0, 0x0, 0x0, 0x0, 0x0, 0x0, 0x0, 0x1f,
    0xff, 0xff, 0x10, 0x0, 0x0, 0x0, 0x0, 0x0,
    0x6, 0xbd, 0xff, 0xff, 0xff, 0xf1, 0x0, 0x0,
    0x0, 0x0, 0x0, 0x1c, 0xff, 0xff, 0xff, 0xff,
    0xff, 0xfc, 0x83, 0x0, 0x0, 0x0, 0x1d, 0xff,
    0xff, 0xff, 0xff, 0xff, 0xff, 0xff, 0xfe, 0x94,
    0x0, 0x8, 0xff, 0xff, 0xff, 0xff, 0xff, 0xff,
    0xff, 0xff, 0xff, 0xf0, 0x0, 0xef, 0xff, 0xff,
    0xff, 0xff, 0xff, 0xff, 0xff, 0xff, 0xf9, 0x0,
    0x1f, 0xff, 0xff, 0xff, 0xff, 0xff, 0xff, 0xff,
    0xff, 0xff, 0x30, 0x1, 0xff, 0xff, 0xfd, 0x20,
    0x37, 0xbe, 0xff, 0xff, 0xff, 0xd0, 0x0, 0xe,
    0xff, 0xff, 0xa0, 0x0, 0x0, 0x2, 0x8e, 0xff,
    0xf8, 0x0, 0x0, 0x8f, 0xff, 0xff, 0x20, 0x0,
    0x0, 0x0, 0x6, 0xef, 0x20, 0x0, 0x1, 0xff,
    0xff, 0xfe, 0x30, 0x0, 0x0, 0x0, 0x0, 0x60,
    0x0, 0x0, 0x8, 0xff, 0xff, 0xff, 0x80, 0x0,
    0x0, 0x0, 0x0, 0x0, 0x0, 0x0, 0xd, 0xff,
    0xff, 0xff, 0xd5, 0x0, 0x0, 0x0, 0x0, 0x0,
    0x0, 0x0, 0x2e, 0xff, 0xff, 0xff, 0xfc, 0x30,
    0x0, 0x0, 0x0, 0x0, 0x0, 0x0, 0x3f, 0xff,
    0xff, 0xff, 0xff, 0x90, 0x0, 0x0, 0x0, 0x0,
    0x0, 0x0, 0x3e, 0xff, 0xff, 0xff, 0xff, 0xc0,
    0x0, 0x0, 0x0, 0x0, 0x0, 0x0, 0x1c, 0xff,
    0xff, 0xff, 0xff, 0xb0, 0x0, 0x0, 0x0, 0x0,
    0x0, 0x0, 0x6, 0xff, 0xff, 0xff, 0xff, 0x70,
    0x0, 0x0, 0x0, 0x0, 0x0, 0x0, 0x1, 0x9f,
    0xff, 0xff, 0xff, 0x10, 0x0, 0x0, 0x53, 0x0,
    0x0, 0x0, 0x0, 0x3d, 0xff, 0xff, 0xf8, 0x0,
    0x0, 0xd, 0xfa, 0x30, 0x0, 0x0, 0x0, 0xc,
    0xff, 0xff, 0xe0, 0x0, 0x3, 0xff, 0xff, 0xc6,
    0x10, 0x0, 0x0, 0x4f, 0xff, 0xff, 0x20, 0x0,
    0x9f, 0xff, 0xff, 0xff, 0xd9, 0x52, 0x2a, 0xff,
    0xff, 0xf4, 0x0, 0xe, 0xff, 0xff, 0xff, 0xff,
    0xff, 0xff, 0xff, 0xff, 0xff, 0x30, 0x4, 0xff,
    0xff, 0xff, 0xff, 0xff, 0xff, 0xff, 0xff, 0xff,
    0xf0, 0x0, 0xaf, 0xff, 0xff, 0xff, 0xff, 0xff,
    0xff, 0xff, 0xff, 0xfa, 0x0, 0x1, 0x6c, 0xff,
    0xff, 0xff, 0xff, 0xff, 0xff, 0xff, 0xff, 0x40,
    0x0, 0x0, 0x1, 0x6a, 0xff, 0xff, 0xff, 0xff,
    0xff, 0xff, 0x80, 0x0, 0x0, 0x0, 0x0, 0x0,
    0x7f, 0xff, 0xff, 0xfe, 0xc9, 0x30, 0x0, 0x0,
    0x0, 0x0, 0x0, 0x7, 0xff, 0xff, 0xa0, 0x0,
    0x0, 0x0, 0x0, 0x0, 0x0, 0x0, 0x0, 0x8f,
    0xff, 0xfa, 0x0, 0x0, 0x0, 0x0, 0x0, 0x0,
    0x0, 0x0, 0xa, 0xff, 0xff, 0xb0, 0x0, 0x0,
    0x0, 0x0, 0x0, 0x0, 0x0, 0x0, 0x1, 0x35,
    0x77, 0x0, 0x0, 0x0, 0x0, 0x0,

    /* U+0025 "%" */
    0x0, 0x0, 0x1, 0x10, 0x0, 0x0, 0x0, 0x0,
    0x1, 0xff, 0xff, 0xff, 0xfe, 0x10, 0x0, 0x4d,
    0xff, 0xfa, 0x10, 0x0, 0x0, 0x0, 0xaf, 0xff,
    0xff, 0xff, 0x60, 0x0, 0x3f, 0xff, 0xff, 0xfe,
    0x20, 0x0, 0x0, 0x3f, 0xff, 0xff, 0xff, 0xc0,
    0x0, 0xb, 0xff, 0xff, 0xff, 0xfe, 0x10, 0x0,
    0xc, 0xff, 0xff, 0xff, 0xf3, 0x0, 0x1, 0xff,
    0xff, 0xff, 0xff, 0xf7, 0x0, 0x5, 0xff, 0xff,
    0xff, 0xf9, 0x0, 0x0, 0x3f, 0xff, 0xff, 0xff,
    0xff, 0x90, 0x0, 0xef, 0xff, 0xff, 0xff, 0x10,
    0x0, 0x4, 0xff, 0xff, 0xff, 0xff, 0xf9, 0x0,
    0x8f, 0xff, 0xff, 0xff, 0x60, 0x0, 0x0, 0x1f,
    0xff, 0xff, 0xff, 0xff, 0x50, 0x1f, 0xff, 0xff,
    0xff, 0xd0, 0x0, 0x0, 0x0, 0xaf, 0xff, 0xff,
    0xff, 0xe0, 0xa, 0xff, 0xff, 0xff, 0xf3, 0x0,
    0x0, 0x0, 0x1, 0xef, 0xff, 0xff, 0xf4, 0x3,
    0xff, 0xff, 0xff, 0xfa, 0x0, 0x0, 0x0, 0x0,
    0x2, 0x9d, 0xff, 0xd4, 0x0, 0xcf, 0xff, 0xff,
    0xff, 0x10, 0x0, 0x0, 0x0, 0x0, 0x0, 0x0,
    0x0, 0x0, 0x6f, 0xff, 0xff, 0xff, 0x70, 0x0,
    0x0, 0x0, 0x0, 0x0, 0x0, 0x0, 0x0, 0xe,
    0xff, 0xff, 0xff, 0xd0, 0x0, 0x0, 0x0, 0x0,
    0x0, 0x0, 0x0, 0x0, 0x8, 0xff, 0xff, 0xff,
    0xf4, 0x0, 0x0, 0x0, 0x0, 0x0, 0x0, 0x0,
    0x0, 0x2, 0xff, 0xff, 0xff, 0xfb, 0x0, 0x0,
    0x0, 0x0, 0x0, 0x0, 0x0, 0x0, 0x0, 0xbf,
    0xff, 0xff, 0xff, 0x20, 0x0, 0x0, 0x0, 0x0,
    0x0, 0x0, 0x0, 0x0, 0x4f, 0xff, 0xff, 0xff,
    0x80, 0x0, 0x0, 0x0, 0x0, 0x0, 0x0, 0x0,
    0x0, 0xd, 0xff, 0xff, 0xff, 0xe0, 0x0, 0x1,
    0x0, 0x0, 0x0, 0x0, 0x0, 0x0, 0x6, 0xff,
    0xff, 0xff, 0xf5, 0x1, 0xaf, 0xff, 0xc4, 0x0,
    0x0, 0x0, 0x0, 0x1, 0xef, 0xff, 0xff, 0xfb,
    0x0, 0xcf, 0xff, 0xff, 0xf7, 0x0, 0x0, 0x0,
    0x0, 0x9f, 0xff, 0xff, 0xff, 0x20, 0x4f, 0xff,
    0xff, 0xff, 0xf5, 0x0, 0x0, 0x0, 0x2f, 0xff,
    0xff, 0xff, 0x80, 0xa, 0xff, 0xff, 0xff, 0xff,
    0xd0, 0x0, 0x0, 0xb, 0xff, 0xff, 0xff, 0xe0,
    0x0, 0xdf, 0xff, 0xff, 0xff, 0xff, 0x0, 0x0,
    0x5, 0xff, 0xff, 0xff, 0xf5, 0x0, 0xe, 0xff,
    0xff, 0xff, 0xff, 0xf0, 0x0, 0x0, 0xdf, 0xff,
    0xff, 0xfc, 0x0, 0x0, 0xaf, 0xff, 0xff, 0xff,
    0xfc, 0x0, 0x0, 0x7f, 0xff, 0xff, 0xff, 0x30,
    0x0, 0x4, 0xff, 0xff, 0xff, 0xff, 0x50, 0x0,
    0x1f, 0xff, 0xff, 0xff, 0x90, 0x0, 0x0, 0xa,
    0xff, 0xff, 0xff, 0xa0, 0x0, 0xa, 0xff, 0xff,
    0xff, 0xe1, 0x0, 0x0, 0x0, 0x7, 0xcf, 0xfe,
    0x90, 0x0, 0x3, 0xff, 0xff, 0xff, 0xf6, 0x0,
    0x0, 0x0, 0x0, 0x0, 0x0, 0x0, 0x0, 0x0,
    0xcf, 0xff, 0xff, 0xfc, 0x0, 0x0, 0x0, 0x0,
    0x0, 0x0, 0x0, 0x0, 0x0, 0x5f, 0xff, 0xff,
    0xff, 0x30, 0x0, 0x0, 0x0, 0x0, 0x0, 0x0,
    0x0, 0x0, 0x0,

    /* U+0026 "&" */
    0x0, 0x0, 0x0, 0x0, 0x0, 0x3f, 0xff, 0xff,
    0xb0, 0x0, 0x0, 0x0, 0x0, 0x0, 0x0, 0x0,
    0x0, 0x4f, 0xff, 0xff, 0x70, 0x0, 0x0, 0x0,
    0x0, 0x0, 0x0, 0x0, 0x23, 0x7f, 0xff, 0xff,
    0x40, 0x0, 0x0, 0x0, 0x0, 0x0, 0x3, 0xbf,
    0xff, 0xff, 0xff, 0xff, 0x72, 0x0, 0x0, 0x0,
    0x0, 0x0, 0x4f, 0xff, 0xff, 0xff, 0xff, 0xff,
    0xff, 0xe9, 0x40, 0x0, 0x0, 0x0, 0xbf, 0xff,
    0xff, 0xff, 0xff, 0xff, 0xff, 0xff, 0xfe, 0x93,
    0x0, 0x2, 0xff, 0xff, 0xff, 0xff, 0xff, 0xff,
    0xff, 0xff, 0xff, 0xf5, 0x0, 0x4, 0xff, 0xff,
    0xff, 0xff, 0xff, 0xff, 0xff, 0xff, 0xff, 0xf0,
    0x0, 0x1, 0xff, 0xff, 0xff, 0xff, 0xff, 0xff,
    0xff, 0xff, 0xff, 0xa0, 0x0, 0x0, 0xbf, 0xff,
    0xf6, 0x1, 0x35, 0x8b, 0xef, 0xff, 0xff, 0x40,
    0x0, 0x0, 0x3f, 0xff, 0xfa, 0x0, 0x0, 0x0,
    0x2, 0x7e, 0xfe, 0x0, 0x0, 0x0, 0x8, 0xff,
    0xff, 0x60, 0x0, 0x0, 0x0, 0x0, 0xc9, 0x0,
    0x0, 0x0, 0x0, 0xcf, 0xff, 0xf6, 0x0, 0x0,
    0x0, 0x0, 0x12, 0x0, 0x0, 0x0, 0x6, 0xef,
    0xff, 0xff, 0x91, 0x0, 0x0, 0x0, 0x0, 0x0,
    0x0, 0x0, 0xbf, 0xff, 0xff, 0xff, 0xff, 0xc5,
    0x0, 0x0, 0x0, 0x0, 0x0, 0xb, 0xff, 0xff,
    0xff, 0xff, 0xff, 0xf8, 0x0, 0x0, 0x0, 0x0,
    0x0, 0x6f, 0xff, 0xff, 0xff, 0xff, 0xff, 0xf8,
    0x0, 0x0, 0x0, 0x0, 0x0, 0xef, 0xff, 0xff,
    0xe5, 0x8e, 0xff, 0xf8, 0x0, 0x0, 0x0, 0x0,
    0x7, 0xff, 0xff, 0xff, 0x30, 0x0, 0x37, 0xb7,
    0x0, 0x0, 0x0, 0x0, 0xd, 0xff, 0xff, 0xf9,
    0x0, 0x0, 0x0, 0x0, 0x0, 0x0, 0x0, 0x0,
    0x1f, 0xff, 0xff, 0xf7, 0x0, 0x0, 0x0, 0x0,
    0x0, 0x0, 0x0, 0x0, 0x2f, 0xff, 0xff, 0xfc,
    0x0, 0x0, 0x0, 0x0, 0x0, 0x0, 0x0, 0x0,
    0x1f, 0xff, 0xff, 0xff, 0x70, 0x0, 0x0, 0x0,
    0x0, 0x0, 0x0, 0x0, 0xd, 0xff, 0xff, 0xff,
    0xfa, 0x30, 0x0, 0x0, 0x2, 0x58, 0xa0, 0x0,
    0x9, 0xff, 0xff, 0xff, 0xff, 0xfe, 0xcc, 0xcd,
    0xff, 0xff, 0xf0, 0x0, 0x3, 0xff, 0xff, 0xff,
    0xff, 0xff, 0xff, 0xff, 0xff, 0xff, 0xf3, 0x0,
    0x0, 0xbf, 0xff, 0xff, 0xff, 0xff, 0xff, 0xff,
    0xff, 0xff, 0xf7, 0x0, 0x0, 0x1b, 0xff, 0xff,
    0xff, 0xff, 0xff, 0xff, 0xff, 0xff, 0xf9, 0x0,
    0x0, 0x0, 0x4a, 0xef, 0xff, 0xff, 0xff, 0xfe,
    0xb9, 0x63, 0x0, 0x0, 0x0, 0x0, 0x0, 0x2,
    0x4f, 0xff, 0xff, 0x10, 0x0, 0x0, 0x0, 0x0,
    0x0, 0x0, 0x0, 0x0, 0x2f, 0xff, 0xfc, 0x0,
    0x0, 0x0, 0x0, 0x0, 0x0, 0x0, 0x0, 0x0,
    0x4f, 0xff, 0xfa, 0x0, 0x0, 0x0, 0x0, 0x0,

    /* U+0027 "'" */
    0x68, 0x63, 0x10, 0x6, 0xff, 0xff, 0xf4, 0x2f,
    0xff, 0xff, 0x40, 0xef, 0xff, 0xf3, 0xa, 0xff,
    0xff, 0x20, 0x6f, 0xff, 0xf1, 0x2, 0xff, 0xff,
    0x0, 0xe, 0xff, 0xf0, 0x0, 0xaf, 0xfe, 0x0,
    0x5, 0xff, 0xd0, 0x0, 0x0, 0x12, 0x0,

    /* U+0028 "(" */
    0x0, 0x0, 0x0, 0x0, 0x0, 0x0, 0x0, 0x0,
    0x0, 0x0, 0x0, 0x0, 0x6, 0xd3, 0x0, 0x0,
    0x0, 0x0, 0x3, 0xdf, 0xf1, 0x0, 0x0, 0x0,
    0x0, 0x7f, 0xff, 0xf0, 0x0, 0x0, 0x0, 0xa,
    0xff, 0xff, 0xd0, 0x0, 0x0, 0x1, 0xcf, 0xff,
    0xff, 0xa0, 0x0, 0x0, 0x2d, 0xff, 0xff, 0xff,
    0x80, 0x0, 0x2, 0xef, 0xff, 0xff, 0xfc, 0x10,
    0x0, 0x1d, 0xff, 0xff, 0xff, 0xa0, 0x0, 0x0,
    0xbf, 0xff, 0xff, 0xfb, 0x0, 0x0, 0x6, 0xff,
    0xff, 0xff, 0xd1, 0x0, 0x0, 0xe, 0xff, 0xff,
    0xff, 0x20, 0x0, 0x0, 0x5f, 0xff, 0xff, 0xf7,
    0x0, 0x0, 0x0, 0x8f, 0xff, 0xff, 0xe0, 0x0,
    0x0, 0x0, 0xaf, 0xff, 0xff, 0x70, 0x0, 0x0,
    0x0, 0xbf, 0xff, 0xff, 0x20, 0x0, 0x0, 0x0,
    0xdf, 0xff, 0xff, 0x0, 0x0, 0x0, 0x0, 0xdf,
    0xff, 0xfd, 0x0, 0x0, 0x0, 0x0, 0xdf, 0xff,
    0xfd, 0x0, 0x0, 0x0, 0x0, 0xbf, 0xff, 0xff,
    0x0, 0x0, 0x0, 0x0, 0x8f, 0xff, 0xff, 0x30,
    0x0, 0x0, 0x0, 0x5f, 0xff, 0xff, 0x90, 0x0,
    0x0, 0x0, 0xf, 0xff, 0xff, 0xf2, 0x0, 0x0,
    0x0, 0x9, 0xff, 0xff, 0xfc, 0x0, 0x0, 0x0,
    0x2, 0xff, 0xff, 0xff, 0x80, 0x0, 0x0, 0x0,
    0xaf, 0xff, 0xff, 0xf7, 0x0, 0x0, 0x0, 0x1f,
    0xff, 0xff, 0xff, 0x80, 0x0, 0x0, 0x6, 0xff,
    0xff, 0xff, 0xf5, 0x0, 0x0, 0x0, 0x9f, 0xff,
    0xff, 0xf4, 0x0, 0x0, 0x0, 0xb, 0xff, 0xff,
    0xf2, 0x0, 0x0, 0x0, 0x0, 0xcf, 0xff, 0xf1,
    0x0, 0x0, 0x0, 0x0, 0xb, 0xff, 0xf0, 0x0,
    0x0, 0x0, 0x0, 0x0, 0xaf, 0xe0, 0x0, 0x0,
    0x0, 0x0, 0x0, 0x7, 0xc0, 0x0, 0x0, 0x0,
    0x0, 0x0, 0x0, 0x10, 0x0,

    /* U+0029 ")" */
    0x0, 0x0, 0x0, 0x0, 0x0, 0x0, 0x0, 0x3d,
    0x60, 0x0, 0x0, 0x0, 0x0, 0x0, 0x1f, 0xfd,
    0x30, 0x0, 0x0, 0x0, 0x0, 0xf, 0xff, 0xf7,
    0x0, 0x0, 0x0, 0x0, 0xd, 0xff, 0xff, 0xa0,
    0x0, 0x0, 0x0, 0xa, 0xff, 0xff, 0xfc, 0x10,
    0x0, 0x0, 0x8, 0xff, 0xff, 0xff, 0xd1, 0x0,
    0x0, 0x1, 0xcf, 0xff, 0xff, 0xfd, 0x0, 0x0,
    0x0, 0xa, 0xff, 0xff, 0xff, 0xb0, 0x0, 0x0,
    0x0, 0x9f, 0xff, 0xff, 0xf6, 0x0, 0x0, 0x0,
    0x9, 0xff, 0xff, 0xfe, 0x10, 0x0, 0x0, 0x0,
    0xbf, 0xff, 0xff, 0x70, 0x0, 0x0, 0x0, 0x1f,
    0xff, 0xff, 0xe0, 0x0, 0x0, 0x0, 0x9, 0xff,
    0xff, 0xf3, 0x0, 0x0, 0x0, 0x4, 0xff, 0xff,
    0xf7, 0x0, 0x0, 0x0, 0x1, 0xff, 0xff, 0xfa,
    0x0, 0x0, 0x0, 0x0, 0xff, 0xff, 0xfc, 0x0,
    0x0, 0x0, 0x0, 0xdf, 0xff, 0xfd, 0x0, 0x0,
    0x0, 0x0, 0xdf, 0xff, 0xfd, 0x0, 0x0, 0x0,
    0x0, 0xff, 0xff, 0xfb, 0x0, 0x0, 0x0, 0x3,
    0xff, 0xff, 0xf8, 0x0, 0x0, 0x0, 0x9, 0xff,
    0xff, 0xf5, 0x0, 0x0, 0x0, 0x2f, 0xff, 0xff,
    0xf0, 0x0, 0x0, 0x0, 0xbf, 0xff, 0xff, 0xa0,
    0x0, 0x0, 0x8, 0xff, 0xff, 0xff, 0x30, 0x0,
    0x0, 0x7f, 0xff, 0xff, 0xfa, 0x0, 0x0, 0x7,
    0xff, 0xff, 0xff, 0xf2, 0x0, 0x0, 0x5f, 0xff,
    0xff, 0xff, 0x60, 0x0, 0x0, 0x4f, 0xff, 0xff,
    0xfa, 0x0, 0x0, 0x0, 0x2f, 0xff, 0xff, 0xc0,
    0x0, 0x0, 0x0, 0x1f, 0xff, 0xfc, 0x10, 0x0,
    0x0, 0x0, 0xf, 0xff, 0xb0, 0x0, 0x0, 0x0,
    0x0, 0xe, 0xfa, 0x0, 0x0, 0x0, 0x0, 0x0,
    0xc, 0x70, 0x0, 0x0, 0x0, 0x0, 0x0, 0x1,
    0x0, 0x0, 0x0, 0x0, 0x0,

    /* U+002A "*" */
    0x0, 0x0, 0x0, 0xaf, 0xff, 0xe0, 0x0, 0x0,
    0x0, 0x0, 0x42, 0x9, 0xff, 0xfe, 0x0, 0x0,
    0x0, 0x0, 0x3f, 0xe2, 0x9f, 0xff, 0xe0, 0x1c,
    0x40, 0x0, 0x1e, 0xff, 0xeb, 0xff, 0xfe, 0x2d,
    0xff, 0x20, 0xc, 0xff, 0xff, 0xff, 0xff, 0xfe,
    0xff, 0xfd, 0x10, 0x2c, 0xff, 0xff, 0xff, 0xff,
    0xff, 0xff, 0x90, 0x0, 0x7, 0xff, 0xff, 0xff,
    0xff, 0xfe, 0x40, 0x0, 0x0, 0x2, 0xef, 0xff,
    0xff, 0xfc, 0x10, 0x0, 0x0, 0x0, 0x3f, 0xff,
    0xff, 0xff, 0x30, 0x0, 0x0, 0x0, 0x2e, 0xff,
    0xff, 0xff, 0xfd, 0x0, 0x0, 0x0, 0x1d, 0xff,
    0xfd, 0x9f, 0xff, 0xf8, 0x0, 0x0, 0xc, 0xff,
    0xff, 0x30, 0xcf, 0xff, 0xf2, 0x0, 0x0, 0x5f,
    0xff, 0x80, 0x2, 0xff, 0xff, 0xc0, 0x0, 0x0,
    0x4f, 0xc0, 0x0, 0x5, 0xff, 0xea, 0x10, 0x0,
    0x0, 0x32, 0x0, 0x0, 0x5, 0x30, 0x0, 0x0,

    /* U+002B "+" */
    0x0, 0x0, 0x0, 0x6c, 0xcc, 0xc2, 0x0, 0x0,
    0x0, 0x0, 0x0, 0x9f, 0xff, 0xf0, 0x0, 0x0,
    0x0, 0x0, 0x0, 0xaf, 0xff, 0xf0, 0x0, 0x0,
    0x0, 0x0, 0x0, 0xbf, 0xff, 0xd0, 0x0, 0x0,
    0x0, 0x0, 0x1, 0xdf, 0xff, 0xe9, 0xbc, 0xe3,
    0x9, 0xce, 0xff, 0xff, 0xff, 0xff, 0xff, 0xf2,
    0xd, 0xff, 0xff, 0xff, 0xff, 0xff, 0xff, 0xf0,
    0xf, 0xff, 0xff, 0xff, 0xff, 0xff, 0xff, 0xf0,
    0xf, 0xff, 0xff, 0xff, 0xff, 0xff, 0xff, 0xd0,
    0x4, 0x44, 0x4c, 0xff, 0xfd, 0x0, 0x0, 0x0,
    0x0, 0x0, 0xd, 0xff, 0xfb, 0x0, 0x0, 0x0,
    0x0, 0x0, 0xf, 0xff, 0xf9, 0x0, 0x0, 0x0,
    0x0, 0x0, 0x1f, 0xff, 0xf7, 0x0, 0x0, 0x0,
    0x0, 0x0, 0x3f, 0xff, 0xf5, 0x0, 0x0, 0x0,

    /* U+002C "," */
    0x0, 0x0, 0x0, 0x0, 0x1a, 0x72, 0x0, 0x0,
    0x0, 0x0, 0x3e, 0xff, 0xf1, 0x0, 0x0, 0x0,
    0x5f, 0xff, 0xf6, 0x0, 0x0, 0x0, 0x8f, 0xff,
    0xfa, 0x0, 0x0, 0x1, 0xbf, 0xff, 0xfd, 0x0,
    0x0, 0x3, 0xef, 0xff, 0xff, 0x30, 0x0, 0x5,
    0xff, 0xff, 0xff, 0x60, 0x0, 0x0, 0x5b, 0xff,
    0xff, 0xa0, 0x0, 0x0, 0x0, 0x1, 0x6c, 0xd0,
    0x0, 0x0, 0x0, 0x0, 0x0, 0x0, 0x0, 0x0,
    0x0,

    /* U+002D "-" */
    0x0, 0x0, 0x0, 0x0, 0x0, 0x0, 0x0, 0x10,
    0x0, 0x0, 0x23, 0x56, 0x89, 0xbc, 0xef, 0xf3,
    0xb, 0xff, 0xff, 0xff, 0xff, 0xff, 0xff, 0xf2,
    0xe, 0xff, 0xff, 0xff, 0xff, 0xff, 0xff, 0xf0,
    0xf, 0xff, 0xff, 0xff, 0xff, 0xff, 0xff, 0xf0,
    0x1f, 0xff, 0xff, 0xff, 0xff, 0xff, 0xff, 0xd0,

    /* U+002E "." */
    0x0, 0x27, 0x51, 0x0, 0x4, 0xff, 0xfe, 0x30,
    0xd, 0xff, 0xff, 0xe0, 0xf, 0xff, 0xff, 0xf3,
    0xf, 0xff, 0xff, 0xf1, 0xa, 0xff, 0xff, 0xb0,
    0x1, 0x9e, 0xfc, 0x10,

    /* U+002F "/" */
    0x0, 0x0, 0x0, 0x0, 0x0, 0x0, 0x0, 0x0,
    0x1, 0xff, 0xff, 0xff, 0xfe, 0x10, 0x0, 0x0,
    0x0, 0x0, 0x0, 0x0, 0x0, 0x0, 0xaf, 0xff,
    0xff, 0xff, 0x60, 0x0, 0x0, 0x0, 0x0, 0x0,
    0x0, 0x0, 0x0, 0x3f, 0xff, 0xff, 0xff, 0xc0,
    0x0, 0x0, 0x0, 0x0, 0x0, 0x0, 0x0, 0x0,
    0xc, 0xff, 0xff, 0xff, 0xf3, 0x0, 0x0, 0x0,
    0x0, 0x0, 0x0, 0x0, 0x0, 0x5, 0xff, 0xff,
    0xff, 0xf9, 0x0, 0x0, 0x0, 0x0, 0x0, 0x0,
    0x0, 0x0, 0x0, 0xef, 0xff, 0xff, 0xff, 0x10,
    0x0, 0x0, 0x0, 0x0, 0x0, 0x0, 0x0, 0x0,
    0x8f, 0xff, 0xff, 0xff, 0x60, 0x0, 0x0, 0x0,
    0x0, 0x0, 0x0, 0x0, 0x0, 0x1f, 0xff, 0xff,
    0xff, 0xd0, 0x0, 0x0, 0x0, 0x0, 0x0, 0x0,
    0x0, 0x0, 0xa, 0xff, 0xff, 0xff, 0xf3, 0x0,
    0x0, 0x0, 0x0, 0x0, 0x0, 0x0, 0x0, 0x3,
    0xff, 0xff, 0xff, 0xfa, 0x0, 0x0, 0x0, 0x0,
    0x0, 0x0, 0x0, 0x0, 0x0, 0xcf, 0xff, 0xff,
    0xff, 0x10, 0x0, 0x0, 0x0, 0x0, 0x0, 0x0,
    0x0, 0x0, 0x6f, 0xff, 0xff, 0xff, 0x70, 0x0,
    0x0, 0x0, 0x0, 0x0, 0x0, 0x0, 0x0, 0xe,
    0xff, 0xff, 0xff, 0xd0, 0x0, 0x0, 0x0, 0x0,
    0x0, 0x0, 0x0, 0x0, 0x8, 0xff, 0xff, 0xff,
    0xf4, 0x0, 0x0, 0x0, 0x0, 0x0, 0x0, 0x0,
    0x0, 0x2, 0xff, 0xff, 0xff, 0xfb, 0x0, 0x0,
    0x0, 0x0, 0x0, 0x0, 0x0, 0x0, 0x0, 0xbf,
    0xff, 0xff, 0xff, 0x20, 0x0, 0x0, 0x0, 0x0,
    0x0, 0x0, 0x0, 0x0, 0x4f, 0xff, 0xff, 0xff,
    0x80, 0x0, 0x0, 0x0, 0x0, 0x0, 0x0, 0x0,
    0x0, 0xd, 0xff, 0xff, 0xff, 0xe0, 0x0, 0x0,
    0x0, 0x0, 0x0, 0x0, 0x0, 0x0, 0x6, 0xff,
    0xff, 0xff, 0xf5, 0x0, 0x0, 0x0, 0x0, 0x0,
    0x0, 0x0, 0x0, 0x1, 0xef, 0xff, 0xff, 0xfb,
    0x0, 0x0, 0x0, 0x0, 0x0, 0x0, 0x0, 0x0,
    0x0, 0x9f, 0xff, 0xff, 0xff, 0x20, 0x0, 0x0,
    0x0, 0x0, 0x0, 0x0, 0x0, 0x0, 0x2f, 0xff,
    0xff, 0xff, 0x80, 0x0, 0x0, 0x0, 0x0, 0x0,
    0x0, 0x0, 0x0, 0xb, 0xff, 0xff, 0xff, 0xe0,
    0x0, 0x0, 0x0, 0x0, 0x0, 0x0, 0x0, 0x0,
    0x5, 0xff, 0xff, 0xff, 0xf5, 0x0, 0x0, 0x0,
    0x0, 0x0, 0x0, 0x0, 0x0, 0x0, 0xdf, 0xff,
    0xff, 0xfc, 0x0, 0x0, 0x0, 0x0, 0x0, 0x0,
    0x0, 0x0, 0x0, 0x7f, 0xff, 0xff, 0xff, 0x30,
    0x0, 0x0, 0x0, 0x0, 0x0, 0x0, 0x0, 0x0,
    0x1f, 0xff, 0xff, 0xff, 0x90, 0x0, 0x0, 0x0,
    0x0, 0x0, 0x0, 0x0, 0x0, 0xa, 0xff, 0xff,
    0xff, 0xe1, 0x0, 0x0, 0x0, 0x0, 0x0, 0x0,
    0x0, 0x0, 0x3, 0xff, 0xff, 0xff, 0xf6, 0x0,
    0x0, 0x0, 0x0, 0x0, 0x0, 0x0, 0x0, 0x0,
    0xcf, 0xff, 0xff, 0xfc, 0x0, 0x0, 0x0, 0x0,
    0x0, 0x0, 0x0, 0x0, 0x0, 0x5f, 0xff, 0xff,
    0xff, 0x30, 0x0, 0x0, 0x0, 0x0, 0x0, 0x0,
    0x0, 0x0, 0x0,

    /* U+0030 "0" */
    0x0, 0x0, 0x0, 0x5a, 0xde, 0xec, 0xa4, 0x0,
    0x0, 0x0, 0x0, 0x6, 0xef, 0xff, 0xff, 0xff,
    0xfc, 0x10, 0x0, 0x0, 0x1c, 0xff, 0xff, 0xff,
    0xff, 0xff, 0xfe, 0x10, 0x0, 0xc, 0xff, 0xff,
    0xff, 0xff, 0xff, 0xff, 0xfb, 0x0, 0x7, 0xff,
    0xff, 0xff, 0xff, 0xff, 0xff, 0xff, 0xf3, 0x0,
    0xef, 0xff, 0xff, 0xff, 0xff, 0xff, 0xff, 0xff,
    0xb0, 0x2f, 0xff, 0xff, 0xff, 0xff, 0xff, 0xff,
    0xff, 0xff, 0x6, 0xff, 0xff, 0xff, 0xff, 0xff,
    0xff, 0xff, 0xff, 0xf5, 0x9f, 0xff, 0xff, 0xfc,
    0x30, 0x3c, 0xff, 0xff, 0xff, 0x8b, 0xff, 0xff,
    0xfe, 0x10, 0x0, 0xe, 0xff, 0xff, 0xfa, 0xdf,
    0xff, 0xff, 0x80, 0x0, 0x0, 0x7f, 0xff, 0xff,
    0xce, 0xff, 0xff, 0xf4, 0x0, 0x0, 0x2, 0xff,
    0xff, 0xfd, 0xff, 0xff, 0xff, 0x30, 0x0, 0x0,
    0xf, 0xff, 0xff, 0xde, 0xff, 0xff, 0xf2, 0x0,
    0x0, 0x1, 0xff, 0xff, 0xfd, 0xef, 0xff, 0xff,
    0x50, 0x0, 0x0, 0x4f, 0xff, 0xff, 0xbc, 0xff,
    0xff, 0xfb, 0x0, 0x0, 0x9, 0xff, 0xff, 0xf7,
    0x9f, 0xff, 0xff, 0xfa, 0x10, 0x7, 0xff, 0xff,
    0xff, 0x26, 0xff, 0xff, 0xff, 0xff, 0xef, 0xff,
    0xff, 0xff, 0xc0, 0x1f, 0xff, 0xff, 0xff, 0xff,
    0xff, 0xff, 0xff, 0xf4, 0x0, 0xbf, 0xff, 0xff,
    0xff, 0xff, 0xff, 0xff, 0xfb, 0x0, 0x5, 0xff,
    0xff, 0xff, 0xff, 0xff, 0xff, 0xff, 0x20, 0x0,
    0xe, 0xff, 0xff, 0xff, 0xff, 0xff, 0xff, 0x50,
    0x0, 0x0, 0x6f, 0xff, 0xff, 0xff, 0xff, 0xff,
    0x60, 0x0, 0x0, 0x0, 0x7f, 0xff, 0xff, 0xff,
    0xff, 0x50, 0x0, 0x0, 0x0, 0x0, 0x28, 0xce,
    0xff, 0xd8, 0x10, 0x0, 0x0, 0x0,

    /* U+0031 "1" */
    0x0, 0x0, 0x0, 0x0, 0x1, 0x0, 0x0, 0x0,
    0x1, 0x6b, 0xe0, 0x0, 0x1, 0x6b, 0xff, 0xfe,
    0x0, 0x6b, 0xff, 0xff, 0xff, 0xf0, 0x5f, 0xff,
    0xff, 0xff, 0xff, 0x8, 0xff, 0xff, 0xff, 0xff,
    0xf0, 0xbf, 0xff, 0xff, 0xff, 0xff, 0x6, 0x64,
    0x4f, 0xff, 0xff, 0xf0, 0x0, 0x1, 0xff, 0xff,
    0xff, 0x0, 0x0, 0x1f, 0xff, 0xff, 0xf0, 0x0,
    0x2, 0xff, 0xff, 0xff, 0x0, 0x0, 0x2f, 0xff,
    0xff, 0xf0, 0x0, 0x2, 0xff, 0xff, 0xff, 0x0,
    0x0, 0x2f, 0xff, 0xff, 0xf0, 0x0, 0x3, 0xff,
    0xff, 0xff, 0x0, 0x0, 0x3f, 0xff, 0xff, 0xf0,
    0x0, 0x3, 0xff, 0xff, 0xff, 0x0, 0x0, 0x4f,
    0xff, 0xff, 0xf0, 0x0, 0x4, 0xff, 0xff, 0xff,
    0x10, 0x0, 0x4f, 0xff, 0xff, 0xf1, 0x0, 0x4,
    0xff, 0xff, 0xff, 0x10, 0x0, 0x5f, 0xff, 0xff,
    0xf1, 0x0, 0x5, 0xff, 0xff, 0xff, 0x10, 0x0,
    0x5f, 0xff, 0xff, 0xf1, 0x0, 0x5, 0xff, 0xff,
    0xff, 0x10, 0x0, 0x6f, 0xff, 0xff, 0xf2, 0x0,
    0x6, 0xff, 0xff, 0xff, 0x20, 0x0, 0x6f, 0xff,
    0xff, 0xf2, 0x0, 0x6, 0xff, 0xff, 0xff, 0x20,

    /* U+0032 "2" */
    0x0, 0x0, 0x0, 0x0, 0x47, 0xad, 0xef, 0xed,
    0x94, 0x0, 0x0, 0x0, 0x1, 0x6b, 0xff, 0xff,
    0xff, 0xff, 0xff, 0xfc, 0x20, 0x2, 0x7c, 0xff,
    0xff, 0xff, 0xff, 0xff, 0xff, 0xff, 0xfd, 0x0,
    0xff, 0xff, 0xff, 0xff, 0xff, 0xff, 0xff, 0xff,
    0xff, 0xf7, 0xa, 0xff, 0xff, 0xff, 0xff, 0xff,
    0xff, 0xff, 0xff, 0xff, 0xc0, 0x4f, 0xff, 0xff,
    0xff, 0xff, 0xff, 0xff, 0xff, 0xff, 0xfe, 0x0,
    0xef, 0xff, 0xff, 0xff, 0xd9, 0x75, 0x5f, 0xff,
    0xff, 0xd0, 0x9, 0xff, 0xff, 0x94, 0x0, 0x0,
    0x2, 0xff, 0xff, 0xf9, 0x0, 0x3f, 0xf8, 0x10,
    0x0, 0x0, 0x0, 0xaf, 0xff, 0xff, 0x40, 0x0,
    0x92, 0x0, 0x0, 0x0, 0x0, 0x7f, 0xff, 0xff,
    0xd0, 0x0, 0x0, 0x0, 0x0, 0x0, 0x0, 0x7f,
    0xff, 0xff, 0xf6, 0x0, 0x0, 0x0, 0x0, 0x0,
    0x0, 0x8f, 0xff, 0xff, 0xfc, 0x0, 0x0, 0x0,
    0x0, 0x0, 0x1, 0xbf, 0xff, 0xff, 0xff, 0x20,
    0x0, 0x0, 0x0, 0x2, 0x5a, 0xff, 0xff, 0xff,
    0xff, 0x40, 0x0, 0x0, 0x0, 0x8, 0xff, 0xff,
    0xff, 0xff, 0xff, 0x60, 0x0, 0x0, 0x0, 0xa,
    0xff, 0xff, 0xff, 0xff, 0xfe, 0x40, 0x0, 0x0,
    0x0, 0x7, 0xff, 0xff, 0xff, 0xff, 0xe8, 0x10,
    0x0, 0x0, 0x0, 0x1, 0xff, 0xff, 0xff, 0xfd,
    0x50, 0x0, 0x0, 0x0, 0x0, 0x0, 0x9f, 0xff,
    0xff, 0xfb, 0x0, 0x0, 0x0, 0x0, 0x0, 0x0,
    0xe, 0xff, 0xff, 0xfc, 0x0, 0x0, 0x0, 0x0,
    0x0, 0x0, 0x3, 0xff, 0xff, 0xff, 0x30, 0x0,
    0x0, 0x0, 0x0, 0x0, 0x0, 0x7f, 0xff, 0xff,
    0xa0, 0x0, 0x0, 0x0, 0x0, 0x0, 0x0, 0x9,
    0xff, 0xff, 0xf2, 0x0, 0x0, 0x0, 0x0, 0x0,
    0x36, 0x50, 0xbf, 0xff, 0xfc, 0x0, 0x0, 0x2,
    0x58, 0xbd, 0xff, 0xf5, 0xd, 0xff, 0xff, 0x84,
    0x79, 0xcf, 0xff, 0xff, 0xff, 0xff, 0x10, 0xef,
    0xff, 0xff, 0xff, 0xff, 0xff, 0xff, 0xff, 0xff,
    0xc0, 0xf, 0xff, 0xff, 0xff, 0xff, 0xff, 0xff,
    0xff, 0xff, 0xf7, 0x0, 0xff, 0xff, 0xff, 0xff,
    0xff, 0xff, 0xfd, 0xb8, 0x52, 0x0, 0xf, 0xff,
    0xff, 0xff, 0xeb, 0x86, 0x30, 0x0, 0x0, 0x0,
    0x1, 0xff, 0xc9, 0x64, 0x10, 0x0, 0x0, 0x0,
    0x0, 0x0, 0x0, 0x1, 0x0, 0x0, 0x0, 0x0,
    0x0, 0x0, 0x0, 0x0, 0x0, 0x0,

    /* U+0033 "3" */
    0x0, 0x0, 0x0, 0x2, 0x69, 0xce, 0xff, 0xec,
    0x72, 0x0, 0x0, 0x0, 0x0, 0x0, 0x38, 0xef,
    0xff, 0xff, 0xff, 0xff, 0xff, 0x80, 0x0, 0x0,
    0x4, 0x9e, 0xff, 0xff, 0xff, 0xff, 0xff, 0xff,
    0xff, 0xf8, 0x0, 0x0, 0x7f, 0xff, 0xff, 0xff,
    0xff, 0xff, 0xff, 0xff, 0xff, 0xff, 0x10, 0x0,
    0x1f, 0xff, 0xff, 0xff, 0xff, 0xff, 0xff, 0xff,
    0xff, 0xff, 0x40, 0x0, 0xb, 0xff, 0xff, 0xff,
    0xff, 0xff, 0xff, 0xff, 0xff, 0xff, 0x20, 0x0,
    0x5, 0xff, 0xff, 0xff, 0xfd, 0xa8, 0x65, 0xaf,
    0xff, 0xfc, 0x0, 0x0, 0x0, 0xff, 0xfb, 0x73,
    0x0, 0x0, 0x0, 0x9f, 0xff, 0xf4, 0x0, 0x0,
    0x0, 0xae, 0x20, 0x0, 0x0, 0x0, 0x4, 0xff,
    0xff, 0x90, 0x0, 0x0, 0x0, 0x42, 0x0, 0x0,
    0x0, 0x0, 0x4f, 0xff, 0xfd, 0x0, 0x0, 0x0,
    0x0, 0x0, 0x0, 0x0, 0x0, 0x18, 0xff, 0xff,
    0xfd, 0x60, 0x0, 0x0, 0x0, 0x0, 0x0, 0x0,
    0x5c, 0xff, 0xff, 0xff, 0xff, 0xfb, 0x0, 0x0,
    0x0, 0x0, 0x0, 0x0, 0x8f, 0xff, 0xff, 0xff,
    0xff, 0xff, 0xa0, 0x0, 0x0, 0x0, 0x0, 0x0,
    0x8f, 0xff, 0xff, 0xff, 0xff, 0xff, 0xf6, 0x0,
    0x0, 0x0, 0x0, 0x0, 0x9f, 0xff, 0xa4, 0x2d,
    0xff, 0xff, 0xff, 0x10, 0x0, 0x0, 0x0, 0x0,
    0x57, 0x40, 0x0, 0x1, 0xef, 0xff, 0xff, 0x80,
    0x0, 0x0, 0x0, 0x0, 0x0, 0x0, 0x0, 0x0,
    0x8f, 0xff, 0xff, 0xd0, 0x0, 0x0, 0x0, 0x0,
    0x0, 0x0, 0x0, 0x0, 0x9f, 0xff, 0xff, 0xf1,
    0x0, 0x0, 0x0, 0x0, 0x0, 0x0, 0x0, 0x0,
    0xef, 0xff, 0xff, 0xf2, 0x0, 0x3, 0x10, 0x0,
    0x0, 0x0, 0x0, 0x8, 0xff, 0xff, 0xff, 0xf0,
    0x0, 0xe, 0xfd, 0xa8, 0x65, 0x45, 0x69, 0xdf,
    0xff, 0xff, 0xff, 0xc0, 0x0, 0x2f, 0xff, 0xff,
    0xff, 0xff, 0xff, 0xff, 0xff, 0xff, 0xff, 0x70,
    0x0, 0x5f, 0xff, 0xff, 0xff, 0xff, 0xff, 0xff,
    0xff, 0xff, 0xfe, 0x10, 0x0, 0x8f, 0xff, 0xff,
    0xff, 0xff, 0xff, 0xff, 0xff, 0xff, 0xf5, 0x0,
    0x0, 0x38, 0xad, 0xff, 0xff, 0xff, 0xff, 0xff,
    0xff, 0xfc, 0x30, 0x0, 0x0, 0x0, 0x0, 0x3,
    0x69, 0xce, 0xff, 0xec, 0x96, 0x20, 0x0, 0x0,

    /* U+0034 "4" */
    0x0, 0x0, 0x0, 0x0, 0x0, 0x0, 0x0, 0x24,
    0x79, 0xb0, 0x0, 0x0, 0x0, 0x0, 0x0, 0x4,
    0xef, 0xff, 0xff, 0xe0, 0x4, 0x78, 0xab, 0xd6,
    0x0, 0x6, 0xff, 0xff, 0xff, 0xd0, 0xc, 0xff,
    0xff, 0xf6, 0x0, 0x7, 0xff, 0xff, 0xff, 0xb0,
    0xd, 0xff, 0xff, 0xf4, 0x0, 0x8, 0xff, 0xff,
    0xff, 0x90, 0xe, 0xff, 0xff, 0xf2, 0x0, 0xa,
    0xff, 0xff, 0xff, 0x80, 0xf, 0xff, 0xff, 0xf1,
    0x0, 0xb, 0xff, 0xff, 0xff, 0x60, 0xf, 0xff,
    0xff, 0xf0, 0x0, 0xc, 0xff, 0xff, 0xff, 0x50,
    0x2f, 0xff, 0xff, 0xe0, 0x0, 0xe, 0xff, 0xff,
    0xff, 0x30, 0x3f, 0xff, 0xff, 0xc0, 0x0, 0xf,
    0xff, 0xff, 0xff, 0x20, 0x4f, 0xff, 0xff, 0xc1,
    0x0, 0xf, 0xff, 0xff, 0xff, 0x0, 0x5f, 0xff,
    0xff, 0xff, 0xea, 0x8f, 0xff, 0xff, 0xff, 0x0,
    0x6f, 0xff, 0xff, 0xff, 0xff, 0xff, 0xff, 0xff,
    0xfd, 0x0, 0x7f, 0xff, 0xff, 0xff, 0xff, 0xff,
    0xff, 0xff, 0xfb, 0x0, 0x6d, 0xff, 0xff, 0xff,
    0xff, 0xff, 0xff, 0xff, 0xfa, 0x0, 0x0, 0x2,
    0x57, 0xac, 0xff, 0xff, 0xff, 0xff, 0xf8, 0x0,
    0x0, 0x0, 0x0, 0x0, 0x1, 0x9f, 0xff, 0xff,
    0xf7, 0x0, 0x0, 0x0, 0x0, 0x0, 0x0, 0x9f,
    0xff, 0xff, 0xf5, 0x0, 0x0, 0x0, 0x0, 0x0,
    0x0, 0xaf, 0xff, 0xff, 0xf4, 0x0, 0x0, 0x0,
    0x0, 0x0, 0x0, 0xaf, 0xff, 0xff, 0xf2, 0x0,
    0x0, 0x0, 0x0, 0x0, 0x0, 0xbf, 0xff, 0xff,
    0xf0, 0x0, 0x0, 0x0, 0x0, 0x0, 0x0, 0xcf,
    0xff, 0xff, 0xf0, 0x0, 0x0, 0x0, 0x0, 0x0,
    0x0, 0xdf, 0xff, 0xff, 0xd0, 0x0, 0x0, 0x0,
    0x0, 0x0, 0x0, 0xef, 0xff, 0xff, 0xc0, 0x0,
    0x0, 0x0, 0x0, 0x0, 0x0, 0xff, 0xff, 0xff,
    0xa0, 0x0, 0x0, 0x0, 0x0, 0x0, 0x0, 0xff,
    0xff, 0xff, 0x90, 0x0, 0x0, 0x0, 0x0, 0x0,
    0x1, 0xff, 0xff, 0xff, 0x70, 0x0, 0x0, 0x0,
    0x0, 0x0, 0x2, 0xff, 0xff, 0xff, 0x50, 0x0,
    0x0, 0x0, 0x0, 0x0, 0x3, 0xff, 0xff, 0xff,
    0x40, 0x0, 0x0, 0x0, 0x0, 0x0, 0x3, 0xef,
    0xff, 0xfd, 0x20, 0x0,

    /* U+0035 "5" */
    0x0, 0x0, 0x0, 0x0, 0x0, 0x0, 0x0, 0x0,
    0x0, 0x0, 0x0, 0x0, 0x0, 0x0, 0x0, 0x0,
    0x0, 0x0, 0x0, 0x0, 0x0, 0x0, 0x49, 0xd0,
    0x0, 0x0, 0x0, 0x0, 0x0, 0x0, 0x0, 0x0,
    0x4, 0x7b, 0xff, 0xff, 0x0, 0x0, 0x0, 0x0,
    0x1, 0x23, 0x46, 0x8a, 0xdf, 0xff, 0xff, 0xff,
    0xf1, 0x0, 0x8f, 0xff, 0xff, 0xff, 0xff, 0xff,
    0xff, 0xff, 0xff, 0xff, 0xff, 0x30, 0x1, 0xff,
    0xff, 0xff, 0xff, 0xff, 0xff, 0xff, 0xff, 0xff,
    0xff, 0xf4, 0x0, 0xa, 0xff, 0xff, 0xff, 0xff,
    0xff, 0xff, 0xff, 0xff, 0xff, 0xd7, 0x10, 0x0,
    0x3f, 0xff, 0xff, 0xff, 0xff, 0xff, 0xff, 0xff,
    0xc8, 0x30, 0x0, 0x0, 0x0, 0xdf, 0xff, 0xff,
    0xce, 0xed, 0xca, 0x74, 0x0, 0x0, 0x0, 0x0,
    0x0, 0x7, 0xff, 0xff, 0xf0, 0x0, 0x0, 0x0,
    0x0, 0x0, 0x0, 0x0, 0x0, 0x0, 0x1f, 0xff,
    0xff, 0x20, 0x0, 0x0, 0x0, 0x0, 0x0, 0x0,
    0x0, 0x0, 0x0, 0xcf, 0xff, 0xf5, 0x0, 0x0,
    0x0, 0x0, 0x0, 0x0, 0x0, 0x0, 0x0, 0x6,
    0xff, 0xff, 0x91, 0x47, 0xac, 0xde, 0xec, 0x82,
    0x0, 0x0, 0x0, 0x0, 0x1f, 0xff, 0xff, 0xff,
    0xff, 0xff, 0xff, 0xff, 0xf7, 0x0, 0x0, 0x0,
    0x0, 0xcf, 0xff, 0xff, 0xff, 0xff, 0xff, 0xff,
    0xff, 0xf7, 0x0, 0x0, 0x0, 0x7, 0xff, 0xff,
    0xff, 0xff, 0xff, 0xff, 0xff, 0xff, 0xf4, 0x0,
    0x0, 0x0, 0x2f, 0xff, 0xff, 0xff, 0xeb, 0x75,
    0xef, 0xff, 0xff, 0xd0, 0x0, 0x0, 0x0, 0xbc,
    0xa8, 0x64, 0x10, 0x0, 0x2, 0xff, 0xff, 0xff,
    0x60, 0x0, 0x0, 0x0, 0x0, 0x0, 0x0, 0x0,
    0x0, 0x8, 0xff, 0xff, 0xfd, 0x0, 0x0, 0x0,
    0x0, 0x0, 0x0, 0x0, 0x0, 0x0, 0x9f, 0xff,
    0xff, 0xf1, 0x0, 0x0, 0x0, 0x0, 0x0, 0x0,
    0x0, 0x0, 0xe, 0xff, 0xff, 0xff, 0x20, 0x0,
    0x3, 0x0, 0x0, 0x0, 0x0, 0x0, 0x8, 0xff,
    0xff, 0xff, 0xf1, 0x0, 0x0, 0xef, 0xda, 0x86,
    0x54, 0x56, 0x9d, 0xff, 0xff, 0xff, 0xfd, 0x0,
    0x0, 0x2f, 0xff, 0xff, 0xff, 0xff, 0xff, 0xff,
    0xff, 0xff, 0xff, 0x70, 0x0, 0x5, 0xff, 0xff,
    0xff, 0xff, 0xff, 0xff, 0xff, 0xff, 0xff, 0xf1,
    0x0, 0x0, 0x8f, 0xff, 0xff, 0xff, 0xff, 0xff,
    0xff, 0xff, 0xff, 0xf5, 0x0, 0x0, 0x3, 0x8a,
    0xdf, 0xff, 0xff, 0xff, 0xff, 0xff, 0xff, 0xc4,
    0x0, 0x0, 0x0, 0x0, 0x0, 0x3, 0x69, 0xce,
    0xff, 0xec, 0x96, 0x20, 0x0, 0x0,

    /* U+0036 "6" */
    0x0, 0x0, 0x0, 0x0, 0x0, 0x0, 0x0, 0x0,
    0x2, 0x65, 0x0, 0x0, 0x0, 0x0, 0x0, 0x0,
    0x0, 0x17, 0xdf, 0xf1, 0x0, 0x0, 0x0, 0x0,
    0x0, 0x0, 0x3a, 0xff, 0xff, 0x70, 0x0, 0x0,
    0x0, 0x0, 0x0, 0x1a, 0xff, 0xff, 0xfd, 0x0,
    0x0, 0x0, 0x0, 0x0, 0x6, 0xff, 0xff, 0xff,
    0xf3, 0x0, 0x0, 0x0, 0x0, 0x1, 0xbf, 0xff,
    0xff, 0xff, 0x90, 0x0, 0x0, 0x0, 0x0, 0x1d,
    0xff, 0xff, 0xff, 0xfb, 0x0, 0x0, 0x0, 0x0,
    0x1, 0xdf, 0xff, 0xff, 0xff, 0x90, 0x0, 0x0,
    0x0, 0x0, 0xc, 0xff, 0xff, 0xff, 0xf6, 0x0,
    0x0, 0x0, 0x0, 0x0, 0x6f, 0xff, 0xff, 0xff,
    0x60, 0x0, 0x0, 0x0, 0x0, 0x1, 0xff, 0xff,
    0xff, 0xf6, 0x0, 0x0, 0x0, 0x0, 0x0, 0x7,
    0xff, 0xff, 0xff, 0x80, 0x0, 0x0, 0x0, 0x0,
    0x0, 0xe, 0xff, 0xff, 0xfc, 0x0, 0x0, 0x0,
    0x0, 0x0, 0x0, 0x6f, 0xff, 0xff, 0xf9, 0xbe,
    0xfc, 0x60, 0x0, 0x0, 0x0, 0xdf, 0xff, 0xff,
    0xff, 0xff, 0xff, 0xfd, 0x30, 0x0, 0x3, 0xff,
    0xff, 0xff, 0xff, 0xff, 0xff, 0xff, 0xe2, 0x0,
    0x9, 0xff, 0xff, 0xff, 0xff, 0xff, 0xff, 0xff,
    0xfd, 0x0, 0xe, 0xff, 0xff, 0xff, 0xd7, 0x7c,
    0xff, 0xff, 0xff, 0x70, 0x2f, 0xff, 0xff, 0xf8,
    0x0, 0x0, 0x7f, 0xff, 0xff, 0xf1, 0x6f, 0xff,
    0xff, 0x60, 0x0, 0x0, 0xb, 0xff, 0xff, 0xf7,
    0x9f, 0xff, 0xfc, 0x0, 0x0, 0x0, 0x5, 0xff,
    0xff, 0xfb, 0xbf, 0xff, 0xf8, 0x0, 0x0, 0x0,
    0x4, 0xff, 0xff, 0xfd, 0xcf, 0xff, 0xfa, 0x0,
    0x0, 0x0, 0x8, 0xff, 0xff, 0xfc, 0xdf, 0xff,
    0xff, 0x10, 0x0, 0x0, 0xe, 0xff, 0xff, 0xf9,
    0xaf, 0xff, 0xff, 0xd3, 0x0, 0x4, 0xcf, 0xff,
    0xff, 0xf3, 0x4f, 0xff, 0xff, 0xff, 0xfd, 0xff,
    0xff, 0xff, 0xff, 0xd0, 0x9, 0xff, 0xff, 0xff,
    0xff, 0xff, 0xff, 0xff, 0xff, 0x40, 0x0, 0xcf,
    0xff, 0xff, 0xff, 0xff, 0xff, 0xff, 0xf7, 0x0,
    0x0, 0xa, 0xff, 0xff, 0xff, 0xff, 0xff, 0xfb,
    0x30, 0x0, 0x0, 0x0, 0x39, 0xce, 0xff, 0xfe,
    0xc7, 0x20, 0x0, 0x0,

    /* U+0037 "7" */
    0x1, 0x0, 0x0, 0x0, 0x0, 0x0, 0x0, 0x0,
    0x0, 0x0, 0x0, 0x0, 0x0, 0x4, 0xff, 0xfd,
    0xcb, 0x98, 0x75, 0x43, 0x20, 0x0, 0x0, 0x0,
    0x0, 0x0, 0x0, 0x4f, 0xff, 0xff, 0xff, 0xff,
    0xff, 0xff, 0xff, 0xec, 0xba, 0x87, 0x64, 0x32,
    0x4, 0xff, 0xff, 0xff, 0xff, 0xff, 0xff, 0xff,
    0xff, 0xff, 0xff, 0xff, 0xff, 0xe0, 0x4f, 0xff,
    0xff, 0xff, 0xff, 0xff, 0xff, 0xff, 0xff, 0xff,
    0xff, 0xff, 0xf8, 0x4, 0xff, 0xff, 0xff, 0xff,
    0xff, 0xff, 0xff, 0xff, 0xff, 0xff, 0xff, 0xff,
    0x20, 0x3c, 0xde, 0xff, 0xff, 0xff, 0xff, 0xff,
    0xff, 0xff, 0xff, 0xff, 0xff, 0xc0, 0x0, 0x0,
    0x0, 0x12, 0x45, 0x68, 0x9a, 0xcd, 0xef, 0xff,
    0xff, 0xff, 0xf6, 0x0, 0x0, 0x0, 0x0, 0x0,
    0x0, 0x0, 0x0, 0x0, 0x2f, 0xff, 0xff, 0xff,
    0x10, 0x0, 0x0, 0x0, 0x0, 0x0, 0x0, 0x0,
    0x0, 0x7, 0xff, 0xff, 0xff, 0xa0, 0x0, 0x0,
    0x0, 0x0, 0x0, 0x0, 0x0, 0x0, 0x0, 0xdf,
    0xff, 0xff, 0xf4, 0x0, 0x0, 0x0, 0x0, 0x0,
    0x0, 0x0, 0x0, 0x0, 0x3f, 0xff, 0xff, 0xfe,
    0x0, 0x0, 0x0, 0x0, 0x0, 0x0, 0x0, 0x0,
    0x0, 0x9, 0xff, 0xff, 0xff, 0x80, 0x0, 0x0,
    0x0, 0x0, 0x0, 0x0, 0x0, 0x0, 0x0, 0xef,
    0xff, 0xff, 0xf2, 0x0, 0x0, 0x0, 0x0, 0x0,
    0x0, 0x0, 0x0, 0x0, 0x4f, 0xff, 0xff, 0xfc,
    0x0, 0x0, 0x0, 0x0, 0x0, 0x0, 0x0, 0x0,
    0x0, 0xa, 0xff, 0xff, 0xff, 0x60, 0x0, 0x0,
    0x0, 0x0, 0x0, 0x0, 0x0, 0x0, 0x0, 0xff,
    0xff, 0xff, 0xf1, 0x0, 0x0, 0x0, 0x0, 0x0,
    0x0, 0x0, 0x0, 0x0, 0x6f, 0xff, 0xff, 0xfa,
    0x0, 0x0, 0x0, 0x0, 0x0, 0x0, 0x0, 0x0,
    0x0, 0xc, 0xff, 0xff, 0xff, 0x40, 0x0, 0x0,
    0x0, 0x0, 0x0, 0x0, 0x0, 0x0, 0x1, 0xff,
    0xff, 0xff, 0xe0, 0x0, 0x0, 0x0, 0x0, 0x0,
    0x0, 0x0, 0x0, 0x0, 0x7f, 0xff, 0xff, 0xf8,
    0x0, 0x0, 0x0, 0x0, 0x0, 0x0, 0x0, 0x0,
    0x0, 0xd, 0xff, 0xff, 0xff, 0x20, 0x0, 0x0,
    0x0, 0x0, 0x0, 0x0, 0x0, 0x0, 0x3, 0xff,
    0xff, 0xff, 0xc0, 0x0, 0x0, 0x0, 0x0, 0x0,
    0x0, 0x0, 0x0, 0x0, 0x9f, 0xff, 0xff, 0xf6,
    0x0, 0x0, 0x0, 0x0, 0x0, 0x0, 0x0, 0x0,
    0x0, 0xe, 0xff, 0xff, 0xff, 0x0, 0x0, 0x0,
    0x0, 0x0, 0x0, 0x0, 0x0, 0x0, 0x4, 0xff,
    0xff, 0xff, 0xa0, 0x0, 0x0, 0x0, 0x0, 0x0,
    0x0, 0x0, 0x0, 0x0, 0xaf, 0xff, 0xff, 0xf4,
    0x0, 0x0, 0x0, 0x0, 0x0, 0x0, 0x0, 0x0,
    0x0, 0xf, 0xff, 0xff, 0xfe, 0x0, 0x0, 0x0,
    0x0, 0x0, 0x0, 0x0, 0x0, 0x0, 0x6, 0xff,
    0xff, 0xff, 0x80, 0x0, 0x0, 0x0, 0x0, 0x0,
    0x0, 0x0, 0x0, 0x0, 0xcf, 0xff, 0xff, 0xf2,
    0x0, 0x0, 0x0, 0x0, 0x0, 0x0, 0x0, 0x0,
    0x0, 0x1f, 0xff, 0xff, 0xfc, 0x0, 0x0, 0x0,
    0x0, 0x0, 0x0, 0x0, 0x0, 0x0, 0x7, 0xff,
    0xff, 0xff, 0x60, 0x0, 0x0, 0x0, 0x0, 0x0,
    0x0, 0x0, 0x0, 0x0, 0xdf, 0xed, 0xca, 0x90,
    0x0, 0x0, 0x0, 0x0, 0x0, 0x0, 0x0, 0x0,
    0x0, 0x1, 0x0, 0x0, 0x0, 0x0, 0x0, 0x0,
    0x0, 0x0, 0x0,

    /* U+0038 "8" */
    0x0, 0x0, 0x5, 0xad, 0xff, 0xff, 0xfc, 0x95,
    0x0, 0x0, 0x0, 0x0, 0x0, 0x1d, 0xff, 0xff,
    0xff, 0xff, 0xff, 0xfe, 0x40, 0x0, 0x0, 0x0,
    0xa, 0xff, 0xff, 0xff, 0xff, 0xff, 0xff, 0xff,
    0x60, 0x0, 0x0, 0x1, 0xff, 0xff, 0xff, 0xff,
    0xff, 0xff, 0xff, 0xff, 0x20, 0x0, 0x0, 0x7f,
    0xff, 0xff, 0xff, 0xff, 0xff, 0xff, 0xff, 0xf9,
    0x0, 0x0, 0xb, 0xff, 0xff, 0xf9, 0x10, 0x2,
    0xbf, 0xff, 0xff, 0xb0, 0x0, 0x0, 0xbf, 0xff,
    0xff, 0x20, 0x0, 0x7, 0xff, 0xff, 0xf5, 0x0,
    0x0, 0x6, 0xff, 0xff, 0xff, 0x81, 0x4c, 0xff,
    0xff, 0xfb, 0x0, 0x0, 0x0, 0xc, 0xff, 0xff,
    0xff, 0xff, 0xff, 0xff, 0xfd, 0x10, 0x0, 0x0,
    0x0, 0xa, 0xff, 0xff, 0xff, 0xff, 0xff, 0xfe,
    0x20, 0x0, 0x0, 0x0, 0x0, 0x4, 0xbf, 0xff,
    0xff, 0xff, 0xff, 0xc3, 0x0, 0x0, 0x0, 0x0,
    0x0, 0x3d, 0xff, 0xff, 0xff, 0xff, 0xff, 0xf9,
    0x0, 0x0, 0x0, 0x0, 0x9f, 0xff, 0xff, 0xff,
    0xff, 0xff, 0xff, 0xf8, 0x0, 0x0, 0x1, 0xcf,
    0xff, 0xff, 0xff, 0xff, 0xff, 0xff, 0xff, 0xf4,
    0x0, 0x0, 0xcf, 0xff, 0xff, 0xff, 0xfd, 0x86,
    0xef, 0xff, 0xff, 0xe0, 0x0, 0x5f, 0xff, 0xff,
    0xff, 0x83, 0x0, 0x3, 0xff, 0xff, 0xff, 0x60,
    0xa, 0xff, 0xff, 0xfd, 0x20, 0x0, 0x0, 0x9,
    0xff, 0xff, 0xfc, 0x0, 0xef, 0xff, 0xff, 0x30,
    0x0, 0x0, 0x0, 0x8f, 0xff, 0xff, 0xf0, 0xf,
    0xff, 0xff, 0xe0, 0x0, 0x0, 0x0, 0xb, 0xff,
    0xff, 0xff, 0x20, 0xff, 0xff, 0xff, 0x10, 0x0,
    0x0, 0x1, 0xff, 0xff, 0xff, 0xf1, 0xe, 0xff,
    0xff, 0xfd, 0x73, 0x11, 0x26, 0xdf, 0xff, 0xff,
    0xfd, 0x0, 0xaf, 0xff, 0xff, 0xff, 0xff, 0xff,
    0xff, 0xff, 0xff, 0xff, 0x80, 0x3, 0xff, 0xff,
    0xff, 0xff, 0xff, 0xff, 0xff, 0xff, 0xff, 0xf2,
    0x0, 0xa, 0xff, 0xff, 0xff, 0xff, 0xff, 0xff,
    0xff, 0xff, 0xf8, 0x0, 0x0, 0xc, 0xff, 0xff,
    0xff, 0xff, 0xff, 0xff, 0xff, 0xf8, 0x0, 0x0,
    0x0, 0x9, 0xff, 0xff, 0xff, 0xff, 0xff, 0xff,
    0xa3, 0x0, 0x0, 0x0, 0x0, 0x2, 0x8b, 0xef,
    0xff, 0xec, 0x95, 0x0, 0x0, 0x0, 0x0,

    /* U+0039 "9" */
    0x0, 0x0, 0x1, 0x59, 0xce, 0xff, 0xfe, 0xb7,
    0x10, 0x0, 0x0, 0x0, 0x1a, 0xff, 0xff, 0xff,
    0xff, 0xff, 0xff, 0x70, 0x0, 0x0, 0x1d, 0xff,
    0xff, 0xff, 0xff, 0xff, 0xff, 0xff, 0x80, 0x0,
    0xa, 0xff, 0xff, 0xff, 0xff, 0xff, 0xff, 0xff,
    0xff, 0x50, 0x2, 0xff, 0xff, 0xff, 0xff, 0xff,
    0xff, 0xff, 0xff, 0xfe, 0x0, 0x8f, 0xff, 0xff,
    0xff, 0xff, 0xff, 0xff, 0xff, 0xff, 0xf6, 0xd,
    0xff, 0xff, 0xff, 0xe6, 0x10, 0x2a, 0xff, 0xff,
    0xff, 0x81, 0xff, 0xff, 0xff, 0xf4, 0x0, 0x0,
    0xf, 0xff, 0xff, 0xf8, 0x1f, 0xff, 0xff, 0xff,
    0x0, 0x0, 0x0, 0xff, 0xff, 0xff, 0x60, 0xff,
    0xff, 0xff, 0xf1, 0x0, 0x0, 0x4f, 0xff, 0xff,
    0xf3, 0xa, 0xff, 0xff, 0xff, 0x80, 0x0, 0x7f,
    0xff, 0xff, 0xff, 0x0, 0x3f, 0xff, 0xff, 0xff,
    0xcb, 0xff, 0xff, 0xff, 0xff, 0xd0, 0x0, 0xaf,
    0xff, 0xff, 0xff, 0xff, 0xff, 0xff, 0xff, 0xf8,
    0x0, 0x1, 0xef, 0xff, 0xff, 0xff, 0xff, 0xff,
    0xff, 0xff, 0x40, 0x0, 0x4, 0xff, 0xff, 0xff,
    0xff, 0xff, 0xff, 0xff, 0xf0, 0x0, 0x0, 0x4,
    0xef, 0xff, 0xff, 0xff, 0xff, 0xff, 0xf9, 0x0,
    0x0, 0x0, 0x0, 0x5c, 0xff, 0xcf, 0xff, 0xff,
    0xff, 0x30, 0x0, 0x0, 0x0, 0x0, 0x0, 0x2,
    0xff, 0xff, 0xff, 0xb0, 0x0, 0x0, 0x0, 0x0,
    0x0, 0x0, 0x9f, 0xff, 0xff, 0xf3, 0x0, 0x0,
    0x0, 0x0, 0x0, 0x0, 0x1f, 0xff, 0xff, 0xfb,
    0x0, 0x0, 0x0, 0x0, 0x0, 0x0, 0x9, 0xff,
    0xff, 0xff, 0x30, 0x0, 0x0, 0x0, 0x0, 0x0,
    0x2, 0xff, 0xff, 0xff, 0xb0, 0x0, 0x0, 0x0,
    0x0, 0x0, 0x0, 0xbf, 0xff, 0xff, 0xf2, 0x0,
    0x0, 0x0, 0x0, 0x0, 0x0, 0x4f, 0xff, 0xff,
    0xfa, 0x0, 0x0, 0x0, 0x0, 0x0, 0x0, 0xd,
    0xff, 0xff, 0xff, 0x10, 0x0, 0x0, 0x0, 0x0,
    0x0, 0x7, 0xff, 0xff, 0xff, 0x80, 0x0, 0x0,
    0x0, 0x0, 0x0, 0x1, 0xef, 0xff, 0xff, 0xe0,
    0x0, 0x0, 0x0, 0x0, 0x0, 0x0, 0x9f, 0xff,
    0xff, 0xf5, 0x0, 0x0, 0x0, 0x0, 0x0, 0x0,
    0x3f, 0xff, 0xff, 0xfb, 0x0, 0x0, 0x0, 0x0,
    0x0, 0x0, 0xc, 0xff, 0xff, 0xfe, 0x10, 0x0,
    0x0, 0x0, 0x0, 0x0, 0x5, 0xff, 0xff, 0xff,
    0x40, 0x0, 0x0, 0x0, 0x0, 0x0, 0x0, 0xef,
    0xff, 0xff, 0x70, 0x0, 0x0, 0x0, 0x0, 0x0,
    0x0, 0x8f, 0xff, 0xff, 0x90, 0x0, 0x0, 0x0,
    0x0, 0x0, 0x0, 0x2f, 0xff, 0xff, 0x90, 0x0,
    0x0, 0x0, 0x0, 0x0, 0x0, 0xb, 0xff, 0xff,
    0x70, 0x0, 0x0, 0x0, 0x0, 0x0, 0x0, 0x0,

    /* U+003A ":" */
    0x0, 0x27, 0x51, 0x0, 0x0, 0x0, 0x4f, 0xff,
    0xe3, 0x0, 0x0, 0xd, 0xff, 0xff, 0xe0, 0x0,
    0x0, 0xff, 0xff, 0xff, 0x30, 0x0, 0xf, 0xff,
    0xff, 0xf1, 0x0, 0x0, 0xaf, 0xff, 0xfb, 0x0,
    0x0, 0x1, 0x9e, 0xfc, 0x10, 0x0, 0x0, 0x0,
    0x0, 0x0, 0x0, 0x0, 0x0, 0x0, 0x0, 0x0,
    0x0, 0x0, 0x0, 0x0, 0x27, 0x51, 0x0, 0x0,
    0x0, 0x4f, 0xff, 0xe3, 0x0, 0x0, 0xd, 0xff,
    0xff, 0xe0, 0x0, 0x0, 0xff, 0xff, 0xff, 0x30,
    0x0, 0xf, 0xff, 0xff, 0xf1, 0x0, 0x0, 0xaf,
    0xff, 0xfb, 0x0, 0x0, 0x0, 0x9e, 0xfc, 0x10,

    /* U+003B ";" */
    0x0, 0x0, 0x0, 0x27, 0x51, 0x0, 0x0, 0x0,
    0x0, 0x4f, 0xff, 0xe3, 0x0, 0x0, 0x0, 0xd,
    0xff, 0xff, 0xe0, 0x0, 0x0, 0x0, 0xff, 0xff,
    0xff, 0x30, 0x0, 0x0, 0xf, 0xff, 0xff, 0xf1,
    0x0, 0x0, 0x0, 0xaf, 0xff, 0xfb, 0x0, 0x0,
    0x0, 0x1, 0x9e, 0xfc, 0x10, 0x0, 0x0, 0x0,
    0x0, 0x0, 0x0, 0x0, 0x0, 0x0, 0x0, 0x0,
    0x0, 0x0, 0x0, 0x0, 0x0, 0x0, 0x0, 0x0,
    0x0, 0x0, 0x0, 0x0, 0x0, 0x0, 0x0, 0x0,
    0x0, 0x0, 0x0, 0x0, 0x0, 0x0, 0x0, 0x0,
    0x0, 0x0, 0x4e, 0xc7, 0x10, 0x0, 0x0, 0x0,
    0x7f, 0xff, 0xd0, 0x0, 0x0, 0x0, 0xaf, 0xff,
    0xf3, 0x0, 0x0, 0x2, 0xdf, 0xff, 0xf6, 0x0,
    0x0, 0x4, 0xef, 0xff, 0xfa, 0x0, 0x0, 0x7,
    0xff, 0xff, 0xfd, 0x0, 0x0, 0xa, 0xff, 0xff,
    0xff, 0x30, 0x0, 0x0, 0x6, 0xbf, 0xff, 0x60,
    0x0, 0x0, 0x0, 0x0, 0x17, 0x90, 0x0, 0x0,
    0x0,

    /* U+003C "<" */
    0x0, 0x0, 0x0, 0x0, 0x0, 0x0, 0x0, 0x0,
    0x0, 0x0, 0x0, 0x0, 0x0, 0x0, 0x0, 0x0,
    0x3, 0xaa, 0x0, 0x0, 0x0, 0x0, 0x0, 0x0,
    0x6, 0xdf, 0xf9, 0x0, 0x0, 0x0, 0x0, 0x0,
    0x39, 0xff, 0xff, 0xf7, 0x0, 0x0, 0x0, 0x0,
    0x6c, 0xff, 0xff, 0xff, 0xf5, 0x0, 0x0, 0x3,
    0x9f, 0xff, 0xff, 0xff, 0xff, 0xf3, 0x0, 0x6,
    0xcf, 0xff, 0xff, 0xff, 0xff, 0xd8, 0x30, 0x29,
    0xff, 0xff, 0xff, 0xff, 0xfb, 0x62, 0x0, 0x0,
    0x2a, 0xff, 0xff, 0xff, 0xff, 0x60, 0x0, 0x0,
    0x0, 0x0, 0x3b, 0xff, 0xff, 0xff, 0xff, 0xa4,
    0x0, 0x0, 0x0, 0x0, 0x3b, 0xff, 0xff, 0xff,
    0xff, 0xe9, 0x20, 0x0, 0x0, 0x0, 0x3c, 0xff,
    0xff, 0xff, 0xff, 0x70, 0x0, 0x0, 0x0, 0x0,
    0x4c, 0xff, 0xff, 0xff, 0x50, 0x0, 0x0, 0x0,
    0x0, 0x0, 0x4c, 0xff, 0xff, 0x30, 0x0, 0x0,
    0x0, 0x0, 0x0, 0x0, 0x5d, 0xff, 0x0, 0x0,
    0x0, 0x0, 0x0, 0x0, 0x0, 0x0, 0x5c, 0x0,
    0x0, 0x0, 0x0, 0x0, 0x0, 0x0, 0x0, 0x0,
    0x0,

    /* U+003D "=" */
    0x0, 0x0, 0x0, 0x0, 0x1, 0x34, 0x67, 0x92,
    0x4, 0x79, 0xab, 0xde, 0xff, 0xff, 0xff, 0xf2,
    0xd, 0xff, 0xff, 0xff, 0xff, 0xff, 0xff, 0xf1,
    0xf, 0xff, 0xff, 0xff, 0xff, 0xff, 0xff, 0xf0,
    0xf, 0xff, 0xff, 0xff, 0xff, 0xff, 0xff, 0xe0,
    0x8, 0x88, 0x88, 0x88, 0x88, 0x88, 0x88, 0x60,
    0x0, 0x0, 0x0, 0x0, 0x0, 0x0, 0x0, 0x10,
    0x0, 0x1, 0x24, 0x57, 0x8a, 0xbd, 0xef, 0xf1,
    0xd, 0xff, 0xff, 0xff, 0xff, 0xff, 0xff, 0xf0,
    0xf, 0xff, 0xff, 0xff, 0xff, 0xff, 0xff, 0xe0,
    0x1f, 0xff, 0xff, 0xff, 0xff, 0xff, 0xff, 0xd0,
    0x3f, 0xff, 0xff, 0xff, 0xff, 0xff, 0xff, 0xb0,

    /* U+003E ">" */
    0x0, 0x0, 0x0, 0x0, 0x0, 0x0, 0x0, 0x0,
    0x0, 0x3, 0xd6, 0x10, 0x0, 0x0, 0x0, 0x0,
    0x0, 0x0, 0x0, 0x1f, 0xff, 0x93, 0x0, 0x0,
    0x0, 0x0, 0x0, 0x0, 0x0, 0xff, 0xff, 0xfd,
    0x60, 0x0, 0x0, 0x0, 0x0, 0x0, 0xd, 0xff,
    0xff, 0xff, 0xf9, 0x30, 0x0, 0x0, 0x0, 0x0,
    0xbf, 0xff, 0xff, 0xff, 0xff, 0xc6, 0x0, 0x0,
    0x0, 0x1, 0x5a, 0xff, 0xff, 0xff, 0xff, 0xff,
    0x93, 0x0, 0x0, 0x0, 0x0, 0x49, 0xef, 0xff,
    0xff, 0xff, 0xfc, 0x60, 0x0, 0x0, 0x0, 0x2,
    0xbf, 0xff, 0xff, 0xff, 0xe6, 0x0, 0x0, 0x1,
    0x7d, 0xff, 0xff, 0xff, 0xfe, 0x70, 0x0, 0x0,
    0x6c, 0xff, 0xff, 0xff, 0xff, 0xe7, 0x0, 0x0,
    0x0, 0xf, 0xff, 0xff, 0xff, 0xff, 0x80, 0x0,
    0x0, 0x0, 0x0, 0xdf, 0xff, 0xff, 0xf8, 0x10,
    0x0, 0x0, 0x0, 0x0, 0xb, 0xff, 0xff, 0x81,
    0x0, 0x0, 0x0, 0x0, 0x0, 0x0, 0x8f, 0xf9,
    0x10, 0x0, 0x0, 0x0, 0x0, 0x0, 0x0, 0x6,
    0x91, 0x0, 0x0, 0x0, 0x0, 0x0, 0x0, 0x0,
    0x0, 0x0, 0x0, 0x0, 0x0, 0x0, 0x0, 0x0,
    0x0, 0x0,

    /* U+003F "?" */
    0x0, 0x0, 0x0, 0x0, 0x47, 0xad, 0xef, 0xed,
    0xa4, 0x0, 0x0, 0x0, 0x1, 0x6b, 0xff, 0xff,
    0xff, 0xff, 0xff, 0xfd, 0x20, 0x2, 0x7c, 0xff,
    0xff, 0xff, 0xff, 0xff, 0xff, 0xff, 0xfe, 0x10,
    0xff, 0xff, 0xff, 0xff, 0xff, 0xff, 0xff, 0xff,
    0xff, 0xf7, 0xa, 0xff, 0xff, 0xff, 0xff, 0xff,
    0xff, 0xff, 0xff, 0xff, 0xb0, 0x4f, 0xff, 0xff,
    0xff, 0xff, 0xff, 0xff, 0xff, 0xff, 0xf9, 0x0,
    0xef, 0xff, 0xff, 0xff, 0xd9, 0x75, 0x5f, 0xff,
    0xff, 0x30, 0x9, 0xff, 0xff, 0x94, 0x0, 0x0,
    0x2, 0xff, 0xff, 0xa0, 0x0, 0x3f, 0xf8, 0x10,
    0x0, 0x0, 0x0, 0xbf, 0xff, 0xe1, 0x0, 0x0,
    0x92, 0x0, 0x0, 0x0, 0x0, 0x9f, 0xff, 0xf3,
    0x0, 0x0, 0x0, 0x0, 0x0, 0x0, 0x0, 0xaf,
    0xff, 0xf4, 0x0, 0x0, 0x0, 0x0, 0x0, 0x0,
    0x1, 0xcf, 0xff, 0xf6, 0x0, 0x0, 0x0, 0x0,
    0x0, 0x0, 0x6, 0xef, 0xff, 0xf6, 0x0, 0x0,
    0x0, 0x0, 0x0, 0x2, 0xbf, 0xff, 0xff, 0xf5,
    0x0, 0x0, 0x0, 0x0, 0x0, 0x0, 0xf, 0xff,
    0xff, 0xf4, 0x0, 0x0, 0x0, 0x0, 0x0, 0x0,
    0x0, 0xaf, 0xff, 0xd2, 0x0, 0x0, 0x0, 0x0,
    0x0, 0x0, 0x0, 0x4, 0xff, 0x90, 0x0, 0x0,
    0x0, 0x0, 0x0, 0x0, 0x0, 0x0, 0xa, 0x30,
    0x0, 0x0, 0x0, 0x0, 0x0, 0x0, 0x0, 0x0,
    0x0, 0x0, 0x0, 0x0, 0x0, 0x0, 0x0, 0x0,
    0x0, 0x0, 0x0, 0x0, 0x0, 0x0, 0x0, 0x0,
    0x0, 0x0, 0x0, 0x0, 0x0, 0x0, 0x2, 0x75,
    0x10, 0x0, 0x0, 0x0, 0x0, 0x0, 0x0, 0x0,
    0x4, 0xff, 0xfe, 0x30, 0x0, 0x0, 0x0, 0x0,
    0x0, 0x0, 0x0, 0xdf, 0xff, 0xfe, 0x0, 0x0,
    0x0, 0x0, 0x0, 0x0, 0x0, 0xf, 0xff, 0xff,
    0xf3, 0x0, 0x0, 0x0, 0x0, 0x0, 0x0, 0x0,
    0xff, 0xff, 0xff, 0x10, 0x0, 0x0, 0x0, 0x0,
    0x0, 0x0, 0xa, 0xff, 0xff, 0xb0, 0x0, 0x0,
    0x0, 0x0, 0x0, 0x0, 0x0, 0x9, 0xef, 0xc1,
    0x0, 0x0, 0x0, 0x0,

    /* U+0040 "@" */
    0x0, 0x0, 0x0, 0x5, 0xad, 0xff, 0xdc, 0x84,
    0x0, 0x0, 0x0, 0x0, 0x0, 0x1, 0x8f, 0xff,
    0xff, 0xff, 0xff, 0xfd, 0x60, 0x0, 0x0, 0x0,
    0x5, 0xff, 0xff, 0xff, 0xff, 0xff, 0xff, 0xff,
    0xd2, 0x0, 0x0, 0x4, 0xff, 0xff, 0xff, 0xff,
    0xff, 0xff, 0xff, 0xff, 0xf4, 0x0, 0x0, 0xef,
    0xff, 0xff, 0xff, 0xff, 0xff, 0xff, 0xff, 0xff,
    0xf3, 0x0, 0x5f, 0xff, 0xff, 0xff, 0xff, 0xff,
    0xff, 0xff, 0xff, 0xff, 0xd0, 0xa, 0xff, 0xff,
    0xff, 0xff, 0xff, 0xff, 0xff, 0xff, 0xff, 0xff,
    0x30, 0xef, 0xff, 0xff, 0xff, 0xff, 0xfe, 0xff,
    0xff, 0xff, 0xff, 0xf8, 0xf, 0xff, 0xff, 0xff,
    0xff, 0xd1, 0x2, 0xaf, 0xff, 0xff, 0xff, 0x92,
    0xff, 0xff, 0xff, 0xff, 0xf2, 0x0, 0x0, 0xaf,
    0xff, 0xff, 0xfa, 0x3f, 0xff, 0xff, 0xff, 0xf9,
    0x0, 0x6e, 0x9c, 0xff, 0xff, 0xff, 0xa3, 0xff,
    0xff, 0xff, 0xff, 0x20, 0x2f, 0xff, 0xff, 0xff,
    0xff, 0xf9, 0x3f, 0xff, 0xff, 0xff, 0xb0, 0xc,
    0xff, 0xff, 0xff, 0xff, 0xff, 0x72, 0xff, 0xff,
    0xff, 0xf8, 0x8, 0xff, 0xff, 0xff, 0xff, 0xff,
    0xf4, 0x1f, 0xff, 0xff, 0xff, 0x83, 0xff, 0xff,
    0xff, 0xff, 0xff, 0xfd, 0x0, 0xef, 0xff, 0xff,
    0xfa, 0x5, 0xef, 0xff, 0xff, 0xff, 0xff, 0x40,
    0xa, 0xff, 0xff, 0xff, 0xf2, 0x1, 0x7e, 0xff,
    0xff, 0xfe, 0x40, 0x0, 0x4f, 0xff, 0xff, 0xff,
    0xe5, 0x0, 0x3, 0x79, 0xa7, 0x10, 0x0, 0x0,
    0xcf, 0xff, 0xff, 0xff, 0xff, 0xa6, 0x40, 0x0,
    0x0, 0x0, 0x0, 0x3, 0xff, 0xff, 0xff, 0xff,
    0xff, 0xfd, 0x0, 0x0, 0x0, 0x0, 0x0, 0x5,
    0xff, 0xff, 0xff, 0xff, 0xff, 0xb0, 0x0, 0x0,
    0x0, 0x0, 0x0, 0x5, 0xff, 0xff, 0xff, 0xff,
    0xf8, 0x0, 0x0, 0x0, 0x0, 0x0, 0x0, 0x3,
    0xef, 0xff, 0xff, 0xff, 0x60, 0x0, 0x0, 0x0,
    0x0, 0x0, 0x0, 0x0, 0x8f, 0xff, 0xff, 0xf3,
    0x0, 0x0, 0x0, 0x0, 0x0, 0x0, 0x0, 0x0,
    0x5, 0x9d, 0xef, 0x10, 0x0, 0x0, 0x0, 0x0,

    /* U+0041 "A" */
    0x0, 0x0, 0x0, 0x0, 0x0, 0x0, 0x0, 0x0,
    0x10, 0x0, 0x0, 0x0, 0x0, 0x0, 0x0, 0x0,
    0x0, 0x0, 0x0, 0x0, 0x0, 0x0, 0x0, 0x1b,
    0x0, 0x0, 0x0, 0x0, 0x0, 0x0, 0x0, 0x0,
    0x0, 0x0, 0x0, 0x0, 0x0, 0x0, 0x9, 0xf2,
    0x0, 0x0, 0x0, 0x0, 0x0, 0x0, 0x0, 0x0,
    0x0, 0x0, 0x0, 0x0, 0x0, 0x1, 0xff, 0x80,
    0x0, 0x0, 0x0, 0x0, 0x0, 0x0, 0x0, 0x0,
    0x0, 0x0, 0x0, 0x0, 0x0, 0x9f, 0xfe, 0x0,
    0x0, 0x0, 0x0, 0x0, 0x0, 0x0, 0x0, 0x0,
    0x0, 0x0, 0x0, 0x0, 0x1f, 0xff, 0xf5, 0x0,
    0x0, 0x0, 0x0, 0x0, 0x0, 0x0, 0x0, 0x0,
    0x0, 0x0, 0x0, 0x9, 0xff, 0xff, 0xc0, 0x0,
    0x0, 0x0, 0x0, 0x0, 0x0, 0x0, 0x0, 0x0,
    0x0, 0x0, 0x1, 0xff, 0xff, 0xff, 0x20, 0x0,
    0x0, 0x0, 0x0, 0x0, 0x0, 0x0, 0x0, 0x0,
    0x0, 0x0, 0x8f, 0xff, 0xff, 0xf9, 0x0, 0x0,
    0x0, 0x0, 0x0, 0x0, 0x0, 0x0, 0x0, 0x0,
    0x0, 0x1f, 0xff, 0xff, 0xff, 0xf0, 0x0, 0x0,
    0x0, 0x0, 0x0, 0x0, 0x0, 0x0, 0x0, 0x0,
    0x8, 0xff, 0xff, 0xff, 0xff, 0x60, 0x0, 0x0,
    0x0, 0x0, 0x0, 0x0, 0x0, 0x0, 0x0, 0x1,
    0xff, 0xff, 0xfb, 0xff, 0xfc, 0x0, 0x0, 0x0,
    0x0, 0x0, 0x0, 0x0, 0x0, 0x0, 0x0, 0x8f,
    0xff, 0xfa, 0x6f, 0xff, 0xf3, 0x0, 0x0, 0x0,
    0x0, 0x0, 0x0, 0x0, 0x0, 0x0, 0x1f, 0xff,
    0xff, 0x42, 0xff, 0xff, 0x90, 0x0, 0x0, 0x0,
    0x0, 0x0, 0x0, 0x0, 0x0, 0x7, 0xff, 0xff,
    0xe0, 0xe, 0xff, 0xff, 0x0, 0x0, 0x0, 0x0,
    0x0, 0x0, 0x0, 0x0, 0x0, 0xef, 0xff, 0xf8,
    0x0, 0xaf, 0xff, 0xf6, 0x0, 0x0, 0x0, 0x0,
    0x0, 0x0, 0x0, 0x0, 0x7f, 0xff, 0xff, 0xb8,
    0x69, 0xff, 0xff, 0xd0, 0x0, 0x0, 0x0, 0x0,
    0x0, 0x0, 0x0, 0xe, 0xff, 0xff, 0xff, 0xff,
    0xff, 0xff, 0xff, 0x30, 0x0, 0x0, 0x0, 0x0,
    0x0, 0x0, 0x7, 0xff, 0xff, 0xff, 0xff, 0xff,
    0xff, 0xff, 0xfa, 0x0, 0x0, 0x0, 0x0, 0x0,
    0x0, 0x0, 0xef, 0xff, 0xff, 0xfe, 0xff, 0xff,
    0xff, 0xff, 0xf1, 0x0, 0x0, 0x0, 0x0, 0x0,
    0x0, 0x7f, 0xff, 0xff, 0xfa, 0x1, 0x37, 0xff,
    0xff, 0xff, 0x70, 0x0, 0x0, 0x0, 0x0, 0x0,
    0xe, 0xff, 0xff, 0xff, 0x30, 0x0, 0xc, 0xff,
    0xff, 0xfd, 0x0, 0x0, 0x0, 0x0, 0x0, 0x6,
    0xff, 0xff, 0xff, 0xb0, 0x0, 0x0, 0x5f, 0xff,
    0xff, 0xf3, 0x0, 0x0, 0x0, 0x0, 0x0, 0xef,
    0xff, 0xff, 0xf4, 0x0, 0x0, 0x0, 0xef, 0xff,
    0xff, 0xa0, 0x0, 0x0, 0x0, 0x0, 0x6f, 0xff,
    0xff, 0xfd, 0x0, 0x0, 0x0, 0x8, 0xff, 0xff,
    0xff, 0x10, 0x0, 0x0, 0x0, 0xe, 0xff, 0xff,
    0xff, 0x50, 0x0, 0x0, 0x0, 0x1f, 0xff, 0xff,
    0xf7, 0x0, 0x0, 0x0, 0x6, 0xff, 0xff, 0xff,
    0xe0, 0x0, 0x0, 0x0, 0x0, 0xaf, 0xff, 0xff,
    0xd0, 0x0, 0x0, 0x0, 0xdf, 0xff, 0xff, 0xf7,
    0x0, 0x0, 0x0, 0x0, 0x3, 0xff, 0xff, 0xff,
    0x40, 0x0, 0x0, 0x6f, 0xff, 0xff, 0xff, 0x0,
    0x0, 0x0, 0x0, 0x0, 0xd, 0xff, 0xff, 0xfa,
    0x0, 0x0, 0xd, 0xff, 0xff, 0xff, 0x80, 0x0,
    0x0, 0x0, 0x0, 0x0, 0x6f, 0xff, 0xff, 0xf1,
    0x0, 0x5, 0xff, 0xff, 0xff, 0xf1, 0x0, 0x0,
    0x0, 0x0, 0x0, 0x0, 0xff, 0xff, 0xff, 0x70,
    0x0, 0xdf, 0xff, 0xff, 0xfa, 0x0, 0x0, 0x0,
    0x0, 0x0, 0x0, 0x9, 0xff, 0xff, 0xfe, 0x0,
    0x5f, 0xff, 0xff, 0xff, 0x20, 0x0, 0x0, 0x0,
    0x0, 0x0, 0x0, 0x2f, 0xff, 0xff, 0xf4, 0x0,
    0x0, 0x0, 0x0, 0x0, 0x0, 0x0, 0x0, 0x0,
    0x0, 0x0, 0x0, 0xbf, 0xff, 0xff, 0xb0, 0x0,
    0x0, 0x0, 0x0, 0x0, 0x0, 0x0, 0x0, 0x0,
    0x0, 0x0, 0x4, 0xff, 0xff, 0xff, 0x10, 0x0,
    0x0, 0x0, 0x0, 0x0, 0x0, 0x0, 0x0, 0x0,
    0x0, 0x0, 0xd, 0xff, 0xff, 0xf8, 0x0, 0x0,
    0x0, 0x0, 0x0, 0x0, 0x0, 0x0, 0x0, 0x0,
    0x0, 0x0, 0x5a, 0x87, 0x53, 0x10,

    /* U+0042 "B" */
    0x0, 0x0, 0x0, 0x0, 0x47, 0xad, 0xef, 0xed,
    0xa4, 0x0, 0x0, 0x0, 0x0, 0x0, 0x16, 0xbf,
    0xff, 0xff, 0xff, 0xff, 0xff, 0xd2, 0x0, 0x0,
    0x2, 0x7c, 0xff, 0xff, 0xff, 0xff, 0xff, 0xff,
    0xff, 0xfe, 0x10, 0x0, 0xf, 0xff, 0xff, 0xff,
    0xff, 0xff, 0xff, 0xff, 0xff, 0xff, 0x70, 0x0,
    0xa, 0xff, 0xff, 0xff, 0xff, 0xff, 0xff, 0xff,
    0xff, 0xff, 0xb0, 0x0, 0x4, 0xff, 0xff, 0xff,
    0xff, 0xd9, 0x64, 0x49, 0xff, 0xff, 0x90, 0x0,
    0x0, 0xef, 0xff, 0xff, 0xff, 0x20, 0x0, 0x0,
    0xff, 0xff, 0x30, 0x0, 0x0, 0x9f, 0xff, 0xff,
    0xff, 0x50, 0x0, 0x5, 0xff, 0xfb, 0x0, 0x0,
    0x0, 0x3f, 0x9f, 0xff, 0xff, 0x80, 0x0, 0x1e,
    0xff, 0xf2, 0x0, 0x0, 0x0, 0x6, 0xe, 0xff,
    0xff, 0xb0, 0x0, 0xcf, 0xff, 0x50, 0x0, 0x0,
    0x0, 0x0, 0xa, 0xff, 0xff, 0xe0, 0xb, 0xff,
    0xff, 0xa2, 0x0, 0x0, 0x0, 0x0, 0x6, 0xff,
    0xff, 0xf1, 0xbf, 0xff, 0xff, 0xff, 0x30, 0x0,
    0x0, 0x0, 0x2, 0xff, 0xff, 0xfd, 0xff, 0xff,
    0xff, 0xff, 0xf2, 0x0, 0x0, 0x0, 0x0, 0xef,
    0xff, 0xff, 0xff, 0xff, 0xff, 0xff, 0xfc, 0x0,
    0x0, 0x0, 0x0, 0xbf, 0xff, 0xff, 0xff, 0x59,
    0xff, 0xff, 0xff, 0x60, 0x0, 0x0, 0x0, 0x7f,
    0xff, 0xff, 0xd1, 0x0, 0xaf, 0xff, 0xff, 0xe0,
    0x0, 0x0, 0x0, 0x3f, 0xff, 0xff, 0xd0, 0x0,
    0x1f, 0xff, 0xff, 0xf3, 0x0, 0x0, 0x0, 0xf,
    0xff, 0xff, 0xf0, 0x0, 0x2f, 0xff, 0xff, 0xf7,
    0x0, 0x0, 0x0, 0xb, 0xff, 0xff, 0xf2, 0x0,
    0xcf, 0xff, 0xff, 0xf8, 0x0, 0x0, 0x0, 0x7,
    0xff, 0xff, 0xf4, 0x3d, 0xff, 0xff, 0xff, 0xf6,
    0x0, 0x0, 0x0, 0x3, 0xff, 0xff, 0xfe, 0xff,
    0xff, 0xff, 0xff, 0xf2, 0x0, 0x0, 0x0, 0x0,
    0xff, 0xff, 0xff, 0xff, 0xff, 0xff, 0xff, 0x90,
    0x0, 0x0, 0x0, 0x0, 0xbf, 0xff, 0xff, 0xff,
    0xff, 0xff, 0xfc, 0x0, 0x0, 0x0, 0x0, 0x0,
    0x7f, 0xff, 0xff, 0xff, 0xff, 0xff, 0xb0, 0x0,
    0x0, 0x0, 0x0, 0x0, 0x3f, 0xff, 0xff, 0xff,
    0xff, 0xe6, 0x0, 0x0, 0x0, 0x0, 0x0, 0x0,
    0xf, 0xff, 0xff, 0xff, 0xd6, 0x0, 0x0, 0x0,
    0x0, 0x0, 0x0, 0x0, 0xc, 0xff, 0xfb, 0x72,
    0x0, 0x0, 0x0, 0x0, 0x0, 0x0, 0x0, 0x0,
    0x6, 0x84, 0x0, 0x0, 0x0, 0x0, 0x0, 0x0,

    /* U+0043 "C" */
    0x0, 0x0, 0x0, 0x6, 0xad, 0xee, 0xdb, 0x83,
    0x0, 0x0, 0x0, 0x0, 0x0, 0x1, 0x8e, 0xff,
    0xff, 0xff, 0xff, 0xfe, 0x71, 0x0, 0x0, 0x0,
    0x6, 0xff, 0xff, 0xff, 0xff, 0xff, 0xff, 0xff,
    0xe5, 0x0, 0x0, 0x6, 0xff, 0xff, 0xff, 0xff,
    0xff, 0xff, 0xff, 0xff, 0xf8, 0x0, 0x1, 0xff,
    0xff, 0xff, 0xff, 0xff, 0xff, 0xff, 0xff, 0xff,
    0xf5, 0x0, 0x6f, 0xff, 0xff, 0xff, 0xff, 0xff,
    0xff, 0xff, 0xff, 0xff, 0xe0, 0xb, 0xff, 0xff,
    0xff, 0xff, 0xff, 0xff, 0xff, 0xff, 0xff, 0xfc,
    0x10, 0xef, 0xff, 0xff, 0xff, 0xff, 0xff, 0xff,
    0xff, 0xff, 0xf7, 0x0, 0xf, 0xff, 0xff, 0xff,
    0xff, 0xff, 0xff, 0xff, 0xff, 0xc2, 0x0, 0x2,
    0xff, 0xff, 0xff, 0xff, 0xf4, 0x1, 0x49, 0xff,
    0x80, 0x0, 0x0, 0x3f, 0xff, 0xff, 0xff, 0xf6,
    0x0, 0x0, 0x6, 0x30, 0x0, 0x0, 0x3, 0xff,
    0xff, 0xff, 0xfe, 0x0, 0x0, 0x0, 0x0, 0x0,
    0x0, 0x0, 0x3f, 0xff, 0xff, 0xff, 0xb0, 0x0,
    0x0, 0x0, 0x0, 0x0, 0x0, 0x2, 0xff, 0xff,
    0xff, 0xfa, 0x0, 0x0, 0x0, 0x4, 0x0, 0x0,
    0x0, 0x2f, 0xff, 0xff, 0xff, 0xd0, 0x0, 0x0,
    0x7, 0xf6, 0x0, 0x0, 0x0, 0xff, 0xff, 0xff,
    0xff, 0x50, 0x0, 0x6, 0xff, 0xf8, 0x0, 0x0,
    0xd, 0xff, 0xff, 0xff, 0xff, 0x75, 0x7c, 0xff,
    0xff, 0xfa, 0x0, 0x0, 0x9f, 0xff, 0xff, 0xff,
    0xff, 0xff, 0xff, 0xff, 0xff, 0xfc, 0x10, 0x3,
    0xff, 0xff, 0xff, 0xff, 0xff, 0xff, 0xff, 0xff,
    0xff, 0xf5, 0x0, 0xd, 0xff, 0xff, 0xff, 0xff,
    0xff, 0xff, 0xff, 0xff, 0xfd, 0x0, 0x0, 0x6f,
    0xff, 0xff, 0xff, 0xff, 0xff, 0xff, 0xff, 0xff,
    0x50, 0x0, 0x0, 0xdf, 0xff, 0xff, 0xff, 0xff,
    0xff, 0xff, 0xff, 0xa0, 0x0, 0x0, 0x4, 0xff,
    0xff, 0xff, 0xff, 0xff, 0xff, 0xff, 0xc0, 0x0,
    0x0, 0x0, 0x5, 0xef, 0xff, 0xff, 0xff, 0xff,
    0xfe, 0x80, 0x0, 0x0, 0x0, 0x0, 0x0, 0x6a,
    0xdf, 0xff, 0xdb, 0x73, 0x0, 0x0, 0x0, 0x0,

    /* U+0044 "D" */
    0x0, 0x0, 0x0, 0x36, 0x9c, 0xef, 0xfe, 0xc9,
    0x30, 0x0, 0x0, 0x0, 0x26, 0xbf, 0xff, 0xff,
    0xff, 0xff, 0xff, 0xfa, 0x10, 0x0, 0x4d, 0xff,
    0xff, 0xff, 0xff, 0xff, 0xff, 0xff, 0xff, 0xc0,
    0x0, 0x5f, 0xff, 0xff, 0xff, 0xff, 0xff, 0xff,
    0xff, 0xff, 0xf7, 0x0, 0x1f, 0xff, 0xff, 0xff,
    0xff, 0xff, 0xff, 0xff, 0xff, 0xff, 0x0, 0xe,
    0xff, 0xff, 0xff, 0xff, 0xff, 0xff, 0xff, 0xff,
    0xff, 0x60, 0xa, 0xff, 0xff, 0xff, 0xff, 0x40,
    0x3, 0xcf, 0xff, 0xff, 0xc0, 0x7, 0xff, 0xff,
    0xff, 0xff, 0x0, 0x0, 0x1f, 0xff, 0xff, 0xf1,
    0x3, 0xf9, 0xff, 0xff, 0xff, 0x10, 0x0, 0xc,
    0xff, 0xff, 0xf4, 0x0, 0x61, 0xff, 0xff, 0xff,
    0x20, 0x0, 0xa, 0xff, 0xff, 0xf6, 0x0, 0x0,
    0xff, 0xff, 0xff, 0x30, 0x0, 0x8, 0xff, 0xff,
    0xf8, 0x0, 0x0, 0xef, 0xff, 0xff, 0x40, 0x0,
    0x8, 0xff, 0xff, 0xf9, 0x0, 0x0, 0xcf, 0xff,
    0xff, 0x50, 0x0, 0x8, 0xff, 0xff, 0xfa, 0x0,
    0x0, 0xaf, 0xff, 0xff, 0x50, 0x0, 0x8, 0xff,
    0xff, 0xf9, 0x0, 0x0, 0x9f, 0xff, 0xff, 0x60,
    0x0, 0xa, 0xff, 0xff, 0xf8, 0x0, 0x0, 0x7f,
    0xff, 0xff, 0x70, 0x0, 0xc, 0xff, 0xff, 0xf6,
    0x0, 0x0, 0x5f, 0xff, 0xff, 0x80, 0x0, 0x1f,
    0xff, 0xff, 0xf4, 0x0, 0x0, 0x3f, 0xff, 0xff,
    0x90, 0x0, 0x9f, 0xff, 0xff, 0xf1, 0x0, 0x0,
    0x2f, 0xff, 0xff, 0xa0, 0x8, 0xff, 0xff, 0xff,
    0xb0, 0x0, 0x0, 0xf, 0xff, 0xff, 0xa4, 0xcf,
    0xff, 0xff, 0xff, 0x50, 0x0, 0x0, 0xe, 0xff,
    0xff, 0xff, 0xff, 0xff, 0xff, 0xfc, 0x0, 0x0,
    0x0, 0xd, 0xff, 0xff, 0xff, 0xff, 0xff, 0xff,
    0xf2, 0x0, 0x0, 0x0, 0xb, 0xff, 0xff, 0xff,
    0xff, 0xff, 0xff, 0x50, 0x0, 0x0, 0x0, 0x9,
    0xff, 0xff, 0xff, 0xff, 0xff, 0xf7, 0x0, 0x0,
    0x0, 0x0, 0x8, 0xff, 0xff, 0xff, 0xff, 0xff,
    0x60, 0x0, 0x0, 0x0, 0x0, 0x6, 0xff, 0xff,
    0xff, 0xfd, 0x71, 0x0, 0x0, 0x0, 0x0, 0x0,
    0x4, 0xff, 0xeb, 0x85, 0x10, 0x0, 0x0, 0x0,
    0x0, 0x0, 0x0, 0x1, 0x30, 0x0, 0x0, 0x0,
    0x0, 0x0, 0x0, 0x0,

    /* U+0045 "E" */
    0x0, 0x0, 0x0, 0x0, 0x0, 0x0, 0x0, 0x0,
    0x0, 0x10, 0x0, 0x0, 0x0, 0x0, 0x0, 0x0,
    0x0, 0x0, 0x2, 0x47, 0x9b, 0xef, 0x70, 0x0,
    0x0, 0x0, 0x0, 0x0, 0x13, 0x68, 0xad, 0xff,
    0xff, 0xff, 0xff, 0x80, 0x0, 0x0, 0x0, 0x29,
    0xce, 0xff, 0xff, 0xff, 0xff, 0xff, 0xff, 0xff,
    0x90, 0x0, 0x0, 0x0, 0x5f, 0xff, 0xff, 0xff,
    0xff, 0xff, 0xff, 0xff, 0xff, 0xa0, 0x0, 0x0,
    0x0, 0x6f, 0xff, 0xff, 0xff, 0xff, 0xff, 0xff,
    0xff, 0xff, 0xb0, 0x0, 0x0, 0x0, 0x7f, 0xff,
    0xff, 0xff, 0xff, 0xff, 0xff, 0xff, 0xff, 0xc0,
    0x0, 0x0, 0x0, 0x8f, 0xff, 0xff, 0xff, 0xff,
    0xff, 0xff, 0xfd, 0xa8, 0x40, 0x0, 0x0, 0x0,
    0x9f, 0xff, 0xff, 0xff, 0xfd, 0xb8, 0x53, 0x0,
    0x0, 0x0, 0x0, 0x0, 0x0, 0xaf, 0xff, 0xff,
    0xff, 0xb0, 0x0, 0x0, 0x0, 0x0, 0x0, 0x0,
    0x0, 0x0, 0x56, 0xbf, 0xff, 0xff, 0xc0, 0x0,
    0x0, 0x0, 0x0, 0x0, 0x0, 0x0, 0x0, 0x0,
    0x9f, 0xff, 0xff, 0xd0, 0x0, 0x0, 0x0, 0x0,
    0x0, 0x0, 0x0, 0x0, 0x0, 0x8f, 0xff, 0xff,
    0xe0, 0x0, 0x2, 0x47, 0xad, 0xe0, 0x0, 0x0,
    0x0, 0x0, 0x7f, 0xff, 0xff, 0xf7, 0x9c, 0xff,
    0xff, 0xff, 0xf0, 0x0, 0x0, 0x0, 0x0, 0x6f,
    0xff, 0xff, 0xff, 0xff, 0xff, 0xff, 0xff, 0xf1,
    0x0, 0x0, 0x0, 0x0, 0x5f, 0xff, 0xff, 0xff,
    0xff, 0xff, 0xff, 0xff, 0xf2, 0x0, 0x0, 0x0,
    0x0, 0x4f, 0xff, 0xff, 0xff, 0xff, 0xff, 0xff,
    0xff, 0xf3, 0x0, 0x0, 0x0, 0x0, 0x4f, 0xff,
    0xff, 0xff, 0xff, 0xff, 0xff, 0xea, 0x71, 0x0,
    0x0, 0x0, 0x0, 0x3f, 0xff, 0xff, 0xff, 0xfd,
    0xa7, 0x41, 0x0, 0x0, 0x0, 0x0, 0x0, 0x0,
    0x2f, 0xff, 0xff, 0xf6, 0x0, 0x0, 0x0, 0x0,
    0x0, 0x0, 0x0, 0x0, 0x0, 0x1f, 0xff, 0xff,
    0xf4, 0x0, 0x0, 0x0, 0x0, 0x0, 0x0, 0x0,
    0x0, 0x0, 0xf, 0xff, 0xff, 0xf5, 0x0, 0x0,
    0x0, 0x0, 0x0, 0x0, 0x0, 0x0, 0x0, 0xf,
    0xff, 0xff, 0xf6, 0x0, 0x0, 0x0, 0x0, 0x0,
    0x0, 0x0, 0x0, 0x0, 0xe, 0xff, 0xff, 0xf7,
    0x0, 0x0, 0x0, 0x0, 0x0, 0x0, 0x0, 0x0,
    0x0, 0xe, 0xff, 0xff, 0xf8, 0x0, 0x0, 0x0,
    0x0, 0x0, 0x0, 0x0, 0x0, 0x0, 0xd, 0xff,
    0xff, 0xf9, 0x0, 0x0, 0x0, 0x0, 0x0, 0x0,
    0x0, 0x0, 0x0, 0xc, 0xff, 0xff, 0xfa, 0x0,
    0x0, 0x0, 0x0, 0x0, 0x0, 0x0, 0x0, 0x0,
    0xb, 0xff, 0xff, 0xff, 0xff, 0xff, 0xff, 0xff,
    0xff, 0xff, 0xff, 0xf0, 0x0, 0xa, 0xff, 0xff,
    0xff, 0xff, 0xff, 0xff, 0xff, 0xff, 0xff, 0xff,
    0xf0, 0x0, 0x9, 0xff, 0xff, 0xff, 0xff, 0xff,
    0xff, 0xff, 0xff, 0xff, 0xff, 0xf0, 0x0, 0x8,
    0xff, 0xff, 0xff, 0xff, 0xff, 0xff, 0xff, 0xff,
    0xff, 0xff, 0xf0, 0x0, 0x8, 0xff, 0xff, 0xff,
    0xff, 0xff, 0xff, 0xff, 0xff, 0xff, 0xff, 0xf0,
    0x0, 0x5, 0xcd, 0xef, 0xff, 0xff, 0xff, 0xff,
    0xff, 0xff, 0xff, 0xff, 0xf0, 0x0, 0x0, 0x0,
    0x0, 0x0, 0x12, 0x34, 0x55, 0x67, 0x89, 0xaa,
    0xbc, 0xc0,

    /* U+0046 "F" */
    0x0, 0x0, 0x0, 0x0, 0x0, 0x0, 0x0, 0x0,
    0x2, 0x10, 0x0, 0x0, 0x0, 0x0, 0x1, 0x36,
    0x8a, 0xdf, 0xf7, 0x0, 0x0, 0x25, 0x79, 0xce,
    0xff, 0xff, 0xff, 0xff, 0x83, 0xbd, 0xff, 0xff,
    0xff, 0xff, 0xff, 0xff, 0xff, 0xf9, 0x5f, 0xff,
    0xff, 0xff, 0xff, 0xff, 0xff, 0xff, 0xff, 0xa6,
    0xff, 0xff, 0xff, 0xff, 0xff, 0xff, 0xff, 0xff,
    0xfb, 0x7f, 0xff, 0xff, 0xff, 0xff, 0xff, 0xff,
    0xff, 0xff, 0xc8, 0xff, 0xff, 0xff, 0xff, 0xff,
    0xff, 0xfe, 0xc9, 0x63, 0x9f, 0xff, 0xff, 0xff,
    0xfc, 0x97, 0x41, 0x0, 0x0, 0xa, 0xff, 0xff,
    0xff, 0xfb, 0x0, 0x0, 0x0, 0x0, 0x0, 0x44,
    0xaf, 0xff, 0xff, 0xc0, 0x0, 0x0, 0x0, 0x0,
    0x0, 0x9, 0xff, 0xff, 0xfd, 0x0, 0x0, 0x0,
    0x0, 0x0, 0x0, 0x8f, 0xff, 0xff, 0xe0, 0x0,
    0x2, 0x57, 0x50, 0x0, 0x7, 0xff, 0xff, 0xff,
    0x8a, 0xdf, 0xff, 0xf9, 0x0, 0x0, 0x6f, 0xff,
    0xff, 0xff, 0xff, 0xff, 0xff, 0xa0, 0x0, 0x5,
    0xff, 0xff, 0xff, 0xff, 0xff, 0xff, 0xfb, 0x0,
    0x0, 0x4f, 0xff, 0xff, 0xff, 0xff, 0xff, 0xff,
    0xc0, 0x0, 0x4, 0xff, 0xff, 0xff, 0xff, 0xff,
    0xff, 0xfb, 0x0, 0x0, 0x3f, 0xff, 0xff, 0xff,
    0xfc, 0x96, 0x30, 0x0, 0x0, 0x2, 0xff, 0xff,
    0xff, 0x50, 0x0, 0x0, 0x0, 0x0, 0x0, 0x1f,
    0xff, 0xff, 0xf4, 0x0, 0x0, 0x0, 0x0, 0x0,
    0x0, 0xff, 0xff, 0xff, 0x50, 0x0, 0x0, 0x0,
    0x0, 0x0, 0xf, 0xff, 0xff, 0xf6, 0x0, 0x0,
    0x0, 0x0, 0x0, 0x0, 0xef, 0xff, 0xff, 0x70,
    0x0, 0x0, 0x0, 0x0, 0x0, 0xe, 0xff, 0xff,
    0xf8, 0x0, 0x0, 0x0, 0x0, 0x0, 0x0, 0xdf,
    0xff, 0xff, 0x90, 0x0, 0x0, 0x0, 0x0, 0x0,
    0xc, 0xff, 0xff, 0xfa, 0x0, 0x0, 0x0, 0x0,
    0x0, 0x0, 0xbf, 0xff, 0xff, 0xb0, 0x0, 0x0,
    0x0, 0x0, 0x0, 0xa, 0xff, 0xff, 0xfc, 0x0,
    0x0, 0x0, 0x0, 0x0, 0x0, 0x9f, 0xff, 0xff,
    0xd0, 0x0, 0x0, 0x0, 0x0, 0x0, 0x8, 0xff,
    0xff, 0xfe, 0x0, 0x0, 0x0, 0x0, 0x0, 0x0,
    0x8f, 0xff, 0xff, 0xf0, 0x0, 0x0, 0x0, 0x0,
    0x0, 0x5, 0xef, 0xfe, 0xdb, 0x0, 0x0, 0x0,
    0x0, 0x0,

    /* U+0047 "G" */
    0x0, 0x0, 0x0, 0x6, 0xad, 0xee, 0xdb, 0x83,
    0x0, 0x0, 0x0, 0x0, 0x0, 0x1, 0x8e, 0xff,
    0xff, 0xff, 0xff, 0xfe, 0x71, 0x0, 0x0, 0x0,
    0x6, 0xff, 0xff, 0xff, 0xff, 0xff, 0xff, 0xff,
    0xe5, 0x0, 0x0, 0x6, 0xff, 0xff, 0xff, 0xff,
    0xff, 0xff, 0xff, 0xff, 0xf8, 0x0, 0x1, 0xff,
    0xff, 0xff, 0xff, 0xff, 0xff, 0xff, 0xff, 0xff,
    0xf5, 0x0, 0x6f, 0xff, 0xff, 0xff, 0xff, 0xff,
    0xff, 0xff, 0xff, 0xff, 0xe0, 0xb, 0xff, 0xff,
    0xff, 0xff, 0xff, 0xff, 0xff, 0xff, 0xff, 0xfc,
    0x10, 0xef, 0xff, 0xff, 0xff, 0xff, 0xff, 0xff,
    0xff, 0xff, 0xf7, 0x0, 0xf, 0xff, 0xff, 0xff,
    0xff, 0xff, 0xff, 0xff, 0xff, 0xc2, 0x0, 0x2,
    0xff, 0xff, 0xff, 0xff, 0xf4, 0x1, 0x49, 0xff,
    0x70, 0x0, 0x0, 0x3f, 0xff, 0xff, 0xff, 0xf6,
    0x0, 0x0, 0x6, 0x30, 0x0, 0x0, 0x3, 0xff,
    0xff, 0xff, 0xfe, 0x0, 0x0, 0x10, 0x0, 0x0,
    0x0, 0x0, 0x3f, 0xff, 0xff, 0xff, 0xb0, 0x0,
    0xa, 0xe7, 0x10, 0x0, 0x0, 0x2, 0xff, 0xff,
    0xff, 0xfa, 0x0, 0x1, 0xff, 0xff, 0xb4, 0x0,
    0x0, 0x2f, 0xff, 0xff, 0xff, 0xd0, 0x0, 0x8f,
    0xff, 0xff, 0xfe, 0x82, 0x0, 0xff, 0xff, 0xff,
    0xff, 0x50, 0xd, 0xff, 0xff, 0xff, 0xff, 0xd0,
    0xd, 0xff, 0xff, 0xff, 0xff, 0x75, 0xaf, 0xff,
    0xff, 0xff, 0xfc, 0x0, 0x9f, 0xff, 0xff, 0xff,
    0xff, 0xff, 0xff, 0xff, 0xff, 0xff, 0xa0, 0x3,
    0xff, 0xff, 0xff, 0xff, 0xff, 0xff, 0xff, 0xff,
    0xff, 0xf8, 0x0, 0xd, 0xff, 0xff, 0xff, 0xff,
    0xff, 0xff, 0xff, 0xff, 0xff, 0x60, 0x0, 0x6f,
    0xff, 0xff, 0xff, 0xff, 0xff, 0xff, 0xff, 0xff,
    0xf4, 0x0, 0x0, 0xdf, 0xff, 0xff, 0xff, 0xff,
    0xff, 0xff, 0xff, 0xff, 0x20, 0x0, 0x4, 0xff,
    0xff, 0xff, 0xff, 0xff, 0xff, 0xff, 0xff, 0xf0,
    0x0, 0x0, 0x5, 0xef, 0xff, 0xff, 0xff, 0xff,
    0xff, 0xff, 0xff, 0x0, 0x0, 0x0, 0x0, 0x6a,
    0xdf, 0xff, 0xed, 0xcf, 0xff, 0xff, 0xd0, 0x0,
    0x0, 0x0, 0x0, 0x0, 0x0, 0x0, 0xb, 0xff,
    0xff, 0xfb, 0x0, 0x0, 0x0, 0x0, 0x0, 0x0,
    0x0, 0x0, 0xff, 0xff, 0xff, 0x90, 0x0, 0x0,
    0x0, 0x0, 0x0, 0x0, 0x0, 0x5f, 0xff, 0xff,
    0xf7, 0x0, 0x0, 0x0, 0x0, 0x0, 0x0, 0x0,
    0xa, 0xff, 0xff, 0xff, 0x50, 0x0, 0x0, 0x0,
    0x0, 0x0, 0x0, 0x0, 0xef, 0xff, 0xff, 0xf3,
    0x0, 0x0, 0x0, 0x0, 0x0, 0x0, 0x0, 0x4f,
    0xff, 0xff, 0xff, 0x20, 0x0, 0x0, 0x0, 0x0,
    0x0, 0x0, 0x0, 0x12, 0x35, 0x68, 0x90, 0x0,

    /* U+0048 "H" */
    0x22, 0x10, 0x0, 0x0, 0x0, 0x0, 0x0, 0x0,
    0x0, 0x0, 0x0, 0x9f, 0xff, 0xed, 0xba, 0x97,
    0x30, 0x0, 0x0, 0x0, 0x0, 0x0, 0x9f, 0xff,
    0xff, 0xff, 0xff, 0x70, 0x9b, 0x98, 0x76, 0x43,
    0x0, 0x8f, 0xff, 0xff, 0xff, 0xff, 0x80, 0xbf,
    0xff, 0xff, 0xff, 0x10, 0x4c, 0xff, 0xff, 0xff,
    0xff, 0x80, 0xaf, 0xff, 0xff, 0xff, 0x20, 0x0,
    0xf, 0xff, 0xff, 0xff, 0x90, 0x9f, 0xff, 0xff,
    0xff, 0x20, 0x0, 0xf, 0xff, 0xff, 0xff, 0x90,
    0x8f, 0xff, 0xff, 0xff, 0x30, 0x0, 0xe, 0xff,
    0xff, 0xff, 0xa0, 0x7f, 0xff, 0xff, 0xff, 0x40,
    0x0, 0xe, 0xff, 0xff, 0xff, 0xa0, 0x6f, 0xff,
    0xff, 0xff, 0x40, 0x0, 0xd, 0xff, 0xff, 0xff,
    0xb0, 0x5f, 0xff, 0xff, 0xff, 0x50, 0x0, 0xd,
    0xff, 0xff, 0xff, 0xb0, 0x4f, 0xff, 0xff, 0xff,
    0x60, 0x0, 0xd, 0xff, 0xff, 0xff, 0xc0, 0x3f,
    0xff, 0xff, 0xff, 0x70, 0x0, 0xc, 0xff, 0xff,
    0xff, 0xff, 0xff, 0xff, 0xff, 0xff, 0x70, 0x0,
    0xc, 0xff, 0xff, 0xff, 0xff, 0xff, 0xff, 0xff,
    0xff, 0x80, 0x0, 0xb, 0xff, 0xff, 0xff, 0xff,
    0xff, 0xff, 0xff, 0xff, 0x90, 0x0, 0xb, 0xff,
    0xff, 0xff, 0xff, 0xff, 0xff, 0xff, 0xff, 0xa0,
    0x0, 0xa, 0xff, 0xff, 0xff, 0xff, 0xff, 0xff,
    0xff, 0xff, 0xa0, 0x0, 0xa, 0xff, 0xff, 0xff,
    0xff, 0xff, 0xff, 0xff, 0xff, 0xb0, 0x0, 0x9,
    0xff, 0xff, 0xff, 0xe0, 0x3d, 0xff, 0xff, 0xff,
    0xc0, 0x0, 0x9, 0xff, 0xff, 0xff, 0xe0, 0xa,
    0xff, 0xff, 0xff, 0xd0, 0x0, 0x8, 0xff, 0xff,
    0xff, 0xe0, 0x8, 0xff, 0xff, 0xff, 0xd0, 0x0,
    0x8, 0xff, 0xff, 0xff, 0xe0, 0x6, 0xff, 0xff,
    0xff, 0xe0, 0x0, 0x7, 0xff, 0xff, 0xff, 0xe0,
    0x3, 0xff, 0xff, 0xff, 0xf0, 0x0, 0x7, 0xff,
    0xff, 0xff, 0xe0, 0x1, 0xff, 0xff, 0xff, 0xf0,
    0x0, 0x6, 0xff, 0xff, 0xff, 0xd0, 0x0, 0xff,
    0xff, 0xff, 0xf0, 0x0, 0x6, 0xff, 0xff, 0xff,
    0xd0, 0x0, 0xdf, 0xff, 0xff, 0xf1, 0x0, 0x5,
    0xff, 0xff, 0xff, 0xd0, 0x0, 0xbf, 0xff, 0xff,
    0xf2, 0x0, 0x5, 0xff, 0xff, 0xff, 0xd0, 0x0,
    0x9f, 0xff, 0xff, 0xf3, 0x0, 0x4, 0xff, 0xff,
    0xff, 0xd0, 0x0, 0x6f, 0xff, 0xff, 0xf3, 0x0,
    0x4, 0xff, 0xff, 0xff, 0xd0, 0x0, 0x4f, 0xff,
    0xff, 0xf4, 0x0, 0x3, 0xff, 0xff, 0xff, 0xd0,
    0x0, 0x2f, 0xff, 0xff, 0xf5, 0x0, 0x3, 0xff,
    0xff, 0xff, 0xd0, 0x0, 0xf, 0xff, 0xff, 0xf6,
    0x0, 0x3, 0xff, 0xff, 0xff, 0xc0, 0x0, 0xe,
    0xff, 0xff, 0xf6, 0x0, 0x1, 0x88, 0x88, 0x88,
    0x60, 0x0, 0xb, 0xff, 0xff, 0xf7, 0x0, 0x0,
    0x0, 0x0, 0x0, 0x0, 0x0, 0x9, 0xff, 0xff,
    0xf8, 0x0, 0x0, 0x0, 0x0, 0x0, 0x0, 0x0,
    0x7, 0xff, 0xff, 0xf9,

    /* U+0049 "I" */
    0x0, 0x0, 0x0, 0x0, 0x0, 0x0, 0x0, 0x1,
    0x36, 0x30, 0x0, 0x0, 0x0, 0x0, 0x2, 0x57,
    0xac, 0xef, 0xff, 0x70, 0x0, 0x14, 0x69, 0xbd,
    0xff, 0xff, 0xff, 0xff, 0xff, 0x80, 0x4f, 0xff,
    0xff, 0xff, 0xff, 0xff, 0xff, 0xff, 0xff, 0x90,
    0x6f, 0xff, 0xff, 0xff, 0xff, 0xff, 0xff, 0xff,
    0xff, 0xa0, 0x7f, 0xff, 0xff, 0xff, 0xff, 0xff,
    0xff, 0xff, 0xff, 0xb0, 0x7f, 0xff, 0xff, 0xff,
    0xff, 0xff, 0xff, 0xff, 0xff, 0xc0, 0x8f, 0xff,
    0xff, 0xff, 0xff, 0xff, 0xff, 0xc9, 0x63, 0x0,
    0x9f, 0xff, 0xff, 0xff, 0xff, 0xff, 0xb0, 0x0,
    0x0, 0x0, 0xaf, 0xeb, 0x85, 0x7f, 0xff, 0xff,
    0x90, 0x0, 0x0, 0x0, 0x20, 0x0, 0x0, 0x6f,
    0xff, 0xff, 0x70, 0x0, 0x0, 0x0, 0x0, 0x0,
    0x0, 0x6f, 0xff, 0xff, 0x60, 0x0, 0x0, 0x0,
    0x0, 0x0, 0x0, 0x7f, 0xff, 0xff, 0x50, 0x0,
    0x0, 0x0, 0x0, 0x0, 0x0, 0x8f, 0xff, 0xff,
    0x30, 0x0, 0x0, 0x0, 0x0, 0x0, 0x0, 0x9f,
    0xff, 0xff, 0x20, 0x0, 0x0, 0x0, 0x0, 0x0,
    0x0, 0x9f, 0xff, 0xff, 0x10, 0x0, 0x0, 0x0,
    0x0, 0x0, 0x0, 0xaf, 0xff, 0xff, 0x0, 0x0,
    0x0, 0x0, 0x0, 0x0, 0x0, 0xbf, 0xff, 0xfe,
    0x0, 0x0, 0x0, 0x0, 0x0, 0x0, 0x0, 0xcf,
    0xff, 0xfd, 0x0, 0x0, 0x0, 0x0, 0x0, 0x0,
    0x0, 0xcf, 0xff, 0xfc, 0x0, 0x0, 0x0, 0x0,
    0x0, 0x0, 0x0, 0xdf, 0xff, 0xfa, 0x0, 0x0,
    0x0, 0x0, 0x0, 0x0, 0x0, 0xef, 0xff, 0xfd,
    0x88, 0x88, 0x88, 0x80, 0x0, 0xdd, 0xdd, 0xff,
    0xff, 0xff, 0xff, 0xff, 0xff, 0xf0, 0x2, 0xff,
    0xff, 0xff, 0xff, 0xff, 0xff, 0xff, 0xff, 0xf0,
    0x4, 0xff, 0xff, 0xff, 0xff, 0xff, 0xff, 0xff,
    0xff, 0xf0, 0x6, 0xff, 0xff, 0xff, 0xff, 0xff,
    0xff, 0xff, 0xff, 0xf0, 0x8, 0xff, 0xff, 0xff,
    0xff, 0xff, 0xff, 0xff, 0xff, 0xf0, 0xa, 0xff,
    0xff, 0xff, 0xff, 0xff, 0xff, 0xff, 0xff, 0xe0,

    /* U+004A "J" */
    0x0, 0x0, 0x0, 0x0, 0x0, 0x0, 0x0, 0x0,
    0x0, 0x0, 0x0, 0x0, 0x0, 0x0, 0x0, 0x0,
    0x0, 0xb, 0xfe, 0xdc, 0xb9, 0x80, 0x0, 0x0,
    0x0, 0x0, 0x0, 0x0, 0xa, 0xff, 0xff, 0xff,
    0xf2, 0x0, 0x0, 0x0, 0x0, 0x0, 0x0, 0x9,
    0xff, 0xff, 0xff, 0xf4, 0x0, 0x0, 0x0, 0x0,
    0x0, 0x0, 0x9, 0xff, 0xff, 0xff, 0xf6, 0x0,
    0x0, 0x0, 0x0, 0x0, 0x0, 0x8, 0xff, 0xff,
    0xff, 0xf7, 0x0, 0x0, 0x0, 0x0, 0x0, 0x0,
    0x7, 0xff, 0xff, 0xff, 0xf8, 0x0, 0x0, 0x0,
    0x0, 0x0, 0x0, 0x7, 0xff, 0xff, 0xff, 0xf9,
    0x0, 0x0, 0x0, 0x0, 0x0, 0x0, 0x6, 0xff,
    0xff, 0xff, 0xfa, 0x0, 0x0, 0x0, 0x0, 0x0,
    0x0, 0x6, 0xff, 0xff, 0xff, 0xfa, 0x0, 0x0,
    0x0, 0x0, 0x0, 0x0, 0x5, 0xff, 0xff, 0xff,
    0xfa, 0x0, 0x0, 0x0, 0x0, 0x0, 0x0, 0x4,
    0xff, 0xff, 0xff, 0xfb, 0x0, 0x0, 0x0, 0x0,
    0x0, 0x0, 0x3, 0xff, 0xff, 0xff, 0xfb, 0x0,
    0x0, 0x0, 0x0, 0x0, 0x0, 0x2, 0xff, 0xff,
    0xff, 0xfa, 0x0, 0x0, 0x0, 0x0, 0x10, 0x0,
    0x2, 0xff, 0xff, 0xff, 0xfa, 0x0, 0x0, 0x48,
    0xcf, 0x80, 0x0, 0x2, 0xff, 0xff, 0xff, 0xfa,
    0x7, 0xcf, 0xff, 0xff, 0x70, 0x0, 0x3, 0xff,
    0xff, 0xff, 0xf8, 0xf, 0xff, 0xff, 0xff, 0x70,
    0x0, 0x4, 0xff, 0xff, 0xff, 0xf7, 0x1f, 0xff,
    0xff, 0xff, 0x80, 0x0, 0x6, 0xff, 0xff, 0xff,
    0xf6, 0x2f, 0xff, 0xff, 0xff, 0xc0, 0x0, 0x9,
    0xff, 0xff, 0xff, 0xf4, 0x3f, 0xff, 0xff, 0xff,
    0xf4, 0x0, 0xe, 0xff, 0xff, 0xff, 0xf1, 0x2f,
    0xff, 0xff, 0xff, 0xfe, 0x30, 0x6f, 0xff, 0xff,
    0xff, 0xe0, 0x1f, 0xff, 0xff, 0xff, 0xff, 0xfd,
    0xff, 0xff, 0xff, 0xff, 0xa0, 0xd, 0xff, 0xff,
    0xff, 0xff, 0xff, 0xff, 0xff, 0xff, 0xff, 0x40,
    0x7, 0xff, 0xff, 0xff, 0xff, 0xff, 0xff, 0xff,
    0xff, 0xfc, 0x0, 0x0, 0xdf, 0xff, 0xff, 0xff,
    0xff, 0xff, 0xff, 0xff, 0xe2, 0x0, 0x0, 0x2e,
    0xff, 0xff, 0xff, 0xff, 0xff, 0xff, 0xff, 0x30,
    0x0, 0x0, 0x2, 0xef, 0xff, 0xff, 0xff, 0xff,
    0xff, 0xe3, 0x0, 0x0, 0x0, 0x0, 0x1c, 0xff,
    0xff, 0xff, 0xff, 0xfc, 0x10, 0x0, 0x0, 0x0,
    0x0, 0x0, 0x49, 0xce, 0xff, 0xec, 0x60, 0x0,
    0x0, 0x0,

    /* U+004B "K" */
    0x0, 0x0, 0x0, 0x0, 0x0, 0x0, 0x0, 0x0,
    0x0, 0x0, 0x0, 0x0, 0x0, 0x0, 0x0, 0x1,
    0x8e, 0x30, 0x1, 0x50, 0x0, 0x0, 0x0, 0x0,
    0x0, 0x0, 0x0, 0x3, 0xaf, 0xff, 0x30, 0xc,
    0xf8, 0x0, 0x0, 0x0, 0x0, 0x0, 0x0, 0x5,
    0xcf, 0xff, 0xff, 0x30, 0xbf, 0xff, 0xa0, 0x0,
    0x0, 0x0, 0x0, 0x0, 0x5f, 0xff, 0xff, 0xff,
    0x4b, 0xff, 0xff, 0xfc, 0x10, 0x0, 0x0, 0x0,
    0x0, 0x8f, 0xff, 0xff, 0xff, 0xcf, 0xff, 0xff,
    0xff, 0xe1, 0x0, 0x0, 0x0, 0x0, 0xbf, 0xff,
    0xff, 0xff, 0xff, 0xff, 0xff, 0xff, 0xa0, 0x0,
    0x0, 0x0, 0x0, 0x64, 0xcf, 0xff, 0xff, 0xff,
    0xff, 0xff, 0xfe, 0x10, 0x0, 0x0, 0x0, 0x0,
    0x0, 0xbf, 0xff, 0xff, 0xff, 0xff, 0xff, 0xf4,
    0x0, 0x0, 0x0, 0x0, 0x0, 0x0, 0xaf, 0xff,
    0xff, 0xff, 0xff, 0xff, 0xa0, 0x0, 0x0, 0x0,
    0x0, 0x0, 0x0, 0x9f, 0xff, 0xff, 0xff, 0xff,
    0xfe, 0x10, 0x0, 0x0, 0x0, 0x0, 0x0, 0x0,
    0x8f, 0xff, 0xff, 0xff, 0xff, 0xf4, 0x0, 0x0,
    0x0, 0x0, 0x0, 0x0, 0x0, 0x7f, 0xff, 0xff,
    0xff, 0xff, 0x90, 0x0, 0x0, 0x0, 0x0, 0x0,
    0x0, 0x0, 0x7f, 0xff, 0xff, 0xff, 0xfe, 0x0,
    0x0, 0x0, 0x0, 0x0, 0x0, 0x0, 0x0, 0x6f,
    0xff, 0xff, 0xff, 0xf4, 0x0, 0x0, 0x0, 0x0,
    0x0, 0x0, 0x0, 0x0, 0x5f, 0xff, 0xff, 0xff,
    0x90, 0x0, 0x0, 0x0, 0x0, 0x0, 0x0, 0x0,
    0x0, 0x4f, 0xff, 0xff, 0xff, 0x60, 0x0, 0x0,
    0x0, 0x0, 0x0, 0x0, 0x0, 0x0, 0x3f, 0xff,
    0xff, 0xff, 0xf9, 0x0, 0x0, 0x0, 0x0, 0x0,
    0x0, 0x0, 0x0, 0x2f, 0xff, 0xff, 0xff, 0xff,
    0xc1, 0x0, 0x0, 0x0, 0x0, 0x0, 0x0, 0x0,
    0x2f, 0xff, 0xff, 0xff, 0xff, 0xfe, 0x30, 0x0,
    0x0, 0x0, 0x0, 0x0, 0x0, 0x1f, 0xff, 0xff,
    0xff, 0xff, 0xff, 0xf6, 0x0, 0x0, 0x0, 0x0,
    0x0, 0x0, 0xf, 0xff, 0xff, 0xff, 0xff, 0xff,
    0xff, 0xa0, 0x0, 0x0, 0x0, 0x0, 0x0, 0xf,
    0xff, 0xff, 0xff, 0xff, 0xff, 0xff, 0xfd, 0x20,
    0x0, 0x0, 0x0, 0x0, 0xe, 0xff, 0xff, 0xff,
    0xff, 0xff, 0xff, 0xff, 0xf4, 0x0, 0x0, 0x0,
    0x0, 0xe, 0xff, 0xff, 0xff, 0xff, 0xff, 0xff,
    0xff, 0xff, 0x80, 0x0, 0x0, 0x0, 0xd, 0xff,
    0xff, 0xff, 0xdf, 0xff, 0xff, 0xff, 0xff, 0xfb,
    0x10, 0x0, 0x0, 0xc, 0xff, 0xff, 0xff, 0x35,
    0xdf, 0xff, 0xff, 0xff, 0xff, 0xd3, 0x0, 0x0,
    0xb, 0xff, 0xff, 0xff, 0x30, 0x7, 0xef, 0xff,
    0xff, 0xff, 0xff, 0x60, 0x0, 0xa, 0xff, 0xff,
    0xff, 0x40, 0x0, 0x18, 0xff, 0xff, 0xff, 0xff,
    0xf1, 0x0, 0x9, 0xff, 0xff, 0xff, 0x50, 0x0,
    0x0, 0x2a, 0xff, 0xff, 0xff, 0xf2, 0x0, 0x9,
    0xff, 0xff, 0xff, 0x60, 0x0, 0x0, 0x0, 0x3c,
    0xff, 0xff, 0xf3, 0x0, 0x8, 0xff, 0xff, 0xff,
    0x70, 0x0, 0x0, 0x0, 0x0, 0x5d, 0xff, 0xf4,
    0x0, 0x7, 0xff, 0xff, 0xff, 0x70, 0x0, 0x0,
    0x0, 0x0, 0x0, 0x7e, 0xf4, 0x0, 0x0, 0x0,
    0x0, 0x0, 0x0, 0x0, 0x0, 0x0, 0x0, 0x0,
    0x1, 0x85, 0x0, 0x0, 0x0, 0x0, 0x0, 0x0,
    0x0, 0x0, 0x0, 0x0, 0x0, 0x0, 0x0,

    /* U+004C "L" */
    0x0, 0x0, 0x0, 0x3, 0x20, 0x0, 0x0, 0x0,
    0x0, 0x0, 0x0, 0x0, 0x0, 0x0, 0x0, 0x6,
    0xdf, 0x40, 0x0, 0x0, 0x0, 0x0, 0x0, 0x0,
    0x0, 0x0, 0x0, 0x18, 0xef, 0xff, 0x50, 0x0,
    0x0, 0x0, 0x0, 0x0, 0x0, 0x0, 0x0, 0x1a,
    0xff, 0xff, 0xff, 0x60, 0x0, 0x0, 0x0, 0x0,
    0x0, 0x0, 0x0, 0x0, 0x6f, 0xff, 0xff, 0xff,
    0x70, 0x0, 0x0, 0x0, 0x0, 0x0, 0x0, 0x0,
    0x0, 0x9f, 0xff, 0xff, 0xff, 0x80, 0x0, 0x0,
    0x0, 0x0, 0x0, 0x0, 0x0, 0x0, 0xcf, 0xff,
    0xff, 0xff, 0x90, 0x0, 0x0, 0x0, 0x0, 0x0,
    0x0, 0x0, 0x0, 0x20, 0xbf, 0xff, 0xff, 0x90,
    0x0, 0x0, 0x0, 0x0, 0x0, 0x0, 0x0, 0x0,
    0x0, 0xaf, 0xff, 0xff, 0xa0, 0x0, 0x0, 0x0,
    0x0, 0x0, 0x0, 0x0, 0x0, 0x0, 0xaf, 0xff,
    0xff, 0xb0, 0x0, 0x0, 0x0, 0x0, 0x0, 0x0,
    0x0, 0x0, 0x0, 0x9f, 0xff, 0xff, 0xc0, 0x0,
    0x0, 0x0, 0x0, 0x0, 0x0, 0x0, 0x0, 0x0,
    0x8f, 0xff, 0xff, 0xd0, 0x0, 0x0, 0x0, 0x0,
    0x0, 0x0, 0x0, 0x0, 0x0, 0x7f, 0xff, 0xff,
    0xe0, 0x0, 0x0, 0x0, 0x0, 0x0, 0x0, 0x0,
    0x0, 0x0, 0x6f, 0xff, 0xff, 0xf0, 0x0, 0x0,
    0x0, 0x0, 0x0, 0x0, 0x0, 0x0, 0x0, 0x5f,
    0xff, 0xff, 0xf0, 0x0, 0x0, 0x0, 0x0, 0x0,
    0x0, 0x0, 0x0, 0x0, 0x5f, 0xff, 0xff, 0xf0,
    0x0, 0x0, 0x0, 0x0, 0x0, 0x0, 0x0, 0x0,
    0x0, 0x4f, 0xff, 0xff, 0xf1, 0x0, 0x0, 0x0,
    0x0, 0x0, 0x0, 0x0, 0x0, 0x0, 0x3f, 0xff,
    0xff, 0xf2, 0x0, 0x0, 0x0, 0x0, 0x0, 0x0,
    0x0, 0x0, 0x0, 0x2f, 0xff, 0xff, 0xf3, 0x0,
    0x0, 0x0, 0x0, 0x0, 0x0, 0x0, 0x0, 0x0,
    0x1f, 0xff, 0xff, 0xf4, 0x0, 0x0, 0x0, 0x0,
    0x0, 0x0, 0x0, 0x0, 0x0, 0x1f, 0xff, 0xff,
    0xf5, 0x0, 0x0, 0x0, 0x0, 0x0, 0x0, 0x0,
    0x0, 0x0, 0xf, 0xff, 0xff, 0xf6, 0x0, 0x0,
    0x0, 0x0, 0x0, 0x0, 0x0, 0x0, 0x0, 0xf,
    0xff, 0xff, 0xf7, 0x0, 0x0, 0x0, 0x0, 0x0,
    0x0, 0x0, 0x0, 0x0, 0xe, 0xff, 0xff, 0xf7,
    0x0, 0x0, 0x0, 0x0, 0x0, 0x0, 0x0, 0x0,
    0x0, 0xd, 0xff, 0xff, 0xf8, 0x0, 0x0, 0x0,
    0x0, 0x0, 0x0, 0x0, 0x0, 0x0, 0xc, 0xff,
    0xff, 0xf9, 0x0, 0x0, 0x0, 0x0, 0x0, 0x0,
    0x0, 0x0, 0x0, 0xc, 0xff, 0xff, 0xfa, 0x0,
    0x0, 0x0, 0x0, 0x0, 0x0, 0x0, 0x0, 0x0,
    0xb, 0xff, 0xff, 0xff, 0xff, 0xff, 0xff, 0xff,
    0xff, 0xff, 0xff, 0xf0, 0x0, 0xa, 0xff, 0xff,
    0xff, 0xff, 0xff, 0xff, 0xff, 0xff, 0xff, 0xff,
    0xf0, 0x0, 0x9, 0xff, 0xff, 0xff, 0xff, 0xff,
    0xff, 0xff, 0xff, 0xff, 0xff, 0xf0, 0x0, 0x8,
    0xff, 0xff, 0xff, 0xff, 0xff, 0xff, 0xff, 0xff,
    0xff, 0xff, 0xf0, 0x0, 0x8, 0xff, 0xff, 0xff,
    0xff, 0xff, 0xff, 0xff, 0xff, 0xff, 0xff, 0xf0,
    0x0, 0x5, 0xcd, 0xef, 0xff, 0xff, 0xff, 0xff,
    0xff, 0xff, 0xff, 0xff, 0xf0, 0x0, 0x0, 0x0,
    0x0, 0x0, 0x12, 0x34, 0x55, 0x67, 0x89, 0xaa,
    0xbc, 0xc0,

    /* U+004D "M" */
    0x0, 0x0, 0x0, 0x0, 0x0, 0x0, 0x18, 0x88,
    0x85, 0x0, 0x0, 0x0, 0x0, 0x0, 0x0, 0x0,
    0x0, 0x0, 0x6f, 0xff, 0xfd, 0x0, 0x0, 0x0,
    0x0, 0xef, 0xff, 0xff, 0xfa, 0x0, 0xcf, 0xff,
    0xff, 0x10, 0x0, 0x0, 0x0, 0xff, 0xff, 0xff,
    0xff, 0x52, 0xff, 0xff, 0xff, 0x40, 0x0, 0x0,
    0x1, 0xff, 0xff, 0xff, 0xff, 0xea, 0xff, 0xff,
    0xff, 0x70, 0x0, 0x0, 0x2, 0xff, 0xff, 0xff,
    0xff, 0xff, 0xff, 0xff, 0xff, 0xb0, 0x0, 0x0,
    0x4, 0xff, 0xff, 0xff, 0xff, 0xff, 0xff, 0xff,
    0xff, 0xe0, 0x0, 0x0, 0x5, 0xff, 0xff, 0xff,
    0xff, 0xff, 0xff, 0xff, 0xff, 0xf1, 0x0, 0x0,
    0x7, 0xff, 0xff, 0xff, 0xff, 0xff, 0xff, 0xff,
    0xff, 0xf5, 0x0, 0x0, 0x8, 0xff, 0xff, 0xff,
    0xff, 0xff, 0xff, 0xff, 0xff, 0xf8, 0x0, 0x0,
    0xa, 0xff, 0xff, 0xff, 0xff, 0xff, 0xff, 0xff,
    0xff, 0xfc, 0x0, 0x0, 0xb, 0xff, 0xff, 0xff,
    0xff, 0xff, 0xff, 0xff, 0xff, 0xff, 0x0, 0x0,
    0xc, 0xff, 0xff, 0xff, 0xff, 0xff, 0xff, 0xff,
    0xff, 0xff, 0x20, 0x0, 0xe, 0xff, 0xff, 0xff,
    0xff, 0xff, 0xff, 0xff, 0xff, 0xff, 0x60, 0x0,
    0xf, 0xff, 0xff, 0xff, 0xff, 0xff, 0xff, 0xff,
    0xff, 0xff, 0x90, 0x0, 0x1f, 0xff, 0xff, 0xff,
    0xff, 0xff, 0xff, 0xff, 0xff, 0xff, 0xc0, 0x0,
    0x2f, 0xff, 0xff, 0xff, 0xfa, 0xff, 0xff, 0xff,
    0xff, 0xff, 0xf0, 0x0, 0x4f, 0xff, 0xff, 0xff,
    0xf1, 0xff, 0xbc, 0xff, 0xff, 0xff, 0xf3, 0x0,
    0x5f, 0xff, 0xff, 0xff, 0xe0, 0x7f, 0x3a, 0xff,
    0xff, 0xff, 0xf7, 0x0, 0x7f, 0xff, 0xff, 0xff,
    0xc0, 0x9, 0x7, 0xff, 0xff, 0xff, 0xfa, 0x0,
    0x8f, 0xff, 0xff, 0xff, 0xb0, 0x0, 0x4, 0xff,
    0xff, 0xff, 0xfd, 0x0, 0xaf, 0xff, 0xff, 0xff,
    0x90, 0x0, 0x1, 0xff, 0xff, 0xff, 0xff, 0x10,
    0xbf, 0xff, 0xff, 0xff, 0x80, 0x0, 0x0, 0xef,
    0xff, 0xff, 0xff, 0x40, 0xdf, 0xfe, 0xdc, 0xb9,
    0x30, 0x0, 0x0, 0xcf, 0xff, 0xff, 0xff, 0x70,
    0x10, 0x0, 0x0, 0x0, 0x0, 0x0, 0x0, 0x9f,
    0xff, 0xff, 0xff, 0xb0, 0x0, 0x0, 0x0, 0x0,
    0x0, 0x0, 0x0, 0x5d, 0xff, 0xff, 0xff, 0xe0,
    0x0, 0x0, 0x0, 0x0, 0x0, 0x0, 0x0, 0x0,
    0x0, 0x23, 0x57, 0x80,

    /* U+004E "N" */
    0xaf, 0xff, 0xff, 0xff, 0xf6, 0x0, 0x0, 0x0,
    0x0, 0x0, 0x0, 0x9f, 0xff, 0xff, 0xff, 0xfc,
    0x0, 0x0, 0x0, 0x0, 0x0, 0x0, 0x9f, 0xff,
    0xff, 0xff, 0xff, 0x20, 0xbf, 0xff, 0xff, 0xff,
    0xf5, 0x8f, 0xff, 0xff, 0xff, 0xff, 0x70, 0x9f,
    0xff, 0xff, 0xff, 0xf5, 0x15, 0x9f, 0xff, 0xff,
    0xff, 0xd0, 0x8f, 0xff, 0xff, 0xff, 0xf6, 0x0,
    0xf, 0xff, 0xff, 0xff, 0xf3, 0x6f, 0xff, 0xff,
    0xff, 0xf6, 0x0, 0xf, 0xff, 0xff, 0xff, 0xf9,
    0x5f, 0xff, 0xff, 0xff, 0xf6, 0x0, 0xe, 0xff,
    0xff, 0xff, 0xfe, 0x3f, 0xff, 0xff, 0xff, 0xf6,
    0x0, 0xe, 0xff, 0xff, 0xff, 0xff, 0x6f, 0xff,
    0xff, 0xff, 0xf6, 0x0, 0xd, 0xff, 0xff, 0xff,
    0xff, 0xaf, 0xff, 0xff, 0xff, 0xf6, 0x0, 0xd,
    0xff, 0xff, 0xff, 0xff, 0xff, 0xff, 0xff, 0xff,
    0xf6, 0x0, 0xc, 0xff, 0xff, 0xff, 0xff, 0xff,
    0xff, 0xff, 0xff, 0xf6, 0x0, 0xc, 0xff, 0xff,
    0xff, 0xff, 0xff, 0xff, 0xff, 0xff, 0xf6, 0x0,
    0xb, 0xff, 0xff, 0xff, 0xff, 0xff, 0xff, 0xff,
    0xff, 0xf7, 0x0, 0xb, 0xff, 0xff, 0xff, 0xff,
    0xff, 0xff, 0xff, 0xff, 0xf7, 0x0, 0xa, 0xff,
    0xff, 0xff, 0xff, 0xff, 0xff, 0xff, 0xff, 0xf7,
    0x0, 0xa, 0xff, 0xff, 0xff, 0xff, 0xff, 0xff,
    0xff, 0xff, 0xf7, 0x0, 0x9, 0xff, 0xff, 0xff,
    0xff, 0xff, 0xff, 0xff, 0xff, 0xf7, 0x0, 0x9,
    0xff, 0xff, 0xff, 0xff, 0xff, 0xff, 0xff, 0xff,
    0xf7, 0x0, 0x8, 0xff, 0xff, 0xff, 0xff, 0xff,
    0xff, 0xff, 0xff, 0xf7, 0x0, 0x8, 0xff, 0xff,
    0xff, 0xcf, 0xff, 0xff, 0xff, 0xff, 0xf7, 0x0,
    0x7, 0xff, 0xff, 0xff, 0xbb, 0xff, 0xff, 0xff,
    0xff, 0xf7, 0x0, 0x7, 0xff, 0xff, 0xff, 0xb6,
    0xff, 0xff, 0xff, 0xff, 0xf8, 0x0, 0x6, 0xff,
    0xff, 0xff, 0xb1, 0xff, 0xff, 0xff, 0xff, 0xf8,
    0x0, 0x6, 0xff, 0xff, 0xff, 0xb0, 0xbf, 0xff,
    0xff, 0xff, 0xf8, 0x0, 0x6, 0xff, 0xff, 0xff,
    0xb0, 0x5f, 0xff, 0xff, 0xff, 0xf8, 0x0, 0x5,
    0xff, 0xff, 0xff, 0xb0, 0xf, 0xff, 0xff, 0xff,
    0xf8, 0x0, 0x5, 0xff, 0xff, 0xff, 0xc0, 0xa,
    0xff, 0xff, 0xff, 0xf8, 0x0, 0x4, 0xff, 0xff,
    0xff, 0xc0, 0x5, 0xff, 0xff, 0xff, 0xf8, 0x0,
    0x4, 0xff, 0xff, 0xff, 0xc0, 0x0, 0xff, 0xff,
    0xff, 0xf8, 0x0, 0x3, 0xff, 0xff, 0xff, 0xc0,
    0x0, 0xaf, 0xff, 0xff, 0xf8, 0x0, 0x3, 0xff,
    0xff, 0xff, 0xc0, 0x0, 0x4f, 0xff, 0xff, 0xf9,
    0x0, 0x1, 0xbb, 0xbb, 0xbb, 0x80, 0x0, 0xe,
    0xff, 0xff, 0xf9, 0x0, 0x0, 0x0, 0x0, 0x0,
    0x0, 0x0, 0x9, 0xff, 0xff, 0xf9, 0x0, 0x0,
    0x0, 0x0, 0x0, 0x0, 0x0, 0x4, 0xff, 0xff,
    0xf9, 0x0, 0x0, 0x0, 0x0, 0x0, 0x0, 0x0,
    0x0, 0xde, 0xee, 0xe8,

    /* U+004F "O" */
    0x0, 0x0, 0x0, 0x0, 0x0, 0x4, 0x9c, 0xdc,
    0xa5, 0x0, 0x0, 0x0, 0x0, 0x0, 0x0, 0x0,
    0x0, 0x8e, 0xff, 0xff, 0xff, 0xfe, 0x70, 0x0,
    0x0, 0x0, 0x0, 0x0, 0x5, 0xef, 0xff, 0xff,
    0xff, 0xff, 0xff, 0xd3, 0x0, 0x0, 0x0, 0x0,
    0x9, 0xff, 0xff, 0xff, 0xff, 0xff, 0xff, 0xff,
    0xf3, 0x0, 0x0, 0x0, 0xb, 0xff, 0xff, 0xff,
    0xff, 0xff, 0xff, 0xff, 0xff, 0xf2, 0x0, 0x0,
    0xb, 0xff, 0xff, 0xff, 0xff, 0xb3, 0x9f, 0xff,
    0xff, 0xff, 0xb0, 0x0, 0x9, 0xff, 0xff, 0xff,
    0xff, 0xb0, 0x7f, 0xff, 0xff, 0xff, 0xff, 0x30,
    0x6, 0xff, 0xff, 0xff, 0xff, 0xf4, 0xf, 0xff,
    0xfa, 0xff, 0xff, 0xf8, 0x2, 0xff, 0xff, 0xff,
    0xff, 0xff, 0x0, 0xff, 0xfd, 0x4f, 0xff, 0xff,
    0xb0, 0x9f, 0xff, 0xff, 0xff, 0xff, 0xd0, 0xd,
    0xff, 0x36, 0xff, 0xff, 0xfd, 0x1f, 0xff, 0xff,
    0xff, 0xff, 0xff, 0x0, 0x16, 0x20, 0xbf, 0xff,
    0xff, 0xd6, 0xff, 0xff, 0xff, 0xff, 0xff, 0xf6,
    0x0, 0x0, 0x3f, 0xff, 0xff, 0xfc, 0xbf, 0xff,
    0xff, 0xff, 0xff, 0xff, 0xf8, 0x20, 0x4e, 0xff,
    0xff, 0xff, 0xad, 0xff, 0xff, 0xff, 0xff, 0xff,
    0xff, 0xff, 0xff, 0xff, 0xff, 0xff, 0xf6, 0xef,
    0xff, 0xff, 0xff, 0xff, 0xff, 0xff, 0xff, 0xff,
    0xff, 0xff, 0xff, 0x1f, 0xff, 0xff, 0xff, 0xff,
    0xff, 0xff, 0xff, 0xff, 0xff, 0xff, 0xff, 0xa0,
    0xef, 0xff, 0xff, 0xff, 0xff, 0xff, 0xff, 0xff,
    0xff, 0xff, 0xff, 0xf1, 0xc, 0xff, 0xff, 0xff,
    0xff, 0xff, 0xff, 0xff, 0xff, 0xff, 0xff, 0xf7,
    0x0, 0x8f, 0xff, 0xff, 0xff, 0xff, 0xff, 0xff,
    0xff, 0xff, 0xff, 0xfc, 0x0, 0x3, 0xff, 0xff,
    0xff, 0xff, 0xff, 0xff, 0xff, 0xff, 0xff, 0xff,
    0x20, 0x0, 0xd, 0xff, 0xff, 0xff, 0xff, 0xff,
    0xff, 0xff, 0xff, 0xff, 0x40, 0x0, 0x0, 0x6f,
    0xff, 0xff, 0xff, 0xff, 0xff, 0xff, 0xff, 0xff,
    0x60, 0x0, 0x0, 0x0, 0xbf, 0xff, 0xff, 0xff,
    0xff, 0xff, 0xff, 0xff, 0x50, 0x0, 0x0, 0x0,
    0x0, 0xcf, 0xff, 0xff, 0xff, 0xff, 0xff, 0xfc,
    0x20, 0x0, 0x0, 0x0, 0x0, 0x0, 0x8f, 0xff,
    0xff, 0xff, 0xff, 0xd5, 0x0, 0x0, 0x0, 0x0,
    0x0, 0x0, 0x0, 0x28, 0xce, 0xff, 0xd9, 0x40,
    0x0, 0x0, 0x0, 0x0, 0x0,

    /* U+0050 "P" */
    0x0, 0x0, 0x0, 0x0, 0x47, 0xad, 0xef, 0xed,
    0xa4, 0x0, 0x0, 0x0, 0x1, 0x6b, 0xff, 0xff,
    0xff, 0xff, 0xff, 0xfd, 0x20, 0x2, 0x7c, 0xff,
    0xff, 0xff, 0xff, 0xff, 0xff, 0xff, 0xfe, 0x10,
    0xff, 0xff, 0xff, 0xff, 0xff, 0xff, 0xff, 0xff,
    0xff, 0xf7, 0xa, 0xff, 0xff, 0xff, 0xff, 0xff,
    0xff, 0xff, 0xff, 0xff, 0xb0, 0x4f, 0xff, 0xff,
    0xff, 0xff, 0xff, 0xff, 0xff, 0xff, 0xfa, 0x0,
    0xef, 0xff, 0xff, 0xff, 0xf9, 0x53, 0x5f, 0xff,
    0xff, 0x60, 0x9, 0xff, 0xff, 0xff, 0xf6, 0x0,
    0x3, 0xff, 0xff, 0xe0, 0x0, 0x3f, 0x9f, 0xff,
    0xff, 0xa0, 0x0, 0xcf, 0xff, 0xf6, 0x0, 0x0,
    0x70, 0xcf, 0xff, 0xfe, 0x0, 0x9f, 0xff, 0xfa,
    0x0, 0x0, 0x0, 0x7, 0xff, 0xff, 0xf2, 0x7f,
    0xff, 0xfb, 0x0, 0x0, 0x0, 0x0, 0x1f, 0xff,
    0xff, 0xcf, 0xff, 0xfc, 0x0, 0x0, 0x0, 0x0,
    0x0, 0xcf, 0xff, 0xff, 0xff, 0xfc, 0x0, 0x0,
    0x0, 0x0, 0x0, 0x6, 0xff, 0xff, 0xff, 0xfc,
    0x0, 0x0, 0x0, 0x0, 0x0, 0x0, 0x1f, 0xff,
    0xff, 0xfc, 0x0, 0x0, 0x0, 0x0, 0x0, 0x0,
    0x0, 0xbf, 0xff, 0xfd, 0x0, 0x0, 0x0, 0x0,
    0x0, 0x0, 0x0, 0x6, 0xff, 0xff, 0xe0, 0x0,
    0x0, 0x0, 0x0, 0x0, 0x0, 0x0, 0x1f, 0xff,
    0xff, 0x30, 0x0, 0x0, 0x0, 0x0, 0x0, 0x0,
    0x0, 0xbf, 0xff, 0xf8, 0x0, 0x0, 0x0, 0x0,
    0x0, 0x0, 0x0, 0x5, 0xff, 0xff, 0xc0, 0x0,
    0x0, 0x0, 0x0, 0x0, 0x0, 0x0, 0xf, 0xff,
    0xff, 0x10, 0x0, 0x0, 0x0, 0x0, 0x0, 0x0,
    0x0, 0xaf, 0xff, 0xf5, 0x0, 0x0, 0x0, 0x0,
    0x0, 0x0, 0x0, 0x5, 0xff, 0xff, 0x90, 0x0,
    0x0, 0x0, 0x0, 0x0, 0x0, 0x0, 0xf, 0xff,
    0xfe, 0x0, 0x0, 0x0, 0x0, 0x0, 0x0, 0x0,
    0x0, 0xaf, 0xff, 0xf2, 0x0, 0x0, 0x0, 0x0,
    0x0, 0x0, 0x0, 0x4, 0xff, 0xf9, 0x0, 0x0,
    0x0, 0x0, 0x0, 0x0, 0x0, 0x0, 0xe, 0xe4,
    0x0, 0x0, 0x0, 0x0, 0x0, 0x0, 0x0, 0x0,
    0x0, 0x61, 0x0, 0x0, 0x0, 0x0,

    /* U+0051 "Q" */
    0x0, 0x0, 0x0, 0x4, 0x9d, 0xff, 0xd8, 0x10,
    0x0, 0x0, 0x0, 0x0, 0x0, 0x5, 0xdf, 0xff,
    0xff, 0xff, 0xe2, 0x0, 0x0, 0x0, 0x0, 0x0,
    0x7f, 0xff, 0xff, 0xff, 0xff, 0xfd, 0x10, 0x0,
    0x0, 0x0, 0x4, 0xff, 0xff, 0xff, 0xff, 0xff,
    0xff, 0xa0, 0x0, 0x0, 0x0, 0xe, 0xff, 0xff,
    0xff, 0xff, 0xff, 0xff, 0xf3, 0x0, 0x0, 0x0,
    0x7f, 0xff, 0xff, 0xff, 0xff, 0xff, 0xff, 0xfa,
    0x0, 0x0, 0x0, 0xef, 0xff, 0xff, 0xfb, 0x15,
    0xff, 0xff, 0xff, 0x0, 0x0, 0x4, 0xff, 0xff,
    0xff, 0xc0, 0x0, 0xcf, 0xff, 0xff, 0x30, 0x0,
    0x9, 0xff, 0xff, 0xff, 0x20, 0x0, 0x8f, 0xff,
    0xff, 0x50, 0x0, 0xd, 0xff, 0xff, 0xf7, 0x0,
    0x0, 0x8f, 0xff, 0xff, 0x70, 0x0, 0xf, 0xff,
    0xff, 0xe0, 0x0, 0x0, 0xbf, 0xff, 0xff, 0x60,
    0x0, 0x2f, 0xff, 0xff, 0x80, 0x0, 0x0, 0xef,
    0xff, 0xff, 0x50, 0x0, 0x4f, 0xff, 0xff, 0x50,
    0x0, 0x3, 0xff, 0xff, 0xff, 0x30, 0x0, 0x4f,
    0xff, 0xff, 0x50, 0x0, 0xa, 0xff, 0xff, 0xff,
    0x0, 0x0, 0x4f, 0xff, 0xff, 0xb0, 0x0, 0x7f,
    0xff, 0xff, 0xf9, 0x0, 0x0, 0x3f, 0xff, 0xff,
    0xff, 0xce, 0xff, 0xff, 0xff, 0xf2, 0x0, 0x0,
    0xf, 0xff, 0xff, 0xff, 0xff, 0xff, 0xff, 0xff,
    0xa0, 0x0, 0x0, 0xc, 0xff, 0xff, 0xff, 0xff,
    0xff, 0xff, 0xff, 0xe5, 0x0, 0x0, 0x4, 0xff,
    0xff, 0xff, 0xff, 0xff, 0xff, 0xff, 0xff, 0x70,
    0x0, 0x0, 0x9f, 0xff, 0xff, 0xff, 0xff, 0xff,
    0xff, 0xff, 0xf7, 0x0, 0x0, 0x8, 0xff, 0xff,
    0xff, 0xff, 0xff, 0xff, 0xff, 0xff, 0x40, 0x0,
    0x0, 0x28, 0xdf, 0xfd, 0xa4, 0x4, 0xef, 0xff,
    0xff, 0xe0, 0x0, 0x0, 0x0, 0x0, 0x0, 0x0,
    0x0, 0x1e, 0xff, 0xff, 0x70, 0x0, 0x0, 0x0,
    0x0, 0x0, 0x0, 0x0, 0x2, 0xff, 0xe3, 0x0,
    0x0, 0x0, 0x0, 0x0, 0x0, 0x0, 0x0, 0x0,
    0x7b, 0x10, 0x0, 0x0, 0x0, 0x0, 0x0, 0x0,
    0x0, 0x0, 0x0, 0x0, 0x0, 0x0,

    /* U+0052 "R" */
    0x0, 0x0, 0x0, 0x0, 0x47, 0xad, 0xef, 0xed,
    0xa4, 0x0, 0x0, 0x0, 0x0, 0x1, 0x6b, 0xff,
    0xff, 0xff, 0xff, 0xff, 0xfd, 0x20, 0x0, 0x2,
    0x7c, 0xff, 0xff, 0xff, 0xff, 0xff, 0xff, 0xff,
    0xfe, 0x10, 0x0, 0xff, 0xff, 0xff, 0xff, 0xff,
    0xff, 0xff, 0xff, 0xff, 0xf7, 0x0, 0xa, 0xff,
    0xff, 0xff, 0xff, 0xff, 0xff, 0xff, 0xff, 0xff,
    0xb0, 0x0, 0x4f, 0xff, 0xff, 0xff, 0xff, 0xff,
    0xff, 0xff, 0xff, 0xf8, 0x0, 0x0, 0xef, 0xff,
    0xff, 0xfb, 0x32, 0x5c, 0xff, 0xff, 0xff, 0x10,
    0x0, 0x9, 0xff, 0xff, 0xff, 0x70, 0x0, 0x9f,
    0xff, 0xff, 0x70, 0x0, 0x0, 0x3f, 0x9f, 0xff,
    0xfa, 0x0, 0x1e, 0xff, 0xff, 0xb0, 0x0, 0x0,
    0x0, 0x70, 0xff, 0xff, 0xd0, 0xb, 0xff, 0xff,
    0xd1, 0x0, 0x0, 0x0, 0x0, 0xe, 0xff, 0xff,
    0x1b, 0xff, 0xff, 0xff, 0x80, 0x0, 0x0, 0x0,
    0x0, 0xbf, 0xff, 0xff, 0xff, 0xff, 0xff, 0xff,
    0x50, 0x0, 0x0, 0x0, 0x9, 0xff, 0xff, 0xff,
    0xff, 0xff, 0xff, 0xfd, 0x0, 0x0, 0x0, 0x0,
    0x6f, 0xff, 0xff, 0xfd, 0xaf, 0xff, 0xff, 0xf2,
    0x0, 0x0, 0x0, 0x4, 0xff, 0xff, 0xfc, 0x10,
    0x9f, 0xff, 0xff, 0x60, 0x0, 0x0, 0x0, 0x1f,
    0xff, 0xff, 0x0, 0x1, 0xff, 0xff, 0xf9, 0x0,
    0x0, 0x0, 0x0, 0xff, 0xff, 0xf1, 0x0, 0xb,
    0xff, 0xff, 0xc0, 0x0, 0x0, 0x0, 0xc, 0xff,
    0xff, 0x30, 0x0, 0x7f, 0xff, 0xff, 0x0, 0x0,
    0x0, 0x0, 0xaf, 0xff, 0xf6, 0x0, 0x3, 0xff,
    0xff, 0xf2, 0x0, 0x0, 0x0, 0x7, 0xff, 0xff,
    0x90, 0x0, 0xe, 0xff, 0xff, 0x50, 0x0, 0x0,
    0x0, 0x5f, 0xff, 0xfc, 0x0, 0x0, 0xaf, 0xff,
    0xf8, 0x0, 0x0, 0x0, 0x3, 0xff, 0xff, 0xf0,
    0x0, 0x6, 0xff, 0xff, 0xb0, 0x0, 0x0, 0x0,
    0xf, 0xff, 0xff, 0x10, 0x0, 0x2f, 0xff, 0xfe,
    0x0, 0x0, 0x0, 0x0, 0xef, 0xff, 0xf4, 0x0,
    0x0, 0xdf, 0xff, 0xf1, 0x0, 0x0, 0x0, 0xb,
    0xff, 0xff, 0x70, 0x0, 0x9, 0xff, 0xff, 0x40,
    0x0, 0x0, 0x0, 0x9f, 0xff, 0xfa, 0x0, 0x0,
    0x5f, 0xff, 0xf7, 0x0, 0x0, 0x0, 0x6, 0xff,
    0xea, 0x50, 0x0, 0x1, 0xff, 0xff, 0xa0, 0x0,
    0x0, 0x0, 0x27, 0x30, 0x0, 0x0, 0x0, 0xb,
    0xa7, 0x30,

    /* U+0053 "S" */
    0x0, 0x0, 0x4, 0xad, 0xef, 0xed, 0xc9, 0x51,
    0x0, 0x0, 0x0, 0x0, 0x0, 0x1c, 0xff, 0xff,
    0xff, 0xff, 0xff, 0xfd, 0x84, 0x0, 0x0, 0x0,
    0xd, 0xff, 0xff, 0xff, 0xff, 0xff, 0xff, 0xff,
    0xfe, 0x94, 0x0, 0x8, 0xff, 0xff, 0xff, 0xff,
    0xff, 0xff, 0xff, 0xff, 0xff, 0xf0, 0x0, 0xef,
    0xff, 0xff, 0xff, 0xff, 0xff, 0xff, 0xff, 0xff,
    0xf9, 0x0, 0x1f, 0xff, 0xff, 0xff, 0xff, 0xff,
    0xff, 0xff, 0xff, 0xff, 0x30, 0x1, 0xff, 0xff,
    0xfd, 0x20, 0x37, 0xbe, 0xff, 0xff, 0xff, 0xd0,
    0x0, 0xe, 0xff, 0xff, 0xa0, 0x0, 0x0, 0x2,
    0x8e, 0xff, 0xf8, 0x0, 0x0, 0x8f, 0xff, 0xff,
    0x20, 0x0, 0x0, 0x0, 0x6, 0xef, 0x20, 0x0,
    0x1, 0xff, 0xff, 0xfe, 0x30, 0x0, 0x0, 0x0,
    0x0, 0x60, 0x0, 0x0, 0x8, 0xff, 0xff, 0xff,
    0x80, 0x0, 0x0, 0x0, 0x0, 0x0, 0x0, 0x0,
    0xd, 0xff, 0xff, 0xff, 0xd5, 0x0, 0x0, 0x0,
    0x0, 0x0, 0x0, 0x0, 0x2e, 0xff, 0xff, 0xff,
    0xfc, 0x30, 0x0, 0x0, 0x0, 0x0, 0x0, 0x0,
    0x3f, 0xff, 0xff, 0xff, 0xff, 0x90, 0x0, 0x0,
    0x0, 0x0, 0x0, 0x0, 0x3e, 0xff, 0xff, 0xff,
    0xff, 0xc0, 0x0, 0x0, 0x0, 0x0, 0x0, 0x0,
    0x1c, 0xff, 0xff, 0xff, 0xff, 0xb0, 0x0, 0x0,
    0x0, 0x0, 0x0, 0x0, 0x6, 0xff, 0xff, 0xff,
    0xff, 0x70, 0x0, 0x0, 0x0, 0x0, 0x0, 0x0,
    0x1, 0x9f, 0xff, 0xff, 0xff, 0x10, 0x0, 0x0,
    0x53, 0x0, 0x0, 0x0, 0x0, 0x3d, 0xff, 0xff,
    0xf8, 0x0, 0x0, 0xd, 0xfa, 0x30, 0x0, 0x0,
    0x0, 0xc, 0xff, 0xff, 0xe0, 0x0, 0x3, 0xff,
    0xff, 0xc6, 0x10, 0x0, 0x0, 0x4f, 0xff, 0xff,
    0x20, 0x0, 0x9f, 0xff, 0xff, 0xff, 0xd9, 0x52,
    0x2a, 0xff, 0xff, 0xf4, 0x0, 0xe, 0xff, 0xff,
    0xff, 0xff, 0xff, 0xff, 0xff, 0xff, 0xff, 0x30,
    0x4, 0xff, 0xff, 0xff, 0xff, 0xff, 0xff, 0xff,
    0xff, 0xff, 0xf0, 0x0, 0xaf, 0xff, 0xff, 0xff,
    0xff, 0xff, 0xff, 0xff, 0xff, 0xfa, 0x0, 0x1,
    0x6b, 0xff, 0xff, 0xff, 0xff, 0xff, 0xff, 0xff,
    0xff, 0x30, 0x0, 0x0, 0x1, 0x5a, 0xff, 0xff,
    0xff, 0xff, 0xff, 0xff, 0x70, 0x0, 0x0, 0x0,
    0x0, 0x0, 0x37, 0xac, 0xef, 0xfe, 0xc9, 0x30,
    0x0, 0x0,

    /* U+0054 "T" */
    0x0, 0x0, 0x0, 0x0, 0x0, 0x0, 0x0, 0x0,
    0x0, 0x1, 0x34, 0x53, 0x0, 0x0, 0x12, 0x34,
    0x57, 0x89, 0xab, 0xcd, 0xef, 0xff, 0xff, 0xfb,
    0xae, 0xff, 0xff, 0xff, 0xff, 0xff, 0xff, 0xff,
    0xff, 0xff, 0xff, 0xfb, 0xcf, 0xff, 0xff, 0xff,
    0xff, 0xff, 0xff, 0xff, 0xff, 0xff, 0xff, 0xfc,
    0xcf, 0xff, 0xff, 0xff, 0xff, 0xff, 0xff, 0xff,
    0xff, 0xff, 0xff, 0xfd, 0xdf, 0xff, 0xff, 0xff,
    0xff, 0xff, 0xff, 0xff, 0xff, 0xff, 0xff, 0xfe,
    0xdf, 0xff, 0xff, 0xff, 0xff, 0xff, 0xff, 0xff,
    0xff, 0xff, 0xff, 0xff, 0xdf, 0xff, 0xff, 0xff,
    0xff, 0xff, 0xff, 0xff, 0xda, 0x87, 0x64, 0x31,
    0x0, 0x0, 0x0, 0x0, 0xb, 0xff, 0xff, 0xff,
    0x90, 0x0, 0x0, 0x0, 0x0, 0x0, 0x0, 0x0,
    0xb, 0xff, 0xff, 0xff, 0xa0, 0x0, 0x0, 0x0,
    0x0, 0x0, 0x0, 0x0, 0xa, 0xff, 0xff, 0xff,
    0xa0, 0x0, 0x0, 0x0, 0x0, 0x0, 0x0, 0x0,
    0x9, 0xff, 0xff, 0xff, 0xb0, 0x0, 0x0, 0x0,
    0x0, 0x0, 0x0, 0x0, 0x8, 0xff, 0xff, 0xff,
    0xc0, 0x0, 0x0, 0x0, 0x0, 0x0, 0x0, 0x0,
    0x7, 0xff, 0xff, 0xff, 0xc0, 0x0, 0x0, 0x0,
    0x0, 0x0, 0x0, 0x0, 0x7, 0xff, 0xff, 0xff,
    0xd0, 0x0, 0x0, 0x0, 0x0, 0x0, 0x0, 0x0,
    0x6, 0xff, 0xff, 0xff, 0xe0, 0x0, 0x0, 0x0,
    0x0, 0x0, 0x0, 0x0, 0x5, 0xff, 0xff, 0xff,
    0xe0, 0x0, 0x0, 0x0, 0x0, 0x0, 0x0, 0x0,
    0x4, 0xff, 0xff, 0xff, 0xf0, 0x0, 0x0, 0x0,
    0x0, 0x0, 0x0, 0x0, 0x3, 0xff, 0xff, 0xff,
    0xf0, 0x0, 0x0, 0x0, 0x0, 0x0, 0x0, 0x0,
    0x3, 0xff, 0xff, 0xff, 0xf0, 0x0, 0x0, 0x0,
    0x0, 0x0, 0x0, 0x0, 0x2, 0xff, 0xff, 0xff,
    0xf1, 0x0, 0x0, 0x0, 0x0, 0x0, 0x0, 0x0,
    0x1, 0xff, 0xff, 0xff, 0xf2, 0x0, 0x0, 0x0,
    0x0, 0x0, 0x0, 0x0, 0x0, 0xff, 0xff, 0xff,
    0xf2, 0x0, 0x0, 0x0, 0x0, 0x0, 0x0, 0x0,
    0x0, 0xff, 0xff, 0xff, 0xf3, 0x0, 0x0, 0x0,
    0x0, 0x0, 0x0, 0x0, 0x0, 0xff, 0xff, 0xff,
    0xf4, 0x0, 0x0, 0x0, 0x0, 0x0, 0x0, 0x0,
    0x0, 0xef, 0xff, 0xff, 0xf4, 0x0, 0x0, 0x0,
    0x0, 0x0, 0x0, 0x0, 0x0, 0xdf, 0xff, 0xff,
    0xf5, 0x0, 0x0, 0x0, 0x0, 0x0, 0x0, 0x0,
    0x0, 0x6b, 0xde, 0xff, 0xf6, 0x0, 0x0, 0x0,

    /* U+0055 "U" */
    0x8c, 0xa9, 0x86, 0x54, 0x21, 0x0, 0x0, 0x0,
    0x0, 0x0, 0x0, 0x0, 0x9f, 0xff, 0xff, 0xff,
    0xff, 0x60, 0x0, 0x4, 0x43, 0x20, 0x0, 0x0,
    0x9f, 0xff, 0xff, 0xff, 0xff, 0x60, 0x0, 0xb,
    0xff, 0xff, 0xfe, 0xd1, 0x8f, 0xff, 0xff, 0xff,
    0xff, 0x50, 0x0, 0xa, 0xff, 0xff, 0xff, 0xf3,
    0x2, 0x7f, 0xff, 0xff, 0xff, 0x50, 0x0, 0x8,
    0xff, 0xff, 0xff, 0xf5, 0x0, 0x1f, 0xff, 0xff,
    0xff, 0x50, 0x0, 0x8, 0xff, 0xff, 0xff, 0xf6,
    0x0, 0x3f, 0xff, 0xff, 0xff, 0x50, 0x0, 0x7,
    0xff, 0xff, 0xff, 0xf8, 0x0, 0x4f, 0xff, 0xff,
    0xff, 0x60, 0x0, 0x6, 0xff, 0xff, 0xff, 0xf9,
    0x0, 0x4f, 0xff, 0xff, 0xff, 0x60, 0x0, 0x5,
    0xff, 0xff, 0xff, 0xf9, 0x0, 0x5f, 0xff, 0xff,
    0xff, 0x70, 0x0, 0x5, 0xff, 0xff, 0xff, 0xfa,
    0x0, 0x5f, 0xff, 0xff, 0xff, 0x80, 0x0, 0x4,
    0xff, 0xff, 0xff, 0xfa, 0x0, 0x4f, 0xff, 0xff,
    0xff, 0x90, 0x0, 0x3, 0xff, 0xff, 0xff, 0xfb,
    0x0, 0x4f, 0xff, 0xff, 0xff, 0xa0, 0x0, 0x2,
    0xff, 0xff, 0xff, 0xfb, 0x0, 0x3f, 0xff, 0xff,
    0xff, 0xc0, 0x0, 0x2, 0xff, 0xff, 0xff, 0xfa,
    0x0, 0x2f, 0xff, 0xff, 0xff, 0xe0, 0x0, 0x2,
    0xff, 0xff, 0xff, 0xfa, 0x0, 0x2f, 0xff, 0xff,
    0xff, 0xf0, 0x0, 0x2, 0xff, 0xff, 0xff, 0xf9,
    0x0, 0xf, 0xff, 0xff, 0xff, 0xf2, 0x0, 0x4,
    0xff, 0xff, 0xff, 0xf8, 0x0, 0xe, 0xff, 0xff,
    0xff, 0xf5, 0x0, 0x6, 0xff, 0xff, 0xff, 0xf7,
    0x0, 0xc, 0xff, 0xff, 0xff, 0xf8, 0x0, 0x9,
    0xff, 0xff, 0xff, 0xf5, 0x0, 0xa, 0xff, 0xff,
    0xff, 0xfc, 0x0, 0xd, 0xff, 0xff, 0xff, 0xf2,
    0x0, 0x7, 0xff, 0xff, 0xff, 0xff, 0x30, 0x6f,
    0xff, 0xff, 0xff, 0xe0, 0x0, 0x4, 0xff, 0xff,
    0xff, 0xff, 0xfb, 0xff, 0xff, 0xff, 0xff, 0x90,
    0x0, 0x0, 0xff, 0xff, 0xff, 0xff, 0xff, 0xff,
    0xff, 0xff, 0xff, 0x30, 0x0, 0x0, 0xaf, 0xff,
    0xff, 0xff, 0xff, 0xff, 0xff, 0xff, 0xfb, 0x0,
    0x0, 0x0, 0x4f, 0xff, 0xff, 0xff, 0xff, 0xff,
    0xff, 0xff, 0xe1, 0x0, 0x0, 0x0, 0xb, 0xff,
    0xff, 0xff, 0xff, 0xff, 0xff, 0xff, 0x30, 0x0,
    0x0, 0x0, 0x1, 0xdf, 0xff, 0xff, 0xff, 0xff,
    0xff, 0xe3, 0x0, 0x0, 0x0, 0x0, 0x0, 0x1a,
    0xff, 0xff, 0xff, 0xff, 0xfc, 0x10, 0x0, 0x0,
    0x0, 0x0, 0x0, 0x0, 0x28, 0xce, 0xff, 0xec,
    0x60, 0x0, 0x0, 0x0,

    /* U+0056 "V" */
    0x4f, 0xff, 0xff, 0xff, 0xfb, 0x0, 0x0, 0x0,
    0x0, 0x0, 0x0, 0x0, 0x0, 0x0, 0x3f, 0xff,
    0xff, 0xff, 0xff, 0x10, 0x0, 0x0, 0x0, 0x4,
    0x55, 0x55, 0x55, 0x52, 0x3f, 0xff, 0xff, 0xff,
    0xff, 0x50, 0x0, 0x0, 0x0, 0x1f, 0xff, 0xff,
    0xff, 0xf5, 0x1b, 0xff, 0xff, 0xff, 0xff, 0xa0,
    0x0, 0x0, 0x0, 0x5f, 0xff, 0xff, 0xff, 0xf0,
    0x0, 0x9, 0xff, 0xff, 0xff, 0xe0, 0x0, 0x0,
    0x0, 0x9f, 0xff, 0xff, 0xff, 0xb0, 0x0, 0x3,
    0xff, 0xff, 0xff, 0xf3, 0x0, 0x0, 0x0, 0xdf,
    0xff, 0xff, 0xff, 0x60, 0x0, 0x0, 0xdf, 0xff,
    0xff, 0xf8, 0x0, 0x0, 0x1, 0xff, 0xff, 0xff,
    0xff, 0x10, 0x0, 0x0, 0x8f, 0xff, 0xff, 0xfd,
    0x0, 0x0, 0x4, 0xff, 0xff, 0xff, 0xfc, 0x0,
    0x0, 0x0, 0x2f, 0xff, 0xff, 0xff, 0x20, 0x0,
    0x8, 0xff, 0xff, 0xff, 0xf7, 0x0, 0x0, 0x0,
    0xd, 0xff, 0xff, 0xff, 0x70, 0x0, 0xc, 0xff,
    0xff, 0xff, 0xf2, 0x0, 0x0, 0x0, 0x7, 0xff,
    0xff, 0xff, 0xc0, 0x0, 0xf, 0xff, 0xff, 0xff,
    0xd0, 0x0, 0x0, 0x0, 0x2, 0xff, 0xff, 0xff,
    0xf1, 0x0, 0x4f, 0xff, 0xff, 0xff, 0x80, 0x0,
    0x0, 0x0, 0x0, 0xdf, 0xff, 0xff, 0xf5, 0x0,
    0x7f, 0xff, 0xff, 0xff, 0x30, 0x0, 0x0, 0x0,
    0x0, 0x7f, 0xff, 0xff, 0xfa, 0x0, 0xbf, 0xff,
    0xff, 0xfe, 0x0, 0x0, 0x0, 0x0, 0x0, 0x2f,
    0xff, 0xff, 0xff, 0x0, 0xff, 0xff, 0xff, 0xf9,
    0x0, 0x0, 0x0, 0x0, 0x0, 0xc, 0xff, 0xff,
    0xff, 0x43, 0xff, 0xff, 0xff, 0xf4, 0x0, 0x0,
    0x0, 0x0, 0x0, 0x7, 0xff, 0xff, 0xff, 0x96,
    0xff, 0xff, 0xff, 0xe0, 0x0, 0x0, 0x0, 0x0,
    0x0, 0x1, 0xff, 0xff, 0xff, 0xda, 0xff, 0xff,
    0xff, 0xa0, 0x0, 0x0, 0x0, 0x0, 0x0, 0x0,
    0xcf, 0xff, 0xff, 0xff, 0xff, 0xff, 0xff, 0x50,
    0x0, 0x0, 0x0, 0x0, 0x0, 0x0, 0x7f, 0xff,
    0xff, 0xff, 0xff, 0xff, 0xff, 0x0, 0x0, 0x0,
    0x0, 0x0, 0x0, 0x0, 0x1f, 0xff, 0xff, 0xff,
    0xff, 0xff, 0xfb, 0x0, 0x0, 0x0, 0x0, 0x0,
    0x0, 0x0, 0xc, 0xff, 0xff, 0xff, 0xff, 0xff,
    0xf6, 0x0, 0x0, 0x0, 0x0, 0x0, 0x0, 0x0,
    0x6, 0xff, 0xff, 0xff, 0xff, 0xff, 0xf1, 0x0,
    0x0, 0x0, 0x0, 0x0, 0x0, 0x0, 0x1, 0xff,
    0xff, 0xff, 0xff, 0xff, 0xc0, 0x0, 0x0, 0x0,
    0x0, 0x0, 0x0, 0x0, 0x0, 0xbf, 0xff, 0xff,
    0xff, 0xff, 0x70, 0x0, 0x0, 0x0, 0x0, 0x0,
    0x0, 0x0, 0x0, 0x6f, 0xff, 0xff, 0xff, 0xff,
    0x20, 0x0, 0x0, 0x0, 0x0, 0x0, 0x0, 0x0,
    0x0, 0x1f, 0xff, 0xff, 0xff, 0xfd, 0x0, 0x0,
    0x0, 0x0, 0x0, 0x0, 0x0, 0x0, 0x0, 0xb,
    0xff, 0xff, 0xff, 0xf8, 0x0, 0x0, 0x0, 0x0,
    0x0, 0x0, 0x0, 0x0, 0x0, 0x6, 0xff, 0xff,
    0xff, 0xf3, 0x0, 0x0, 0x0, 0x0, 0x0, 0x0,
    0x0, 0x0, 0x0, 0x1, 0xff, 0xff, 0xff, 0xd0,
    0x0, 0x0, 0x0, 0x0,

    /* U+0057 "W" */
    0x0, 0x0, 0x0, 0x0, 0x0, 0x0, 0x0, 0x0,
    0x46, 0x78, 0x9b, 0xcd, 0x40, 0x0, 0x0, 0x0,
    0x0, 0x0, 0x0, 0x0, 0xf, 0xff, 0xff, 0xff,
    0xf3, 0x0, 0x0, 0x0, 0x0, 0x0, 0x0, 0x0,
    0x1, 0xff, 0xff, 0xff, 0xff, 0x20, 0x0, 0x0,
    0x0, 0x0, 0x0, 0x0, 0x0, 0x2f, 0xff, 0xff,
    0xff, 0xf0, 0xf, 0xfd, 0xba, 0x86, 0x51, 0x0,
    0x0, 0x4, 0xff, 0xff, 0xff, 0xff, 0x0, 0xdf,
    0xff, 0xff, 0xff, 0x70, 0x0, 0x0, 0x5f, 0xff,
    0xff, 0xff, 0xe0, 0x9, 0xff, 0xff, 0xff, 0xfa,
    0x0, 0x0, 0x6, 0xff, 0xff, 0xff, 0xfc, 0x0,
    0x6f, 0xff, 0xff, 0xff, 0xd0, 0x0, 0x0, 0x8f,
    0xff, 0xff, 0xff, 0xb0, 0x2, 0xff, 0xff, 0xff,
    0xff, 0x0, 0x0, 0x9, 0xff, 0xff, 0xff, 0xf9,
    0x0, 0xf, 0xff, 0xff, 0xff, 0xf3, 0x0, 0x0,
    0xbf, 0xff, 0xff, 0xff, 0x80, 0x0, 0xcf, 0xff,
    0xff, 0xff, 0x50, 0x30, 0xc, 0xff, 0xff, 0xff,
    0xf6, 0x0, 0x8, 0xff, 0xff, 0xff, 0xf8, 0xe,
    0x30, 0xdf, 0xff, 0xff, 0xff, 0x50, 0x0, 0x5f,
    0xff, 0xff, 0xff, 0xb7, 0xfc, 0xf, 0xff, 0xff,
    0xff, 0xf4, 0x0, 0x2, 0xff, 0xff, 0xff, 0xfe,
    0xef, 0xf5, 0xff, 0xff, 0xff, 0xff, 0x20, 0x0,
    0xe, 0xff, 0xff, 0xff, 0xff, 0xff, 0xef, 0xff,
    0xff, 0xff, 0xf1, 0x0, 0x0, 0xbf, 0xff, 0xff,
    0xff, 0xff, 0xff, 0xff, 0xff, 0xff, 0xff, 0x0,
    0x0, 0x7, 0xff, 0xff, 0xff, 0xff, 0xff, 0xff,
    0xff, 0xff, 0xff, 0xe0, 0x0, 0x0, 0x4f, 0xff,
    0xff, 0xff, 0xff, 0xff, 0xff, 0xff, 0xff, 0xfd,
    0x0, 0x0, 0x1, 0xff, 0xff, 0xff, 0xff, 0xff,
    0xff, 0xff, 0xff, 0xff, 0xb0, 0x0, 0x0, 0xd,
    0xff, 0xff, 0xff, 0xff, 0xff, 0xff, 0xff, 0xff,
    0xfa, 0x0, 0x0, 0x0, 0xaf, 0xff, 0xff, 0xff,
    0xff, 0xff, 0xff, 0xff, 0xff, 0x80, 0x0, 0x0,
    0x7, 0xff, 0xff, 0xff, 0xff, 0xff, 0xff, 0xff,
    0xff, 0xf7, 0x0, 0x0, 0x0, 0x3f, 0xff, 0xff,
    0xff, 0xff, 0xff, 0xff, 0xff, 0xff, 0x50, 0x0,
    0x0, 0x0, 0xff, 0xff, 0xff, 0xff, 0xff, 0xff,
    0xff, 0xff, 0xf4, 0x0, 0x0, 0x0, 0xc, 0xff,
    0xff, 0xff, 0xff, 0xff, 0xff, 0xff, 0xff, 0x30,
    0x0, 0x0, 0x0, 0x9f, 0xff, 0xff, 0xfe, 0xff,
    0xff, 0xff, 0xff, 0xf1, 0x0, 0x0, 0x0, 0x6,
    0xff, 0xff, 0xff, 0x5a, 0xff, 0xff, 0xff, 0xff,
    0x0, 0x0, 0x0, 0x0, 0x2f, 0xff, 0xff, 0xf0,
    0x1e, 0xff, 0xff, 0xff, 0xe0, 0x0, 0x0, 0x0,
    0x0, 0xff, 0xff, 0xf9, 0x0, 0x48, 0x88, 0x88,
    0x86, 0x0, 0x0, 0x0, 0x0, 0xb, 0xff, 0xff,
    0x30, 0x0, 0x0, 0x0, 0x0, 0x0, 0x0,

    /* U+0058 "X" */
    0x0, 0x0, 0x0, 0x0, 0x0, 0x0, 0x0, 0x0,
    0x0, 0x0, 0x0, 0x0, 0x0, 0x0, 0x9, 0xda,
    0x85, 0x31, 0x0, 0x0, 0x0, 0x0, 0x0, 0x0,
    0x0, 0x0, 0x0, 0x0, 0x1f, 0xff, 0xff, 0xfe,
    0x50, 0x0, 0x0, 0x1, 0xff, 0xff, 0xff, 0xfe,
    0x10, 0x0, 0x7f, 0xff, 0xff, 0xfe, 0x0, 0x0,
    0x0, 0x9f, 0xff, 0xff, 0xff, 0x60, 0x0, 0x0,
    0xdf, 0xff, 0xff, 0xf8, 0x0, 0x0, 0x2f, 0xff,
    0xff, 0xff, 0xc0, 0x0, 0x0, 0x4, 0xff, 0xff,
    0xff, 0xf2, 0x0, 0xa, 0xff, 0xff, 0xff, 0xf3,
    0x0, 0x0, 0x0, 0xb, 0xff, 0xff, 0xff, 0xa0,
    0x3, 0xff, 0xff, 0xff, 0xf9, 0x0, 0x0, 0x0,
    0x0, 0x2f, 0xff, 0xff, 0xff, 0x40, 0xcf, 0xff,
    0xff, 0xff, 0x10, 0x0, 0x0, 0x0, 0x0, 0x8f,
    0xff, 0xff, 0xfd, 0x4f, 0xff, 0xff, 0xff, 0x70,
    0x0, 0x0, 0x0, 0x0, 0x0, 0xef, 0xff, 0xff,
    0xff, 0xff, 0xff, 0xff, 0xd0, 0x0, 0x0, 0x0,
    0x0, 0x0, 0x5, 0xff, 0xff, 0xff, 0xff, 0xff,
    0xff, 0xf4, 0x0, 0x0, 0x0, 0x0, 0x0, 0x0,
    0xc, 0xff, 0xff, 0xff, 0xff, 0xff, 0xfa, 0x0,
    0x0, 0x0, 0x0, 0x0, 0x0, 0x0, 0x3f, 0xff,
    0xff, 0xff, 0xff, 0xff, 0x10, 0x0, 0x0, 0x0,
    0x0, 0x0, 0x0, 0x0, 0x9f, 0xff, 0xff, 0xff,
    0xff, 0x70, 0x0, 0x0, 0x0, 0x0, 0x0, 0x0,
    0x0, 0x1, 0xef, 0xff, 0xff, 0xff, 0xd0, 0x0,
    0x0, 0x0, 0x0, 0x0, 0x0, 0x0, 0x0, 0x6,
    0xff, 0xff, 0xff, 0xf4, 0x0, 0x0, 0x0, 0x0,
    0x0, 0x0, 0x0, 0x0, 0x0, 0x9f, 0xff, 0xff,
    0xfe, 0x0, 0x0, 0x0, 0x0, 0x0, 0x0, 0x0,
    0x0, 0x0, 0x3f, 0xff, 0xff, 0xff, 0xf4, 0x0,
    0x0, 0x0, 0x0, 0x0, 0x0, 0x0, 0x0, 0xc,
    0xff, 0xff, 0xff, 0xff, 0xc0, 0x0, 0x0, 0x0,
    0x0, 0x0, 0x0, 0x0, 0x6, 0xff, 0xff, 0xff,
    0xff, 0xff, 0x40, 0x0, 0x0, 0x0, 0x0, 0x0,
    0x0, 0x1, 0xef, 0xff, 0xff, 0xff, 0xff, 0xfc,
    0x0, 0x0, 0x0, 0x0, 0x0, 0x0, 0x0, 0xaf,
    0xff, 0xff, 0xff, 0xff, 0xff, 0xf4, 0x0, 0x0,
    0x0, 0x0, 0x0, 0x0, 0x3f, 0xff, 0xff, 0xff,
    0xff, 0xff, 0xff, 0xc0, 0x0, 0x0, 0x0, 0x0,
    0x0, 0xd, 0xff, 0xff, 0xff, 0x7f, 0xff, 0xff,
    0xff, 0x30, 0x0, 0x0, 0x0, 0x0, 0x7, 0xff,
    0xff, 0xff, 0xb0, 0xaf, 0xff, 0xff, 0xfb, 0x0,
    0x0, 0x0, 0x0, 0x1, 0xff, 0xff, 0xff, 0xf2,
    0x2, 0xff, 0xff, 0xff, 0xf3, 0x0, 0x0, 0x0,
    0x0, 0xaf, 0xff, 0xff, 0xf9, 0x0, 0xa, 0xff,
    0xff, 0xff, 0xb0, 0x0, 0x0, 0x0, 0x4f, 0xff,
    0xff, 0xfe, 0x10, 0x0, 0x2f, 0xff, 0xff, 0xff,
    0x30, 0x0, 0x0, 0xd, 0xff, 0xff, 0xff, 0x70,
    0x0, 0x0, 0xaf, 0xff, 0xff, 0xfb, 0x0, 0x0,
    0x8, 0xff, 0xff, 0xff, 0xd0, 0x0, 0x0, 0x2,
    0xef, 0xff, 0xff, 0xf3, 0x0, 0x2, 0xff, 0xff,
    0xff, 0xf5, 0x0, 0x0, 0x0, 0x0, 0x26, 0xae,
    0xff, 0xa0, 0x0, 0xbf, 0xff, 0xff, 0xfc, 0x0,
    0x0, 0x0, 0x0, 0x0, 0x0, 0x1, 0x59, 0x10,
    0x5f, 0xff, 0xff, 0xff, 0x30, 0x0, 0x0, 0x0,
    0x0, 0x0, 0x0, 0x0, 0x0, 0x0,

    /* U+0059 "Y" */
    0x4f, 0xff, 0xff, 0xff, 0xfd, 0x0, 0x0, 0x0,
    0x0, 0x0, 0x0, 0x0, 0x0, 0x3, 0xff, 0xff,
    0xff, 0xff, 0xf5, 0x0, 0x0, 0x0, 0x0, 0x78,
    0x88, 0x88, 0x70, 0x3f, 0xff, 0xff, 0xff, 0xff,
    0xd0, 0x0, 0x0, 0x0, 0x4f, 0xff, 0xff, 0xfc,
    0x1, 0x78, 0xaf, 0xff, 0xff, 0xff, 0x60, 0x0,
    0x0, 0x9, 0xff, 0xff, 0xff, 0x60, 0x0, 0x0,
    0xbf, 0xff, 0xff, 0xfe, 0x0, 0x0, 0x0, 0xef,
    0xff, 0xff, 0xf1, 0x0, 0x0, 0x2, 0xff, 0xff,
    0xff, 0xf6, 0x0, 0x0, 0x4f, 0xff, 0xff, 0xfa,
    0x0, 0x0, 0x0, 0xa, 0xff, 0xff, 0xff, 0xe0,
    0x0, 0xa, 0xff, 0xff, 0xff, 0x40, 0x0, 0x0,
    0x0, 0x1f, 0xff, 0xff, 0xff, 0x70, 0x0, 0xff,
    0xff, 0xff, 0xe0, 0x0, 0x0, 0x0, 0x0, 0x8f,
    0xff, 0xff, 0xfe, 0x0, 0x5f, 0xff, 0xff, 0xf8,
    0x0, 0x0, 0x0, 0x0, 0x1, 0xff, 0xff, 0xff,
    0xf8, 0xa, 0xff, 0xff, 0xff, 0x20, 0x0, 0x0,
    0x0, 0x0, 0x7, 0xff, 0xff, 0xff, 0xf2, 0xff,
    0xff, 0xff, 0xc0, 0x0, 0x0, 0x0, 0x0, 0x0,
    0xe, 0xff, 0xff, 0xff, 0xdf, 0xff, 0xff, 0xf6,
    0x0, 0x0, 0x0, 0x0, 0x0, 0x0, 0x6f, 0xff,
    0xff, 0xff, 0xff, 0xff, 0xff, 0x10, 0x0, 0x0,
    0x0, 0x0, 0x0, 0x0, 0xdf, 0xff, 0xff, 0xff,
    0xff, 0xff, 0xa0, 0x0, 0x0, 0x0, 0x0, 0x0,
    0x0, 0x5, 0xff, 0xff, 0xff, 0xff, 0xff, 0xf4,
    0x0, 0x0, 0x0, 0x0, 0x0, 0x0, 0x0, 0xc,
    0xff, 0xff, 0xff, 0xff, 0xfe, 0x0, 0x0, 0x0,
    0x0, 0x0, 0x0, 0x0, 0x0, 0x4f, 0xff, 0xff,
    0xff, 0xff, 0x80, 0x0, 0x0, 0x0, 0x0, 0x0,
    0x0, 0x0, 0x0, 0xbf, 0xff, 0xff, 0xff, 0xf2,
    0x0, 0x0, 0x0, 0x0, 0x0, 0x0, 0x0, 0x0,
    0x3, 0xff, 0xff, 0xff, 0xfc, 0x0, 0x0, 0x0,
    0x0, 0x0, 0x0, 0x0, 0x0, 0x0, 0xd, 0xff,
    0xff, 0xff, 0x60, 0x0, 0x0, 0x0, 0x0, 0x0,
    0x0, 0x0, 0x0, 0x2, 0xff, 0xff, 0xff, 0xf1,
    0x0, 0x0, 0x0, 0x0, 0x0, 0x0, 0x0, 0x0,
    0x0, 0x8f, 0xff, 0xff, 0xfa, 0x0, 0x0, 0x0,
    0x0, 0x0, 0x0, 0x0, 0x0, 0x0, 0xd, 0xff,
    0xff, 0xff, 0x40, 0x0, 0x0, 0x0, 0x0, 0x0,
    0x0, 0x0, 0x0, 0x3, 0xff, 0xff, 0xff, 0xe0,
    0x0, 0x0, 0x0, 0x0, 0x0, 0x0, 0x0, 0x0,
    0x0, 0x8f, 0xff, 0xff, 0xf8, 0x0, 0x0, 0x0,
    0x0, 0x0, 0x0, 0x0, 0x0, 0x0, 0xe, 0xff,
    0xff, 0xff, 0x20, 0x0, 0x0, 0x0, 0x0, 0x0,
    0x0, 0x0, 0x0, 0x3, 0xff, 0xff, 0xff, 0xc0,
    0x0, 0x0, 0x0, 0x0, 0x0, 0x0, 0x0, 0x0,
    0x0, 0x9f, 0xff, 0xff, 0xf6, 0x0, 0x0, 0x0,
    0x0, 0x0, 0x0, 0x0, 0x0, 0x0, 0xe, 0xff,
    0xff, 0xff, 0x10, 0x0, 0x0, 0x0, 0x0, 0x0,
    0x0, 0x0, 0x0, 0x4, 0xff, 0xff, 0xff, 0xa0,
    0x0, 0x0, 0x0, 0x0, 0x0, 0x0, 0x0, 0x0,
    0x0, 0x9f, 0xff, 0xff, 0xf4, 0x0, 0x0, 0x0,
    0x0, 0x0, 0x0, 0x0, 0x0, 0x0, 0xc, 0xcb,
    0x98, 0x75, 0x0, 0x0, 0x0, 0x0, 0x0, 0x0,

    /* U+005A "Z" */
    0x0, 0x0, 0x0, 0x0, 0x0, 0x1, 0x23, 0x45,
    0x56, 0x78, 0x9a, 0xbb, 0xc9, 0x39, 0x9a, 0xbc,
    0xde, 0xff, 0xff, 0xff, 0xff, 0xff, 0xff, 0xff,
    0xff, 0xf4, 0x4f, 0xff, 0xff, 0xff, 0xff, 0xff,
    0xff, 0xff, 0xff, 0xff, 0xff, 0xff, 0xd0, 0x2f,
    0xff, 0xff, 0xff, 0xff, 0xff, 0xff, 0xff, 0xff,
    0xff, 0xff, 0xff, 0x60, 0xf, 0xff, 0xff, 0xff,
    0xff, 0xff, 0xff, 0xff, 0xff, 0xff, 0xff, 0xfe,
    0x0, 0xe, 0xff, 0xff, 0xff, 0xff, 0xff, 0xff,
    0xff, 0xff, 0xff, 0xff, 0xf7, 0x0, 0xc, 0xff,
    0xff, 0xff, 0xff, 0xff, 0xff, 0xff, 0xff, 0xff,
    0xff, 0xf1, 0x0, 0xa, 0xff, 0xff, 0xed, 0xca,
    0x98, 0x6e, 0xff, 0xff, 0xff, 0xff, 0x80, 0x0,
    0x2, 0x32, 0x10, 0x0, 0x0, 0x0, 0x3f, 0xff,
    0xff, 0xff, 0xff, 0x10, 0x0, 0x0, 0x0, 0x0,
    0x0, 0x0, 0x0, 0xaf, 0xff, 0xff, 0xff, 0xfa,
    0x0, 0x0, 0x0, 0x0, 0x0, 0x0, 0x0, 0x1,
    0xff, 0xff, 0xff, 0xff, 0xf3, 0x0, 0x0, 0x0,
    0x0, 0x0, 0x0, 0x0, 0x8, 0xff, 0xff, 0xff,
    0xff, 0xb0, 0x0, 0x0, 0x0, 0x0, 0x0, 0x0,
    0x0, 0xe, 0xff, 0xff, 0xff, 0xff, 0x40, 0x0,
    0x0, 0x0, 0x0, 0x0, 0x0, 0x0, 0x6f, 0xff,
    0xff, 0xff, 0xfd, 0x0, 0x0, 0x0, 0x0, 0x0,
    0x0, 0x0, 0x0, 0xdf, 0xff, 0xff, 0xff, 0xf5,
    0x0, 0x0, 0x0, 0x0, 0x0, 0x0, 0x0, 0x4,
    0xff, 0xff, 0xff, 0xff, 0xe0, 0x0, 0x0, 0x0,
    0x0, 0x0, 0x0, 0x0, 0xb, 0xff, 0xff, 0xff,
    0xff, 0x70, 0x0, 0x0, 0x0, 0x0, 0x0, 0x0,
    0x0, 0x2f, 0xff, 0xff, 0xff, 0xff, 0x0, 0x0,
    0x0, 0x0, 0x0, 0x0, 0x0, 0x0, 0x9f, 0xff,
    0xff, 0xff, 0xf8, 0x0, 0x0, 0x0, 0x0, 0x0,
    0x0, 0x0, 0x1, 0xff, 0xff, 0xff, 0xff, 0xf1,
    0x0, 0x0, 0x0, 0x0, 0x0, 0x0, 0x0, 0x7,
    0xff, 0xff, 0xff, 0xff, 0xa0, 0x0, 0x0, 0x0,
    0x0, 0x0, 0x0, 0x0, 0xe, 0xff, 0xff, 0xff,
    0xff, 0x20, 0x0, 0x0, 0x0, 0x0, 0x0, 0x0,
    0x0, 0x5f, 0xff, 0xff, 0xff, 0xfb, 0x0, 0x0,
    0x0, 0x0, 0x0, 0x0, 0x0, 0x0, 0xcf, 0xff,
    0xff, 0xff, 0xf4, 0x0, 0x0, 0x0, 0x0, 0x0,
    0x0, 0x0, 0x4, 0xff, 0xff, 0xff, 0xff, 0xd0,
    0x0, 0x0, 0x0, 0x0, 0x0, 0x0, 0x0, 0xb,
    0xff, 0xff, 0xff, 0xff, 0x62, 0x34, 0x56, 0x89,
    0xab, 0xca, 0x0, 0x0, 0x2f, 0xff, 0xff, 0xff,
    0xff, 0xff, 0xff, 0xff, 0xff, 0xff, 0xfb, 0x0,
    0x0, 0x9f, 0xff, 0xff, 0xff, 0xff, 0xff, 0xff,
    0xff, 0xff, 0xff, 0xfa, 0x0, 0x1, 0xff, 0xff,
    0xff, 0xff, 0xff, 0xff, 0xff, 0xff, 0xff, 0xff,
    0xf9, 0x0, 0x7, 0xff, 0xff, 0xff, 0xff, 0xff,
    0xff, 0xff, 0xff, 0xff, 0xff, 0xf8, 0x0, 0xe,
    0xff, 0xff, 0xff, 0xff, 0xff, 0xff, 0xff, 0xff,
    0xff, 0xed, 0xc5, 0x0, 0x5f, 0xfe, 0xdc, 0xba,
    0x98, 0x76, 0x55, 0x43, 0x21, 0x0, 0x0, 0x0,
    0x0, 0x0, 0x0, 0x0, 0x0, 0x0, 0x0, 0x0,
    0x0, 0x0, 0x0, 0x0, 0x0,

    /* U+005B "[" */
    0x0, 0x0, 0x0, 0x0, 0x0, 0x0, 0x2, 0x20,
    0x0, 0x1, 0x35, 0x79, 0xac, 0xef, 0xf8, 0xb,
    0xdf, 0xff, 0xff, 0xff, 0xff, 0xff, 0x60, 0xff,
    0xff, 0xff, 0xff, 0xff, 0xff, 0xf5, 0x1f, 0xff,
    0xff, 0xff, 0xff, 0xff, 0xff, 0x41, 0xff, 0xff,
    0xff, 0xff, 0xff, 0xff, 0xf3, 0x1f, 0xff, 0xff,
    0xff, 0xff, 0xff, 0xff, 0x22, 0xff, 0xff, 0xff,
    0xff, 0xec, 0x97, 0x40, 0x2f, 0xff, 0xff, 0xff,
    0x60, 0x0, 0x0, 0x3, 0xff, 0xff, 0xff, 0xf5,
    0x0, 0x0, 0x0, 0x3f, 0xff, 0xff, 0xff, 0x40,
    0x0, 0x0, 0x4, 0xff, 0xff, 0xff, 0xf3, 0x0,
    0x0, 0x0, 0x4f, 0xff, 0xff, 0xff, 0x20, 0x0,
    0x0, 0x5, 0xff, 0xff, 0xff, 0xf1, 0x0, 0x0,
    0x0, 0x5f, 0xff, 0xff, 0xff, 0x0, 0x0, 0x0,
    0x6, 0xff, 0xff, 0xff, 0xf0, 0x0, 0x0, 0x0,
    0x6f, 0xff, 0xff, 0xfe, 0x0, 0x0, 0x0, 0x7,
    0xff, 0xff, 0xff, 0xd0, 0x0, 0x0, 0x0, 0x7f,
    0xff, 0xff, 0xfc, 0x0, 0x0, 0x0, 0x7, 0xff,
    0xff, 0xff, 0xb0, 0x0, 0x0, 0x0, 0x8f, 0xff,
    0xff, 0xfa, 0x0, 0x0, 0x0, 0x8, 0xff, 0xff,
    0xff, 0x90, 0x0, 0x0, 0x0, 0x9f, 0xff, 0xff,
    0xf7, 0x0, 0x0, 0x0, 0x9, 0xff, 0xff, 0xff,
    0x60, 0x0, 0x0, 0x0, 0xaf, 0xff, 0xff, 0xf5,
    0x0, 0x0, 0x0, 0xa, 0xff, 0xff, 0xff, 0x40,
    0x0, 0x0, 0x0, 0xbf, 0xff, 0xff, 0xf3, 0x0,
    0x0, 0x0, 0xb, 0xff, 0xff, 0xff, 0x20, 0x25,
    0x84, 0x0, 0xcf, 0xff, 0xff, 0xfd, 0xff, 0xff,
    0x50, 0xc, 0xff, 0xff, 0xff, 0xff, 0xff, 0xf4,
    0x0, 0xdf, 0xff, 0xff, 0xff, 0xff, 0xff, 0x30,
    0xd, 0xff, 0xff, 0xff, 0xff, 0xff, 0xf2, 0x0,
    0xdf, 0xff, 0xff, 0xff, 0xff, 0xff, 0x10, 0xe,
    0xff, 0xff, 0xff, 0xff, 0xfc, 0x90, 0x0, 0xef,
    0xfe, 0xc9, 0x64, 0x10, 0x0, 0x0, 0x6, 0x41,
    0x0, 0x0, 0x0, 0x0, 0x0, 0x0,

    /* U+005C "\\" */
    0x0, 0x0, 0x0, 0x0, 0x0, 0x0, 0x0, 0x0,
    0x0, 0x0, 0x0, 0x0, 0xad, 0xa8, 0x63, 0x10,
    0x0, 0x0, 0x0, 0x0, 0x0, 0x0, 0x0, 0x0,
    0x2f, 0xff, 0xff, 0xfe, 0x50, 0x0, 0x0, 0x0,
    0x0, 0x0, 0x0, 0x0, 0xa, 0xff, 0xff, 0xff,
    0xd0, 0x0, 0x0, 0x0, 0x0, 0x0, 0x0, 0x0,
    0x2, 0xff, 0xff, 0xff, 0xf6, 0x0, 0x0, 0x0,
    0x0, 0x0, 0x0, 0x0, 0x0, 0x9f, 0xff, 0xff,
    0xfe, 0x0, 0x0, 0x0, 0x0, 0x0, 0x0, 0x0,
    0x0, 0x1f, 0xff, 0xff, 0xff, 0x60, 0x0, 0x0,
    0x0, 0x0, 0x0, 0x0, 0x0, 0x8, 0xff, 0xff,
    0xff, 0xe0, 0x0, 0x0, 0x0, 0x0, 0x0, 0x0,
    0x0, 0x1, 0xff, 0xff, 0xff, 0xf6, 0x0, 0x0,
    0x0, 0x0, 0x0, 0x0, 0x0, 0x0, 0x8f, 0xff,
    0xff, 0xfe, 0x0, 0x0, 0x0, 0x0, 0x0, 0x0,
    0x0, 0x0, 0x1e, 0xff, 0xff, 0xff, 0x70, 0x0,
    0x0, 0x0, 0x0, 0x0, 0x0, 0x0, 0x7, 0xff,
    0xff, 0xff, 0xe0, 0x0, 0x0, 0x0, 0x0, 0x0,
    0x0, 0x0, 0x0, 0xef, 0xff, 0xff, 0xf7, 0x0,
    0x0, 0x0, 0x0, 0x0, 0x0, 0x0, 0x0, 0x7f,
    0xff, 0xff, 0xfe, 0x0, 0x0, 0x0, 0x0, 0x0,
    0x0, 0x0, 0x0, 0xe, 0xff, 0xff, 0xff, 0x70,
    0x0, 0x0, 0x0, 0x0, 0x0, 0x0, 0x0, 0x6,
    0xff, 0xff, 0xff, 0xe1, 0x0, 0x0, 0x0, 0x0,
    0x0, 0x0, 0x0, 0x0, 0xdf, 0xff, 0xff, 0xf8,
    0x0, 0x0, 0x0, 0x0, 0x0, 0x0, 0x0, 0x0,
    0x5f, 0xff, 0xff, 0xff, 0x10, 0x0, 0x0, 0x0,
    0x0, 0x0, 0x0, 0x0, 0xd, 0xff, 0xff, 0xff,
    0x80, 0x0, 0x0, 0x0, 0x0, 0x0, 0x0, 0x0,
    0x5, 0xff, 0xff, 0xff, 0xf1, 0x0, 0x0, 0x0,
    0x0, 0x0, 0x0, 0x0, 0x0, 0xcf, 0xff, 0xff,
    0xf8, 0x0, 0x0, 0x0, 0x0, 0x0, 0x0, 0x0,
    0x0, 0x4f, 0xff, 0xff, 0xff, 0x10, 0x0, 0x0,
    0x0, 0x0, 0x0, 0x0, 0x0, 0xc, 0xff, 0xff,
    0xff, 0x90, 0x0, 0x0, 0x0, 0x0, 0x0, 0x0,
    0x0, 0x3, 0xff, 0xff, 0xff, 0xf1, 0x0, 0x0,
    0x0, 0x0, 0x0, 0x0, 0x0, 0x0, 0xbf, 0xff,
    0xff, 0xf9, 0x0, 0x0, 0x0, 0x0, 0x0, 0x0,
    0x0, 0x0, 0x3f, 0xff, 0xff, 0xff, 0x10, 0x0,
    0x0, 0x0, 0x0, 0x0, 0x0, 0x0, 0xb, 0xff,
    0xff, 0xff, 0x90, 0x0, 0x0, 0x0, 0x0, 0x0,
    0x0, 0x0, 0x2, 0xff, 0xff, 0xff, 0xf2, 0x0,
    0x0, 0x0, 0x0, 0x0, 0x0, 0x0, 0x0, 0xaf,
    0xff, 0xff, 0xfa, 0x0, 0x0, 0x0, 0x0, 0x0,
    0x0, 0x0, 0x0, 0x2f, 0xff, 0xff, 0xff, 0x20,
    0x0, 0x0, 0x0, 0x0, 0x0, 0x0, 0x0, 0x0,
    0x36, 0xae, 0xff, 0xa0, 0x0, 0x0, 0x0, 0x0,
    0x0, 0x0, 0x0, 0x0, 0x0, 0x0, 0x25, 0x91,

    /* U+005D "]" */
    0x0, 0x0, 0x0, 0x0, 0x2, 0x47, 0x9b, 0x70,
    0x13, 0x57, 0x9c, 0xef, 0xff, 0xff, 0xf8, 0xd,
    0xff, 0xff, 0xff, 0xff, 0xff, 0xff, 0x70, 0xff,
    0xff, 0xff, 0xff, 0xff, 0xff, 0xf6, 0x2f, 0xff,
    0xff, 0xff, 0xff, 0xff, 0xff, 0x64, 0xff, 0xff,
    0xff, 0xff, 0xff, 0xff, 0xf5, 0x6f, 0xff, 0xff,
    0xff, 0xff, 0xff, 0xff, 0x46, 0xba, 0x87, 0x54,
    0x2d, 0xff, 0xff, 0xf4, 0x0, 0x0, 0x0, 0x0,
    0xdf, 0xff, 0xff, 0x30, 0x0, 0x0, 0x0, 0xe,
    0xff, 0xff, 0xf2, 0x0, 0x0, 0x0, 0x0, 0xff,
    0xff, 0xff, 0x20, 0x0, 0x0, 0x0, 0xf, 0xff,
    0xff, 0xf1, 0x0, 0x0, 0x0, 0x1, 0xff, 0xff,
    0xff, 0x10, 0x0, 0x0, 0x0, 0x1f, 0xff, 0xff,
    0xf0, 0x0, 0x0, 0x0, 0x2, 0xff, 0xff, 0xff,
    0x0, 0x0, 0x0, 0x0, 0x3f, 0xff, 0xff, 0xf0,
    0x0, 0x0, 0x0, 0x4, 0xff, 0xff, 0xfe, 0x0,
    0x0, 0x0, 0x0, 0x5f, 0xff, 0xff, 0xd0, 0x0,
    0x0, 0x0, 0x5, 0xff, 0xff, 0xfd, 0x0, 0x0,
    0x0, 0x0, 0x6f, 0xff, 0xff, 0xc0, 0x0, 0x0,
    0x0, 0x7, 0xff, 0xff, 0xfb, 0x0, 0x0, 0x0,
    0x0, 0x8f, 0xff, 0xff, 0xb0, 0x0, 0x0, 0x0,
    0x9, 0xff, 0xff, 0xfa, 0x0, 0x0, 0x0, 0x0,
    0x9f, 0xff, 0xff, 0x90, 0x1, 0x79, 0xbd, 0xff,
    0xff, 0xff, 0xf9, 0x0, 0x5f, 0xff, 0xff, 0xff,
    0xff, 0xff, 0x80, 0x7, 0xff, 0xff, 0xff, 0xff,
    0xff, 0xf7, 0x0, 0x8f, 0xff, 0xff, 0xff, 0xff,
    0xff, 0x70, 0xa, 0xff, 0xff, 0xff, 0xff, 0xff,
    0xf6, 0x0, 0xbf, 0xff, 0xff, 0xff, 0xff, 0xff,
    0x60, 0xc, 0xff, 0xfe, 0xca, 0x86, 0x53, 0x10,
    0x0, 0x43, 0x10, 0x0, 0x0, 0x0, 0x0, 0x0,

    /* U+005E "^" */
    0x0, 0x0, 0x0, 0x0, 0x41, 0x0, 0x0, 0x0,
    0x0, 0x0, 0x0, 0x5, 0xaf, 0xff, 0xc6, 0x10,
    0x0, 0x0, 0x0, 0x5a, 0xff, 0xff, 0xff, 0xff,
    0xfb, 0x50, 0x0, 0xf, 0xff, 0xff, 0xff, 0xff,
    0xff, 0xff, 0xff, 0xa0, 0x3f, 0xff, 0xff, 0xff,
    0xdf, 0xff, 0xff, 0xff, 0xf2, 0x5f, 0xff, 0xfc,
    0x72, 0x1, 0x6b, 0xff, 0xff, 0xf3, 0x7f, 0xa5,
    0x10, 0x0, 0x0, 0x0, 0x16, 0xbf, 0xf5, 0x20,
    0x0, 0x0, 0x0, 0x0, 0x0, 0x0, 0x1, 0x64,

    /* U+005F "_" */
    0x3, 0xcc, 0xcc, 0xcc, 0xcc, 0xcc, 0xcc, 0xcc,
    0xcc, 0xcc, 0xc1, 0xb, 0xff, 0xff, 0xff, 0xff,
    0xff, 0xff, 0xff, 0xff, 0xff, 0xd0, 0x3f, 0xff,
    0xff, 0xff, 0xff, 0xff, 0xff, 0xff, 0xff, 0xff,
    0x90,

    /* U+0060 "`" */
    0x0, 0x1, 0xb3, 0x0, 0x0, 0x0, 0x0, 0x0,
    0xaf, 0xfa, 0x20, 0x0, 0x0, 0x0, 0x4f, 0xff,
    0xff, 0x81, 0x0, 0x0, 0xd, 0xff, 0xff, 0xff,
    0xe6, 0x0, 0x8, 0xff, 0xff, 0xff, 0xff, 0xfc,
    0x0, 0x6a, 0xdf, 0xff, 0xff, 0xff, 0x70, 0x0,
    0x0, 0x3, 0x69, 0xcf, 0xc0, 0x0, 0x0, 0x0,
    0x0, 0x0, 0x1, 0x0,

    /* U+0061 "a" */
    0x0, 0x0, 0x0, 0x0, 0x0, 0x0, 0x0, 0x1,
    0x70, 0x0, 0x0, 0x0, 0x0, 0x0, 0x0, 0x1,
    0x8f, 0xf0, 0x0, 0x0, 0x0, 0x0, 0x0, 0x2,
    0xaf, 0xff, 0xf0, 0x0, 0x0, 0x0, 0x5a, 0xdf,
    0xff, 0xff, 0xff, 0xf0, 0x0, 0x0, 0x3c, 0xff,
    0xff, 0xff, 0xff, 0xff, 0xf0, 0x0, 0x4, 0xff,
    0xff, 0xff, 0xef, 0xff, 0xff, 0xf0, 0x0, 0x3f,
    0xff, 0xff, 0xa2, 0xef, 0xff, 0xff, 0xf0, 0x0,
    0xef, 0xff, 0xf9, 0x5, 0xff, 0xff, 0xff, 0xf0,
    0x8, 0xff, 0xff, 0xe0, 0x5, 0xff, 0xff, 0xff,
    0xf1, 0xf, 0xff, 0xff, 0xa0, 0x0, 0xaf, 0xff,
    0xff, 0xf2, 0x4f, 0xff, 0xff, 0xb0, 0x0, 0x4f,
    0xff, 0xff, 0xf3, 0x7f, 0xff, 0xff, 0xf4, 0x0,
    0x4f, 0xff, 0xff, 0xf2, 0x8f, 0xff, 0xff, 0xff,
    0xa5, 0x7f, 0xff, 0xff, 0xf2, 0x7f, 0xff, 0xff,
    0xff, 0xff, 0xff, 0xff, 0xff, 0xf2, 0x6f, 0xff,
    0xff, 0xff, 0xff, 0xff, 0xff, 0xff, 0xf3, 0x2f,
    0xff, 0xff, 0xff, 0xff, 0xff, 0xff, 0xff, 0xf3,
    0xd, 0xff, 0xff, 0xff, 0xff, 0xff, 0xff, 0xff,
    0xf3, 0x6, 0xff, 0xff, 0xff, 0xff, 0xff, 0xff,
    0xff, 0xf3, 0x0, 0xbf, 0xff, 0xff, 0xff, 0xff,
    0xff, 0xff, 0xf4, 0x0, 0xc, 0xff, 0xff, 0xff,
    0xff, 0xff, 0xff, 0xf4, 0x0, 0x0, 0x6b, 0xef,
    0xeb, 0x9f, 0xff, 0xff, 0xf4,

    /* U+0062 "b" */
    0x0, 0x0, 0x0, 0x28, 0x30, 0x0, 0x0, 0x0,
    0x0, 0x0, 0x0, 0x4, 0xaf, 0xf3, 0x0, 0x0,
    0x0, 0x0, 0x0, 0x0, 0x6d, 0xff, 0xff, 0x40,
    0x0, 0x0, 0x0, 0x0, 0x3, 0xef, 0xff, 0xff,
    0xf4, 0x0, 0x0, 0x0, 0x0, 0x0, 0x6f, 0xff,
    0xff, 0xff, 0x40, 0x0, 0x0, 0x0, 0x0, 0xa,
    0xff, 0xff, 0xff, 0xf4, 0x0, 0x0, 0x0, 0x0,
    0x0, 0xba, 0xef, 0xff, 0xff, 0x40, 0x0, 0x0,
    0x0, 0x0, 0x0, 0xc, 0xff, 0xff, 0xf5, 0x0,
    0x0, 0x0, 0x0, 0x0, 0x0, 0xcf, 0xff, 0xff,
    0x50, 0x0, 0x0, 0x0, 0x0, 0x0, 0xc, 0xff,
    0xff, 0xf5, 0x0, 0x0, 0x0, 0x0, 0x0, 0x0,
    0xcf, 0xff, 0xff, 0x9a, 0xef, 0xeb, 0x60, 0x0,
    0x0, 0xd, 0xff, 0xff, 0xff, 0xff, 0xff, 0xff,
    0xe5, 0x0, 0x0, 0xdf, 0xff, 0xff, 0xff, 0xff,
    0xdf, 0xff, 0xf7, 0x0, 0xd, 0xff, 0xff, 0xff,
    0xf6, 0x1d, 0xff, 0xff, 0xf2, 0x0, 0xdf, 0xff,
    0xff, 0xf6, 0x9, 0xff, 0xdc, 0xff, 0x80, 0xd,
    0xff, 0xff, 0xfc, 0x0, 0xaf, 0xf4, 0xbf, 0xfc,
    0x0, 0xdf, 0xff, 0xff, 0x70, 0x3, 0xa4, 0xe,
    0xff, 0xd0, 0xe, 0xff, 0xff, 0xf7, 0x0, 0x0,
    0x3, 0xff, 0xfe, 0x0, 0xef, 0xff, 0xff, 0xd0,
    0x0, 0x0, 0x9f, 0xff, 0xe0, 0xe, 0xff, 0xff,
    0xff, 0xd4, 0x1, 0x7f, 0xff, 0xfd, 0x0, 0xef,
    0xff, 0xff, 0xff, 0xff, 0xff, 0xff, 0xff, 0xa0,
    0xe, 0xff, 0xff, 0xff, 0xff, 0xff, 0xff, 0xff,
    0xf5, 0x0, 0xef, 0xff, 0xff, 0xff, 0xff, 0xff,
    0xff, 0xfd, 0x0, 0xf, 0xff, 0xff, 0xff, 0xff,
    0xff, 0xff, 0xff, 0x40, 0x0, 0xff, 0xff, 0xff,
    0xff, 0xff, 0xff, 0xff, 0x90, 0x0, 0xf, 0xff,
    0xff, 0xff, 0xff, 0xff, 0xff, 0xc0, 0x0, 0x0,
    0xff, 0xff, 0xff, 0xff, 0xff, 0xff, 0xa0, 0x0,
    0x0, 0xf, 0xff, 0xff, 0xff, 0xff, 0xe9, 0x20,
    0x0, 0x0, 0x0, 0xff, 0xff, 0xff, 0xb4, 0x20,
    0x0, 0x0, 0x0, 0x0,

    /* U+0063 "c" */
    0x0, 0x0, 0x0, 0x17, 0xbe, 0xfe, 0xb5, 0x0,
    0x0, 0x0, 0x0, 0x0, 0x5f, 0xff, 0xff, 0xff,
    0xfd, 0x20, 0x0, 0x0, 0x0, 0x6f, 0xff, 0xff,
    0xff, 0xff, 0xfe, 0x10, 0x0, 0x0, 0x3f, 0xff,
    0xff, 0xff, 0xff, 0xff, 0xfc, 0x0, 0x0, 0xd,
    0xff, 0xff, 0xff, 0xff, 0xff, 0xff, 0xf5, 0x0,
    0x8, 0xff, 0xff, 0xff, 0xff, 0xff, 0xff, 0xff,
    0xc0, 0x0, 0xff, 0xff, 0xff, 0xe8, 0x46, 0xef,
    0xfd, 0x96, 0x0, 0x6f, 0xff, 0xff, 0xc1, 0x0,
    0x3, 0x40, 0x0, 0x0, 0xb, 0xff, 0xff, 0xf3,
    0x0, 0x0, 0x0, 0x0, 0x0, 0x0, 0xff, 0xff,
    0xff, 0x0, 0x0, 0x0, 0x0, 0x0, 0x0, 0x2f,
    0xff, 0xff, 0xd0, 0x0, 0x0, 0x0, 0x0, 0x0,
    0x3, 0xff, 0xff, 0xfd, 0x0, 0x0, 0x9, 0xeb,
    0x85, 0x10, 0x3f, 0xff, 0xff, 0xf1, 0x0, 0x3,
    0xff, 0xff, 0xfe, 0x0, 0xff, 0xff, 0xff, 0x90,
    0x2, 0xdf, 0xff, 0xff, 0x80, 0xb, 0xff, 0xff,
    0xff, 0xed, 0xff, 0xff, 0xff, 0xd0, 0x0, 0x3f,
    0xff, 0xff, 0xff, 0xff, 0xff, 0xff, 0xf3, 0x0,
    0x0, 0x6f, 0xff, 0xff, 0xff, 0xff, 0xff, 0xf4,
    0x0, 0x0, 0x0, 0x4e, 0xff, 0xff, 0xff, 0xff,
    0xc2, 0x0, 0x0, 0x0, 0x0, 0x6, 0xbe, 0xfe,
    0xd9, 0x40, 0x0, 0x0, 0x0,

    /* U+0064 "d" */
    0x0, 0x0, 0x0, 0x0, 0x0, 0x0, 0x0, 0x0,
    0x40, 0x0, 0x0, 0x0, 0x0, 0x0, 0x0, 0x1,
    0x8f, 0xb0, 0x0, 0x0, 0x0, 0x0, 0x0, 0x2,
    0x9f, 0xff, 0xc0, 0x0, 0x0, 0x0, 0x0, 0x0,
    0x5f, 0xff, 0xff, 0xc0, 0x0, 0x0, 0x0, 0x0,
    0x0, 0x6f, 0xff, 0xff, 0xc0, 0x0, 0x0, 0x0,
    0x0, 0x0, 0x6f, 0xff, 0xff, 0xc0, 0x0, 0x0,
    0x0, 0x0, 0x0, 0x5f, 0xff, 0xff, 0xd0, 0x0,
    0x0, 0x0, 0x0, 0x0, 0x5f, 0xff, 0xff, 0xd0,
    0x0, 0x0, 0x0, 0x0, 0x0, 0x5f, 0xff, 0xff,
    0xd0, 0x0, 0x0, 0x0, 0x0, 0x0, 0x5f, 0xff,
    0xff, 0xe0, 0x0, 0x0, 0x0, 0x0, 0x0, 0x5f,
    0xff, 0xff, 0xe0, 0x0, 0x0, 0x0, 0x0, 0x0,
    0x5f, 0xff, 0xff, 0xe0, 0x0, 0x0, 0x0, 0x0,
    0x0, 0x4f, 0xff, 0xff, 0xe0, 0x0, 0x0, 0x0,
    0x0, 0x0, 0x4f, 0xff, 0xff, 0xf0, 0x0, 0x0,
    0x0, 0x0, 0x0, 0x4f, 0xff, 0xff, 0xf0, 0x0,
    0x0, 0x0, 0x5a, 0xdf, 0xff, 0xff, 0xff, 0xf0,
    0x0, 0x0, 0x3c, 0xff, 0xff, 0xff, 0xff, 0xff,
    0xf0, 0x0, 0x4, 0xff, 0xff, 0xff, 0xef, 0xff,
    0xff, 0xf0, 0x0, 0x3f, 0xff, 0xff, 0xa2, 0xef,
    0xff, 0xff, 0xf0, 0x0, 0xef, 0xff, 0xf9, 0x5,
    0xff, 0xff, 0xff, 0xf0, 0x8, 0xff, 0xff, 0xe0,
    0x5, 0xff, 0xff, 0xff, 0xf1, 0xf, 0xff, 0xff,
    0xa0, 0x0, 0xaf, 0xff, 0xff, 0xf2, 0x4f, 0xff,
    0xff, 0xb0, 0x0, 0x4f, 0xff, 0xff, 0xf3, 0x7f,
    0xff, 0xff, 0xf4, 0x0, 0x4f, 0xff, 0xff, 0xf2,
    0x8f, 0xff, 0xff, 0xff, 0xa5, 0x7f, 0xff, 0xff,
    0xf2, 0x7f, 0xff, 0xff, 0xff, 0xff, 0xff, 0xff,
    0xff, 0xf2, 0x6f, 0xff, 0xff, 0xff, 0xff, 0xff,
    0xff, 0xff, 0xf3, 0x2f, 0xff, 0xff, 0xff, 0xff,
    0xff, 0xff, 0xff, 0xf3, 0xd, 0xff, 0xff, 0xff,
    0xff, 0xff, 0xff, 0xff, 0xf3, 0x6, 0xff, 0xff,
    0xff, 0xff, 0xff, 0xff, 0xff, 0xf3, 0x0, 0xbf,
    0xff, 0xff, 0xff, 0xff, 0xff, 0xff, 0xf4, 0x0,
    0xc, 0xff, 0xff, 0xff, 0xff, 0xff, 0xff, 0xf4,
    0x0, 0x0, 0x6b, 0xef, 0xeb, 0x9f, 0xff, 0xff,
    0xf4,

    /* U+0065 "e" */
    0x0, 0x0, 0x0, 0x2, 0x57, 0x87, 0x63, 0x0,
    0x0, 0x0, 0x0, 0x0, 0x5d, 0xff, 0xff, 0xff,
    0xfe, 0x60, 0x0, 0x0, 0x0, 0xaf, 0xff, 0xff,
    0xff, 0xff, 0xff, 0xc1, 0x0, 0x0, 0xaf, 0xff,
    0xff, 0xff, 0xff, 0xff, 0xfb, 0x0, 0x0, 0x6f,
    0xff, 0xff, 0xff, 0xff, 0xff, 0xfd, 0x10, 0x0,
    0x1e, 0xff, 0xfe, 0x50, 0x1d, 0xff, 0xff, 0x30,
    0x0, 0x7, 0xff, 0xff, 0x30, 0x6, 0xff, 0xff,
    0x50, 0x0, 0x0, 0xcf, 0xff, 0xc0, 0x3, 0xff,
    0xff, 0x80, 0x0, 0x0, 0xf, 0xff, 0xf8, 0x1,
    0xdf, 0xff, 0xb0, 0x0, 0x0, 0x2, 0xff, 0xff,
    0x90, 0xbf, 0xff, 0xd1, 0x8, 0x0, 0x0, 0x4f,
    0xff, 0xfc, 0x7f, 0xff, 0xf2, 0x7, 0xfa, 0x0,
    0x4, 0xff, 0xff, 0xff, 0xff, 0xf5, 0x5, 0xff,
    0xf7, 0x0, 0x3f, 0xff, 0xff, 0xff, 0xfb, 0x5a,
    0xff, 0xff, 0xf4, 0x0, 0xff, 0xff, 0xff, 0xff,
    0xff, 0xff, 0xff, 0xff, 0xe0, 0xa, 0xff, 0xff,
    0xff, 0xff, 0xff, 0xff, 0xff, 0xf7, 0x0, 0x2f,
    0xff, 0xff, 0xff, 0xff, 0xff, 0xff, 0xf9, 0x0,
    0x0, 0x4f, 0xff, 0xff, 0xff, 0xff, 0xff, 0xb4,
    0x0, 0x0, 0x0, 0x18, 0xce, 0xff, 0xeb, 0x84,
    0x10, 0x0, 0x0,

    /* U+0066 "f" */
    0x0, 0x0, 0x0, 0x0, 0x0, 0x15, 0x9c, 0xef,
    0xfc, 0x71, 0x0, 0x0, 0x0, 0x0, 0x1, 0x6b,
    0xff, 0xff, 0xff, 0xff, 0xff, 0x50, 0x0, 0x0,
    0x0, 0x4e, 0xff, 0xff, 0xff, 0xff, 0xff, 0xff,
    0xf3, 0x0, 0x0, 0x1, 0xff, 0xff, 0xff, 0xff,
    0xff, 0xff, 0xff, 0xfa, 0x0, 0x0, 0x9, 0xff,
    0xff, 0xff, 0xff, 0xff, 0xff, 0xff, 0xf8, 0x0,
    0x0, 0xe, 0xff, 0xff, 0xff, 0xfb, 0x6d, 0xff,
    0xfe, 0x40, 0x0, 0x0, 0x2f, 0xff, 0xff, 0xff,
    0xf0, 0x1, 0xef, 0xa1, 0x0, 0x0, 0x0, 0x4f,
    0xff, 0xff, 0xff, 0xb0, 0x0, 0x65, 0x0, 0x0,
    0x0, 0x0, 0x5f, 0xff, 0xff, 0xff, 0x80, 0x0,
    0x0, 0x0, 0x0, 0x0, 0x0, 0x5f, 0xff, 0xff,
    0xff, 0x70, 0x0, 0x0, 0x0, 0x0, 0xac, 0xa8,
    0x9f, 0xff, 0xff, 0xff, 0x50, 0x0, 0x0, 0x0,
    0x0, 0xaf, 0xff, 0xff, 0xff, 0xff, 0xff, 0xff,
    0xff, 0x20, 0x0, 0x0, 0x8f, 0xff, 0xff, 0xff,
    0xff, 0xff, 0xff, 0xff, 0x20, 0x0, 0x0, 0x6f,
    0xff, 0xff, 0xff, 0xff, 0xff, 0xff, 0xff, 0x20,
    0x0, 0x0, 0x4f, 0xff, 0xff, 0xff, 0xff, 0xff,
    0xff, 0xff, 0x20, 0x0, 0x0, 0x2f, 0xff, 0xff,
    0xff, 0xff, 0xff, 0xff, 0xff, 0x20, 0x0, 0x0,
    0xf, 0xff, 0xff, 0xff, 0xff, 0xff, 0xff, 0xff,
    0x20, 0x0, 0x0, 0x0, 0x0, 0x7f, 0xff, 0xff,
    0xfe, 0x0, 0x0, 0x0, 0x0, 0x0, 0x0, 0x0,
    0x7f, 0xff, 0xff, 0xfe, 0x0, 0x0, 0x0, 0x0,
    0x0, 0x0, 0x0, 0x7f, 0xff, 0xff, 0xfe, 0x0,
    0x0, 0x0, 0x0, 0x0, 0x0, 0x0, 0x6f, 0xff,
    0xff, 0xfe, 0x0, 0x0, 0x0, 0x0, 0x0, 0x0,
    0x0, 0x6f, 0xff, 0xff, 0xfe, 0x0, 0x0, 0x0,
    0x0, 0x0, 0x0, 0x0, 0x6f, 0xff, 0xff, 0xfe,
    0x0, 0x0, 0x0, 0x0, 0x0, 0x0, 0x0, 0x6f,
    0xff, 0xff, 0xff, 0x0, 0x0, 0x0, 0x0, 0x0,
    0x0, 0x0, 0x5f, 0xff, 0xff, 0xff, 0x0, 0x0,
    0x0, 0x0, 0x0, 0x0, 0x0, 0x5f, 0xff, 0xff,
    0xff, 0x0, 0x0, 0x0, 0x0, 0x0, 0x0, 0x0,
    0x5f, 0xff, 0xff, 0xff, 0x0, 0x0, 0x0, 0x0,
    0x0, 0x0, 0x0, 0x5f, 0xff, 0xff, 0xff, 0x0,
    0x0, 0x0, 0x0, 0x0, 0x0, 0x0, 0x4f, 0xff,
    0xff, 0xff, 0x10, 0x0, 0x0, 0x0, 0x0, 0x0,
    0x0, 0x3f, 0xff, 0xff, 0xff, 0x10, 0x0, 0x0,
    0x0, 0x0, 0x0, 0x0, 0x2f, 0xff, 0xff, 0xff,
    0x20, 0x0, 0x0, 0x0, 0x0, 0x0, 0x0, 0xe,
    0xca, 0x86, 0x42, 0x0, 0x0, 0x0, 0x0, 0x0,

    /* U+0067 "g" */
    0x0, 0x0, 0x0, 0x0, 0x0, 0x0, 0x0, 0x5,
    0x80, 0x0, 0x0, 0x0, 0x0, 0x0, 0x0, 0x5,
    0xdf, 0xb0, 0x0, 0x0, 0x0, 0x6b, 0xef, 0xfd,
    0xdf, 0xff, 0xc0, 0x0, 0x0, 0x3d, 0xff, 0xff,
    0xff, 0xff, 0xff, 0xc0, 0x0, 0x4, 0xff, 0xff,
    0xff, 0xff, 0xff, 0xff, 0xc0, 0x0, 0x3f, 0xff,
    0xff, 0xb2, 0x9f, 0xff, 0xff, 0xc0, 0x1, 0xef,
    0xff, 0xfb, 0x0, 0xdf, 0xff, 0xff, 0xd0, 0xa,
    0xff, 0xff, 0xf2, 0x0, 0xbf, 0xff, 0xff, 0xd0,
    0x1f, 0xff, 0xff, 0xd0, 0x0, 0x6, 0xff, 0xff,
    0xd0, 0x5f, 0xff, 0xff, 0xd0, 0x0, 0x4, 0xff,
    0xff, 0xe0, 0x7f, 0xff, 0xff, 0xf6, 0x0, 0x4,
    0xff, 0xff, 0xe0, 0x8f, 0xff, 0xff, 0xff, 0xc8,
    0x7b, 0xff, 0xff, 0xe0, 0x7f, 0xff, 0xff, 0xff,
    0xff, 0xff, 0xff, 0xff, 0xe0, 0x6f, 0xff, 0xff,
    0xff, 0xff, 0xff, 0xff, 0xff, 0xf0, 0x2f, 0xff,
    0xff, 0xff, 0xff, 0xff, 0xff, 0xff, 0xf0, 0xd,
    0xff, 0xff, 0xff, 0xff, 0xff, 0xff, 0xff, 0xf0,
    0x6, 0xff, 0xff, 0xff, 0xff, 0xff, 0xff, 0xff,
    0xf0, 0x0, 0xbf, 0xff, 0xff, 0xff, 0xff, 0xff,
    0xff, 0xf0, 0x0, 0xc, 0xff, 0xff, 0xff, 0xff,
    0xff, 0xff, 0xf0, 0x0, 0x0, 0x6b, 0xef, 0xeb,
    0x5c, 0xff, 0xff, 0xf0, 0x0, 0x0, 0x0, 0x0,
    0x0, 0xa, 0xff, 0xff, 0xf1, 0x0, 0x10, 0x0,
    0x0, 0x0, 0x8, 0xff, 0xff, 0xf0, 0x1, 0xf9,
    0x0, 0x0, 0x0, 0x8, 0xff, 0xff, 0xf0, 0x6,
    0xff, 0xd4, 0x0, 0x0, 0x8, 0xff, 0xff, 0xf0,
    0xa, 0xff, 0xff, 0xa0, 0x0, 0x9, 0xff, 0xff,
    0xe0, 0xd, 0xff, 0xff, 0xf1, 0x0, 0xb, 0xff,
    0xff, 0xc0, 0xe, 0xff, 0xff, 0xf9, 0x0, 0x2f,
    0xff, 0xff, 0x90, 0xd, 0xff, 0xff, 0xff, 0xed,
    0xff, 0xff, 0xff, 0x50, 0xa, 0xff, 0xff, 0xff,
    0xff, 0xff, 0xff, 0xff, 0x0, 0x4, 0xff, 0xff,
    0xff, 0xff, 0xff, 0xff, 0xf9, 0x0, 0x0, 0x8f,
    0xff, 0xff, 0xff, 0xff, 0xff, 0xd0, 0x0, 0x0,
    0x5, 0xef, 0xff, 0xff, 0xff, 0xfb, 0x10, 0x0,
    0x0, 0x0, 0x6, 0xae, 0xff, 0xda, 0x40, 0x0,
    0x0,

    /* U+0068 "h" */
    0x3, 0x57, 0x9b, 0x90, 0x0, 0x0, 0x0, 0x0,
    0x0, 0x0, 0x5, 0xff, 0xff, 0xfc, 0x0, 0x0,
    0x0, 0x0, 0x0, 0x0, 0x0, 0x5f, 0xff, 0xff,
    0xd0, 0x0, 0x0, 0x0, 0x0, 0x0, 0x0, 0x4,
    0xff, 0xff, 0xfe, 0x0, 0x0, 0x0, 0x0, 0x0,
    0x0, 0x0, 0x4f, 0xff, 0xff, 0xf0, 0x0, 0x0,
    0x0, 0x0, 0x0, 0x0, 0x4, 0xff, 0xff, 0xff,
    0x10, 0x0, 0x0, 0x0, 0x0, 0x0, 0x0, 0x3f,
    0xff, 0xff, 0xf2, 0x0, 0x0, 0x0, 0x0, 0x0,
    0x0, 0x3, 0xff, 0xff, 0xff, 0x30, 0x0, 0x0,
    0x0, 0x0, 0x0, 0x0, 0x3f, 0xff, 0xff, 0xf5,
    0x0, 0x0, 0x0, 0x0, 0x0, 0x0, 0x3, 0xff,
    0xff, 0xff, 0x60, 0x0, 0x0, 0x0, 0x0, 0x0,
    0x0, 0x2f, 0xff, 0xff, 0xf7, 0x0, 0x0, 0x0,
    0x0, 0x0, 0x0, 0x2, 0xff, 0xff, 0xff, 0xa5,
    0xad, 0xef, 0xc7, 0x10, 0x0, 0x0, 0x2f, 0xff,
    0xff, 0xff, 0xff, 0xff, 0xff, 0xfe, 0x40, 0x0,
    0x1, 0xff, 0xff, 0xff, 0xff, 0xff, 0xff, 0xff,
    0xff, 0x40, 0x0, 0x1f, 0xff, 0xff, 0xff, 0xff,
    0xff, 0xff, 0xff, 0xff, 0x20, 0x1, 0xff, 0xff,
    0xff, 0xff, 0xff, 0xff, 0xff, 0xff, 0xfb, 0x0,
    0xf, 0xff, 0xff, 0xff, 0xfe, 0x17, 0xff, 0xff,
    0xff, 0xf3, 0x0, 0xff, 0xff, 0xff, 0xff, 0x60,
    0xe, 0xff, 0xff, 0xff, 0x80, 0xf, 0xff, 0xff,
    0xff, 0xf1, 0x0, 0x8f, 0xff, 0xff, 0xfd, 0x0,
    0xff, 0xff, 0xff, 0xfc, 0x0, 0x2, 0xff, 0xff,
    0xff, 0xf0, 0xe, 0xff, 0xff, 0xff, 0x90, 0x0,
    0xe, 0xff, 0xff, 0xff, 0x30, 0xdf, 0xff, 0xff,
    0xf9, 0x0, 0x0, 0xbf, 0xff, 0xff, 0xf4, 0xb,
    0xff, 0xff, 0xff, 0x80, 0x0, 0x9, 0xff, 0xff,
    0xff, 0x50, 0xaf, 0xff, 0xff, 0xf9, 0x0, 0x0,
    0x8f, 0xff, 0xff, 0xf5, 0x9, 0xff, 0xff, 0xff,
    0x90, 0x0, 0x7, 0xff, 0xff, 0xff, 0x40, 0x9f,
    0xff, 0xff, 0xfa, 0x0, 0x0, 0x6f, 0xff, 0xff,
    0xf3, 0x9, 0xff, 0xff, 0xff, 0xb0, 0x0, 0x6,
    0xff, 0xff, 0xff, 0x10, 0x8f, 0xff, 0xff, 0xfc,
    0x0, 0x0, 0x6f, 0xff, 0xff, 0xf0, 0x7, 0xfd,
    0xb9, 0x76, 0x30, 0x0, 0x6, 0xff, 0xff, 0xfc,
    0x0, 0x0, 0x0, 0x0, 0x0, 0x0, 0x0, 0x0,
    0x0, 0x0, 0x0,

    /* U+0069 "i" */
    0x0, 0x2, 0xcf, 0xc5, 0x0, 0x0, 0xd, 0xff,
    0xff, 0x50, 0x0, 0x4f, 0xff, 0xff, 0xd0, 0x0,
    0x5f, 0xff, 0xff, 0xe0, 0x0, 0x2f, 0xff, 0xff,
    0xa0, 0x0, 0x9, 0xff, 0xfe, 0x20, 0x0, 0x0,
    0x47, 0x72, 0x0, 0x0, 0x0, 0x0, 0x0, 0x0,
    0x0, 0x0, 0x0, 0x0, 0x0, 0x0, 0x0, 0x0,
    0x3, 0xa0, 0x0, 0x0, 0x5, 0xcf, 0xf0, 0x0,
    0x17, 0xef, 0xff, 0xf0, 0x5, 0xff, 0xff, 0xff,
    0xf1, 0xb, 0xff, 0xff, 0xff, 0xf2, 0xe, 0xff,
    0xff, 0xff, 0xf2, 0x1f, 0xcf, 0xff, 0xff, 0xf3,
    0x0, 0xf, 0xff, 0xff, 0xf4, 0x0, 0xf, 0xff,
    0xff, 0xf4, 0x0, 0xf, 0xff, 0xff, 0xf5, 0x0,
    0xf, 0xff, 0xff, 0xf6, 0x0, 0xf, 0xff, 0xff,
    0xf6, 0x0, 0xe, 0xff, 0xff, 0xf7, 0x0, 0xe,
    0xff, 0xff, 0xf8, 0x0, 0xe, 0xff, 0xff, 0xf8,
    0x0, 0xd, 0xff, 0xff, 0xf9, 0x0, 0xd, 0xff,
    0xff, 0xfa, 0x0, 0xc, 0xff, 0xff, 0xfa, 0x0,
    0xc, 0xff, 0xff, 0xfb, 0x0, 0xc, 0xff, 0xff,
    0xfc, 0x0, 0xb, 0xff, 0xff, 0xfd, 0x0, 0xb,
    0xff, 0xff, 0xfd, 0x0, 0xb, 0xff, 0xff, 0xfe,

    /* U+006A "j" */
    0x0, 0x0, 0x0, 0x0, 0x2, 0xcf, 0xb4, 0x0,
    0x0, 0x0, 0x0, 0x0, 0x0, 0xdf, 0xff, 0xf7,
    0x0, 0x0, 0x0, 0x0, 0x0, 0x3f, 0xff, 0xff,
    0xf0, 0x0, 0x0, 0x0, 0x0, 0x5, 0xff, 0xff,
    0xff, 0x0, 0x0, 0x0, 0x0, 0x0, 0x1f, 0xff,
    0xff, 0xa0, 0x0, 0x0, 0x0, 0x0, 0x0, 0x7f,
    0xff, 0xf2, 0x0, 0x0, 0x0, 0x0, 0x0, 0x0,
    0x37, 0x72, 0x0, 0x0, 0x0, 0x0, 0x0, 0x0,
    0x0, 0x0, 0x0, 0x0, 0x0, 0x0, 0x0, 0x0,
    0x0, 0x0, 0x0, 0x0, 0x0, 0x0, 0x0, 0x0,
    0x0, 0x0, 0x0, 0x5, 0x60, 0x0, 0x0, 0x0,
    0x0, 0x0, 0x1, 0x8e, 0xfa, 0x0, 0x0, 0x0,
    0x0, 0x0, 0x3a, 0xff, 0xff, 0xa0, 0x0, 0x0,
    0x0, 0x0, 0xbf, 0xff, 0xff, 0xfa, 0x0, 0x0,
    0x0, 0x0, 0x1f, 0xff, 0xff, 0xff, 0xb0, 0x0,
    0x0, 0x0, 0x4, 0xff, 0xff, 0xff, 0xfb, 0x0,
    0x0, 0x0, 0x0, 0x6b, 0xbf, 0xff, 0xff, 0xb0,
    0x0, 0x0, 0x0, 0x0, 0x5, 0xff, 0xff, 0xfc,
    0x0, 0x0, 0x0, 0x0, 0x0, 0x4f, 0xff, 0xff,
    0xc0, 0x0, 0x0, 0x0, 0x0, 0x4, 0xff, 0xff,
    0xfd, 0x0, 0x0, 0x0, 0x0, 0x0, 0x3f, 0xff,
    0xff, 0xd0, 0x0, 0x0, 0x0, 0x0, 0x2, 0xff,
    0xff, 0xfd, 0x0, 0x0, 0x0, 0x0, 0x0, 0x1f,
    0xff, 0xff, 0xe0, 0x0, 0x0, 0x0, 0x0, 0x0,
    0xff, 0xff, 0xfe, 0x0, 0x0, 0x0, 0x0, 0x0,
    0xf, 0xff, 0xff, 0xe0, 0x0, 0x0, 0x0, 0x0,
    0x0, 0xff, 0xff, 0xff, 0x0, 0x0, 0x0, 0x0,
    0x0, 0xe, 0xff, 0xff, 0xf0, 0x0, 0x0, 0x0,
    0x0, 0x0, 0xdf, 0xff, 0xff, 0x0, 0x0, 0x0,
    0x0, 0x0, 0xc, 0xff, 0xff, 0xf0, 0x0, 0x0,
    0x0, 0x0, 0x0, 0xbf, 0xff, 0xff, 0x0, 0x0,
    0x0, 0x0, 0x0, 0xa, 0xff, 0xff, 0xf1, 0x3,
    0x0, 0x0, 0x0, 0x0, 0x8f, 0xff, 0xff, 0x1,
    0xfa, 0x10, 0x0, 0x0, 0x8, 0xff, 0xff, 0xf0,
    0x7f, 0xfe, 0x50, 0x0, 0x0, 0x8f, 0xff, 0xff,
    0xb, 0xff, 0xff, 0xb0, 0x0, 0x9, 0xff, 0xff,
    0xe0, 0xdf, 0xff, 0xff, 0x10, 0x0, 0xbf, 0xff,
    0xfc, 0xe, 0xff, 0xff, 0xf9, 0x0, 0x2f, 0xff,
    0xff, 0x90, 0xdf, 0xff, 0xff, 0xfe, 0xdf, 0xff,
    0xff, 0xf5, 0xa, 0xff, 0xff, 0xff, 0xff, 0xff,
    0xff, 0xff, 0x0, 0x4f, 0xff, 0xff, 0xff, 0xff,
    0xff, 0xff, 0x90, 0x0, 0x8f, 0xff, 0xff, 0xff,
    0xff, 0xff, 0xd0, 0x0, 0x0, 0x5e, 0xff, 0xff,
    0xff, 0xff, 0xb1, 0x0, 0x0, 0x0, 0x5, 0xad,
    0xff, 0xda, 0x40, 0x0, 0x0,

    /* U+006B "k" */
    0x0, 0x0, 0x0, 0x0, 0x0, 0x0, 0x0, 0x0,
    0x0, 0x0, 0x0, 0x0, 0x0, 0x1, 0x8e, 0x40,
    0x0, 0x0, 0x0, 0x0, 0x0, 0x0, 0x0, 0x3,
    0xaf, 0xff, 0x50, 0x0, 0x0, 0x0, 0x0, 0x0,
    0x0, 0x5, 0xcf, 0xff, 0xff, 0x60, 0x0, 0x0,
    0x0, 0x0, 0x0, 0x0, 0x5f, 0xff, 0xff, 0xff,
    0x70, 0x0, 0x0, 0x0, 0x0, 0x0, 0x0, 0x8f,
    0xff, 0xff, 0xff, 0x80, 0x0, 0x0, 0x0, 0x0,
    0x0, 0x0, 0xbf, 0xff, 0xff, 0xff, 0x90, 0x0,
    0x0, 0x0, 0x0, 0x0, 0x0, 0x64, 0xcf, 0xff,
    0xff, 0xa0, 0x0, 0x0, 0x0, 0x0, 0x0, 0x0,
    0x0, 0xbf, 0xff, 0xff, 0xb0, 0x0, 0x0, 0x0,
    0x0, 0x0, 0x0, 0x0, 0xaf, 0xff, 0xff, 0xc0,
    0x0, 0x0, 0x0, 0x0, 0x0, 0x0, 0x0, 0x9f,
    0xff, 0xff, 0xd0, 0x0, 0x0, 0x0, 0x0, 0x0,
    0x0, 0x0, 0x8f, 0xff, 0xff, 0xe0, 0x0, 0x0,
    0x0, 0x0, 0x0, 0x0, 0x0, 0x7f, 0xff, 0xff,
    0xf0, 0x0, 0x0, 0x0, 0x0, 0x0, 0x0, 0x0,
    0x7f, 0xff, 0xff, 0xf0, 0x0, 0x0, 0x0, 0x0,
    0x0, 0x0, 0x0, 0x6f, 0xff, 0xff, 0xf1, 0x0,
    0x0, 0x5, 0x41, 0x0, 0x0, 0x0, 0x5f, 0xff,
    0xff, 0xf2, 0x0, 0x5, 0xdf, 0xff, 0xfc, 0xa4,
    0x0, 0x4f, 0xff, 0xff, 0xf3, 0x3, 0xcf, 0xff,
    0xff, 0xff, 0x90, 0x0, 0x3f, 0xff, 0xff, 0xf6,
    0xaf, 0xff, 0xff, 0xff, 0xf5, 0x0, 0x0, 0x2f,
    0xff, 0xff, 0xff, 0xff, 0xff, 0xff, 0xfd, 0x20,
    0x0, 0x0, 0x2f, 0xff, 0xff, 0xff, 0xff, 0xff,
    0xff, 0xb1, 0x0, 0x0, 0x0, 0x1f, 0xff, 0xff,
    0xff, 0xff, 0xff, 0xf7, 0x0, 0x0, 0x0, 0x0,
    0xf, 0xff, 0xff, 0xff, 0xff, 0xfe, 0x40, 0x0,
    0x0, 0x0, 0x0, 0xf, 0xff, 0xff, 0xff, 0xff,
    0xfe, 0x30, 0x0, 0x0, 0x0, 0x0, 0xe, 0xff,
    0xff, 0xff, 0xff, 0xff, 0xf6, 0x0, 0x0, 0x0,
    0x0, 0xe, 0xff, 0xff, 0xff, 0xff, 0xff, 0xff,
    0xa0, 0x0, 0x0, 0x0, 0xd, 0xff, 0xff, 0xff,
    0xef, 0xff, 0xff, 0xfd, 0x20, 0x0, 0x0, 0xc,
    0xff, 0xff, 0xff, 0x39, 0xff, 0xff, 0xff, 0xf5,
    0x0, 0x0, 0xb, 0xff, 0xff, 0xff, 0x30, 0x5e,
    0xff, 0xff, 0xff, 0x90, 0x0, 0xa, 0xff, 0xff,
    0xff, 0x40, 0x1, 0xcf, 0xff, 0xff, 0xf5, 0x0,
    0x9, 0xff, 0xff, 0xff, 0x50, 0x0, 0x8, 0xff,
    0xff, 0xf6, 0x0, 0x9, 0xff, 0xff, 0xff, 0x60,
    0x0, 0x0, 0x4e, 0xff, 0xf7, 0x0, 0x8, 0xff,
    0xff, 0xff, 0x70, 0x0, 0x0, 0x1, 0xbf, 0xf8,
    0x0, 0x7, 0xff, 0xff, 0xff, 0x70, 0x0, 0x0,
    0x0, 0x7, 0xf9, 0x0, 0x0, 0x0, 0x0, 0x0,
    0x0, 0x0, 0x0, 0x0, 0x0, 0x38, 0x0, 0x0,
    0x0, 0x0, 0x0, 0x0, 0x0, 0x0, 0x0, 0x0,
    0x0,

    /* U+006C "l" */
    0x0, 0x0, 0x0, 0x0, 0x0, 0x0, 0x0, 0x0,
    0x6, 0xd4, 0x0, 0x0, 0x1, 0x8e, 0xff, 0x50,
    0x0, 0x4a, 0xff, 0xff, 0xf6, 0x0, 0x4f, 0xff,
    0xff, 0xff, 0x70, 0x7, 0xff, 0xff, 0xff, 0xf8,
    0x0, 0xaf, 0xff, 0xff, 0xff, 0x90, 0x8, 0x6c,
    0xff, 0xff, 0xfa, 0x0, 0x0, 0xbf, 0xff, 0xff,
    0xb0, 0x0, 0xa, 0xff, 0xff, 0xfb, 0x0, 0x0,
    0x9f, 0xff, 0xff, 0xc0, 0x0, 0x8, 0xff, 0xff,
    0xfd, 0x0, 0x0, 0x7f, 0xff, 0xff, 0xe0, 0x0,
    0x7, 0xff, 0xff, 0xff, 0x0, 0x0, 0x6f, 0xff,
    0xff, 0xf0, 0x0, 0x5, 0xff, 0xff, 0xff, 0x10,
    0x0, 0x4f, 0xff, 0xff, 0xf2, 0x0, 0x3, 0xff,
    0xff, 0xff, 0x30, 0x0, 0x2f, 0xff, 0xff, 0xf4,
    0x0, 0x2, 0xff, 0xff, 0xff, 0x50, 0x0, 0x1f,
    0xff, 0xff, 0xf6, 0x0, 0x0, 0xff, 0xff, 0xff,
    0x70, 0x0, 0xf, 0xff, 0xff, 0xf8, 0x0, 0x0,
    0xef, 0xff, 0xff, 0x90, 0x0, 0xe, 0xff, 0xff,
    0xfa, 0x0, 0x0, 0xdf, 0xff, 0xff, 0xb0, 0x0,
    0xc, 0xff, 0xff, 0xfc, 0x0, 0x0, 0xbf, 0xff,
    0xff, 0xd0, 0x0, 0xa, 0xff, 0xff, 0xfe, 0x0,
    0x0, 0x9f, 0xff, 0xff, 0xf0, 0x0, 0x9, 0xff,
    0xff, 0xff, 0x0, 0x0, 0x8f, 0xff, 0xff, 0xf1,
    0x0, 0x7, 0xff, 0xff, 0xff, 0x20,

    /* U+006D "m" */
    0x0, 0x3, 0x68, 0x80, 0x0, 0x22, 0x0, 0x0,
    0x38, 0xcf, 0xeb, 0x40, 0x0, 0x0, 0x2d, 0xff,
    0xff, 0xfa, 0xdf, 0xff, 0xfa, 0x7d, 0xff, 0xff,
    0xff, 0xf8, 0x0, 0x0, 0x3f, 0xff, 0xff, 0xff,
    0xff, 0xff, 0xff, 0xff, 0xff, 0xff, 0xff, 0xff,
    0x80, 0x0, 0x2f, 0xff, 0xff, 0xff, 0xff, 0xff,
    0xff, 0xff, 0xff, 0xff, 0xff, 0xff, 0xf5, 0x0,
    0x2f, 0xff, 0xff, 0xff, 0xff, 0xff, 0xff, 0xff,
    0xff, 0xff, 0xff, 0xff, 0xfe, 0x0, 0x1f, 0xff,
    0xff, 0xff, 0xfe, 0xcf, 0xff, 0xff, 0xfe, 0x4f,
    0xff, 0xff, 0xff, 0x80, 0x1f, 0xff, 0xff, 0xff,
    0xf7, 0x7f, 0xff, 0xff, 0xff, 0x9, 0xff, 0xff,
    0xff, 0xd0, 0xf, 0xff, 0xff, 0xff, 0xf1, 0x2f,
    0xff, 0xff, 0xff, 0x42, 0xff, 0xff, 0xff, 0xf3,
    0xf, 0xff, 0xff, 0xff, 0xd0, 0xd, 0xff, 0xff,
    0xff, 0x70, 0xdf, 0xff, 0xff, 0xf6, 0xf, 0xff,
    0xff, 0xff, 0xa0, 0xa, 0xff, 0xff, 0xff, 0x90,
    0x8f, 0xff, 0xff, 0xf9, 0xf, 0xff, 0xff, 0xff,
    0x90, 0x6, 0xff, 0xff, 0xff, 0xb0, 0x5f, 0xff,
    0xff, 0xfb, 0xf, 0xff, 0xff, 0xff, 0x80, 0x3,
    0xff, 0xff, 0xff, 0xd0, 0x2f, 0xff, 0xff, 0xfc,
    0xf, 0xff, 0xff, 0xff, 0x80, 0x2, 0xff, 0xff,
    0xff, 0xd0, 0x1f, 0xff, 0xff, 0xfd, 0xf, 0xff,
    0xff, 0xff, 0x90, 0x0, 0xff, 0xff, 0xff, 0xd0,
    0xf, 0xff, 0xff, 0xfd, 0xe, 0xff, 0xff, 0xff,
    0xa0, 0x0, 0xff, 0xff, 0xff, 0xc0, 0xe, 0xff,
    0xff, 0xfc, 0xd, 0xff, 0xff, 0xff, 0xb0, 0x0,
    0xef, 0xff, 0xff, 0xa0, 0xe, 0xff, 0xff, 0xfa,
    0xb, 0xff, 0xff, 0xff, 0xb0, 0x0, 0xef, 0xff,
    0xff, 0x80, 0xe, 0xff, 0xff, 0xf8, 0x9, 0xff,
    0xff, 0xff, 0xc0, 0x0, 0xef, 0xff, 0xff, 0x60,
    0xe, 0xff, 0xff, 0xf6, 0x7, 0xfd, 0xb9, 0x75,
    0x20, 0x0, 0xef, 0xff, 0xff, 0x40, 0xe, 0xff,
    0xff, 0xf4, 0x0, 0x0, 0x0, 0x0, 0x0, 0x0,
    0x0, 0x0, 0x0, 0x0, 0x0, 0x0, 0x0, 0x0,

    /* U+006E "n" */
    0x3, 0x57, 0x9b, 0xb0, 0x38, 0xbe, 0xfd, 0x70,
    0x0, 0x0, 0x3, 0xff, 0xff, 0xff, 0xff, 0xff,
    0xff, 0xff, 0xd2, 0x0, 0x0, 0x3f, 0xff, 0xff,
    0xff, 0xff, 0xff, 0xff, 0xff, 0xe2, 0x0, 0x2,
    0xff, 0xff, 0xff, 0xff, 0xff, 0xff, 0xff, 0xff,
    0xd0, 0x0, 0x2f, 0xff, 0xff, 0xff, 0xff, 0xff,
    0xff, 0xff, 0xff, 0x70, 0x1, 0xff, 0xff, 0xff,
    0xff, 0xf4, 0xbf, 0xff, 0xff, 0xff, 0x0, 0x1f,
    0xff, 0xff, 0xff, 0xf8, 0x1, 0xff, 0xff, 0xff,
    0xf5, 0x0, 0xff, 0xff, 0xff, 0xff, 0x20, 0xa,
    0xff, 0xff, 0xff, 0xa0, 0xf, 0xff, 0xff, 0xff,
    0xe0, 0x0, 0x5f, 0xff, 0xff, 0xfe, 0x0, 0xff,
    0xff, 0xff, 0xfb, 0x0, 0x0, 0xff, 0xff, 0xff,
    0xf1, 0xf, 0xff, 0xff, 0xff, 0x90, 0x0, 0xd,
    0xff, 0xff, 0xff, 0x30, 0xff, 0xff, 0xff, 0xf8,
    0x0, 0x0, 0xaf, 0xff, 0xff, 0xf4, 0xf, 0xff,
    0xff, 0xff, 0x80, 0x0, 0x9, 0xff, 0xff, 0xff,
    0x50, 0xff, 0xff, 0xff, 0xf9, 0x0, 0x0, 0x7f,
    0xff, 0xff, 0xf5, 0xe, 0xff, 0xff, 0xff, 0xa0,
    0x0, 0x6, 0xff, 0xff, 0xff, 0x40, 0xdf, 0xff,
    0xff, 0xfb, 0x0, 0x0, 0x6f, 0xff, 0xff, 0xf2,
    0xb, 0xff, 0xff, 0xff, 0xb0, 0x0, 0x6, 0xff,
    0xff, 0xff, 0x0, 0x9f, 0xff, 0xff, 0xfc, 0x0,
    0x0, 0x6f, 0xff, 0xff, 0xe0, 0x7, 0xfd, 0xb9,
    0x75, 0x20, 0x0, 0x6, 0xff, 0xff, 0xfc, 0x0,
    0x0, 0x0, 0x0, 0x0, 0x0, 0x0, 0x0, 0x0,
    0x0, 0x0,

    /* U+006F "o" */
    0x0, 0x0, 0x0, 0x6b, 0xef, 0xec, 0x93, 0x0,
    0x0, 0x0, 0x0, 0x3d, 0xff, 0xff, 0xff, 0xff,
    0xb1, 0x0, 0x0, 0x4, 0xff, 0xff, 0xff, 0xdf,
    0xff, 0xfc, 0x0, 0x0, 0x3f, 0xff, 0xff, 0xb2,
    0xaf, 0xff, 0xff, 0x60, 0x1, 0xef, 0xff, 0xfa,
    0x4, 0xff, 0xf9, 0xff, 0xc0, 0xa, 0xff, 0xff,
    0xe0, 0x5, 0xff, 0x87, 0xff, 0xf0, 0x1f, 0xff,
    0xff, 0xa0, 0x0, 0x85, 0xa, 0xff, 0xf2, 0x5f,
    0xff, 0xff, 0xb0, 0x0, 0x0, 0xe, 0xff, 0xf3,
    0x7f, 0xff, 0xff, 0xf4, 0x0, 0x0, 0x6f, 0xff,
    0xf2, 0x8f, 0xff, 0xff, 0xff, 0x94, 0x37, 0xff,
    0xff, 0xf1, 0x7f, 0xff, 0xff, 0xff, 0xff, 0xff,
    0xff, 0xff, 0xd0, 0x6f, 0xff, 0xff, 0xff, 0xff,
    0xff, 0xff, 0xff, 0x70, 0x2f, 0xff, 0xff, 0xff,
    0xff, 0xff, 0xff, 0xfe, 0x10, 0xd, 0xff, 0xff,
    0xff, 0xff, 0xff, 0xff, 0xf6, 0x0, 0x6, 0xff,
    0xff, 0xff, 0xff, 0xff, 0xff, 0xa0, 0x0, 0x0,
    0xbf, 0xff, 0xff, 0xff, 0xff, 0xfa, 0x0, 0x0,
    0x0, 0xc, 0xff, 0xff, 0xff, 0xfe, 0x60, 0x0,
    0x0, 0x0, 0x0, 0x6b, 0xef, 0xeb, 0x60, 0x0,
    0x0, 0x0,

    /* U+0070 "p" */
    0x0, 0x0, 0x0, 0x39, 0x20, 0x0, 0x0, 0x0,
    0x0, 0x0, 0x0, 0x0, 0x5c, 0xff, 0x40, 0x0,
    0x0, 0x0, 0x0, 0x0, 0x1, 0x7e, 0xff, 0xff,
    0x79, 0xdf, 0xfc, 0x82, 0x0, 0x0, 0x4f, 0xff,
    0xff, 0xff, 0xff, 0xff, 0xff, 0xff, 0x90, 0x0,
    0x8f, 0xff, 0xff, 0xff, 0xff, 0xff, 0xdf, 0xff,
    0xfc, 0x0, 0xbf, 0xff, 0xff, 0xff, 0xff, 0xa1,
    0xaf, 0xff, 0xff, 0x70, 0xc9, 0xef, 0xff, 0xff,
    0xfb, 0x4, 0xff, 0xfa, 0xff, 0xd0, 0x0, 0xcf,
    0xff, 0xff, 0xf1, 0x6, 0xff, 0x87, 0xff, 0xf1,
    0x0, 0xbf, 0xff, 0xff, 0xb0, 0x1, 0x96, 0xa,
    0xff, 0xf2, 0x0, 0xaf, 0xff, 0xff, 0xe0, 0x0,
    0x0, 0xe, 0xff, 0xf3, 0x0, 0xaf, 0xff, 0xff,
    0xf6, 0x0, 0x0, 0x5f, 0xff, 0xf2, 0x0, 0x9f,
    0xff, 0xff, 0xff, 0x83, 0x27, 0xff, 0xff, 0xf1,
    0x0, 0x8f, 0xff, 0xff, 0xff, 0xff, 0xff, 0xff,
    0xff, 0xd0, 0x0, 0x7f, 0xff, 0xff, 0xff, 0xff,
    0xff, 0xff, 0xff, 0x70, 0x0, 0x6f, 0xff, 0xff,
    0xff, 0xff, 0xff, 0xff, 0xfe, 0x0, 0x0, 0x6f,
    0xff, 0xff, 0xff, 0xff, 0xff, 0xff, 0xf6, 0x0,
    0x0, 0x5f, 0xff, 0xff, 0xff, 0xff, 0xff, 0xff,
    0xb0, 0x0, 0x0, 0x4f, 0xff, 0xff, 0xff, 0xff,
    0xff, 0xfc, 0x10, 0x0, 0x0, 0x3f, 0xff, 0xff,
    0xff, 0xff, 0xff, 0x80, 0x0, 0x0, 0x0, 0x2f,
    0xff, 0xff, 0xff, 0xda, 0x61, 0x0, 0x0, 0x0,
    0x0, 0x1f, 0xff, 0xff, 0xf6, 0x0, 0x0, 0x0,
    0x0, 0x0, 0x0, 0x1f, 0xff, 0xff, 0xf7, 0x0,
    0x0, 0x0, 0x0, 0x0, 0x0, 0xf, 0xff, 0xff,
    0xf8, 0x0, 0x0, 0x0, 0x0, 0x0, 0x0, 0xf,
    0xff, 0xff, 0xf9, 0x0, 0x0, 0x0, 0x0, 0x0,
    0x0, 0xe, 0xff, 0xff, 0xfa, 0x0, 0x0, 0x0,
    0x0, 0x0, 0x0, 0xd, 0xff, 0xff, 0xfa, 0x0,
    0x0, 0x0, 0x0, 0x0, 0x0, 0xc, 0xff, 0xff,
    0xfb, 0x0, 0x0, 0x0, 0x0, 0x0, 0x0, 0xc,
    0xff, 0xff, 0xfc, 0x0, 0x0, 0x0, 0x0, 0x0,
    0x0, 0xb, 0xff, 0xff, 0xfd, 0x0, 0x0, 0x0,
    0x0, 0x0, 0x0, 0xa, 0xff, 0xff, 0xfe, 0x0,
    0x0, 0x0, 0x0, 0x0, 0x0, 0x9, 0xff, 0xff,
    0xff, 0x0, 0x0, 0x0, 0x0, 0x0, 0x0, 0x8,
    0xff, 0xff, 0xff, 0x0, 0x0, 0x0, 0x0, 0x0,

    /* U+0071 "q" */
    0x0, 0x0, 0x0, 0x0, 0x0, 0x0, 0x0, 0x1,
    0x40, 0x0, 0x0, 0x0, 0x0, 0x0, 0x0, 0x3,
    0xaf, 0x90, 0x0, 0x0, 0x0, 0x6b, 0xef, 0xfd,
    0xcf, 0xff, 0xa0, 0x0, 0x0, 0x3d, 0xff, 0xff,
    0xff, 0xff, 0xff, 0xa0, 0x0, 0x4, 0xff, 0xff,
    0xff, 0xff, 0xff, 0xff, 0xb0, 0x0, 0x3f, 0xff,
    0xff, 0xb2, 0x9f, 0xff, 0xff, 0xb0, 0x1, 0xef,
    0xff, 0xfb, 0x0, 0xdf, 0xff, 0xff, 0xc0, 0xa,
    0xff, 0xff, 0xf2, 0x0, 0xbf, 0xff, 0xff, 0xc0,
    0x1f, 0xff, 0xff, 0xd0, 0x0, 0x6, 0xff, 0xff,
    0xc0, 0x5f, 0xff, 0xff, 0xd0, 0x0, 0x4, 0xff,
    0xff, 0xd0, 0x7f, 0xff, 0xff, 0xf6, 0x0, 0x4,
    0xff, 0xff, 0xd0, 0x8f, 0xff, 0xff, 0xff, 0xc8,
    0x7b, 0xff, 0xff, 0xe0, 0x7f, 0xff, 0xff, 0xff,
    0xff, 0xff, 0xff, 0xff, 0xe0, 0x6f, 0xff, 0xff,
    0xff, 0xff, 0xff, 0xff, 0xff, 0xe0, 0x2f, 0xff,
    0xff, 0xff, 0xff, 0xff, 0xff, 0xff, 0xf0, 0xd,
    0xff, 0xff, 0xff, 0xff, 0xff, 0xff, 0xff, 0xf0,
    0x6, 0xff, 0xff, 0xff, 0xff, 0xff, 0xff, 0xff,
    0xf0, 0x0, 0xbf, 0xff, 0xff, 0xff, 0xff, 0xff,
    0xff, 0xf0, 0x0, 0xc, 0xff, 0xff, 0xff, 0xff,
    0xff, 0xff, 0xf1, 0x0, 0x0, 0x6b, 0xef, 0xeb,
    0x5c, 0xff, 0xff, 0xf1, 0x0, 0x0, 0x0, 0x0,
    0x0, 0xb, 0xff, 0xff, 0xf1, 0x0, 0x0, 0x0,
    0x0, 0x0, 0xa, 0xff, 0xff, 0xf2, 0x0, 0x0,
    0x0, 0x0, 0x0, 0x9, 0xff, 0xff, 0xf2, 0x0,
    0x0, 0x0, 0x0, 0x0, 0x8, 0xff, 0xff, 0xf3,
    0x0, 0x0, 0x0, 0x0, 0x0, 0x7, 0xff, 0xff,
    0xf3, 0x0, 0x0, 0x0, 0x0, 0x0, 0x7, 0xff,
    0xff, 0xf4, 0x0, 0x0, 0x0, 0x0, 0x0, 0x6,
    0xff, 0xff, 0xf4, 0x0, 0x0, 0x0, 0x0, 0x0,
    0x5, 0xff, 0xff, 0xf4, 0x0, 0x0, 0x0, 0x0,
    0x0, 0x4, 0xff, 0xff, 0xf5, 0x0, 0x0, 0x0,
    0x0, 0x0, 0x3, 0xff, 0xff, 0xf5, 0x0, 0x0,
    0x0, 0x0, 0x0, 0x2, 0xff, 0xff, 0xf6, 0x0,
    0x0, 0x0, 0x0, 0x0, 0x2, 0xff, 0xff, 0xf6,
    0x0, 0x0, 0x0, 0x0, 0x0, 0x0, 0x88, 0x88,
    0x83,

    /* U+0072 "r" */
    0x2, 0x46, 0x8a, 0xa0, 0x37, 0xbe, 0xfd, 0x70,
    0x0, 0x3, 0xff, 0xff, 0xff, 0xff, 0xff, 0xff,
    0xff, 0xe3, 0x0, 0x3f, 0xff, 0xff, 0xff, 0xff,
    0xff, 0xff, 0xff, 0xf3, 0x2, 0xff, 0xff, 0xff,
    0xff, 0xff, 0xff, 0xff, 0xff, 0xd0, 0x2f, 0xff,
    0xff, 0xff, 0xff, 0xff, 0xff, 0xff, 0xff, 0x21,
    0xff, 0xff, 0xff, 0xff, 0xfc, 0xef, 0xff, 0xfd,
    0x30, 0x1f, 0xff, 0xff, 0xff, 0xf8, 0x0, 0xcf,
    0xf9, 0x0, 0x0, 0xff, 0xff, 0xff, 0xff, 0x10,
    0x2, 0xd3, 0x0, 0x0, 0xf, 0xff, 0xff, 0xff,
    0xd0, 0x0, 0x0, 0x0, 0x0, 0x0, 0xff, 0xff,
    0xff, 0xfa, 0x0, 0x0, 0x0, 0x0, 0x0, 0xf,
    0xff, 0xff, 0xff, 0x90, 0x0, 0x0, 0x0, 0x0,
    0x0, 0xff, 0xff, 0xff, 0xf8, 0x0, 0x0, 0x0,
    0x0, 0x0, 0xf, 0xff, 0xff, 0xff, 0x80, 0x0,
    0x0, 0x0, 0x0, 0x0, 0xff, 0xff, 0xff, 0xf8,
    0x0, 0x0, 0x0, 0x0, 0x0, 0xe, 0xff, 0xff,
    0xff, 0x90, 0x0, 0x0, 0x0, 0x0, 0x0, 0xdf,
    0xff, 0xff, 0xfa, 0x0, 0x0, 0x0, 0x0, 0x0,
    0xc, 0xff, 0xff, 0xff, 0xb0, 0x0, 0x0, 0x0,
    0x0, 0x0, 0xaf, 0xff, 0xff, 0xfc, 0x0, 0x0,
    0x0, 0x0, 0x0, 0x8, 0xff, 0xff, 0xfd, 0x90,
    0x0, 0x0, 0x0, 0x0, 0x0, 0x36, 0x42, 0x10,
    0x0, 0x0, 0x0, 0x0, 0x0, 0x0,

    /* U+0073 "s" */
    0x0, 0x0, 0x17, 0xce, 0xff, 0xed, 0xa6, 0x20,
    0x0, 0x0, 0x0, 0x0, 0x4, 0xef, 0xff, 0xff,
    0xff, 0xff, 0xfe, 0x94, 0x0, 0x0, 0x0, 0x2f,
    0xff, 0xff, 0xff, 0xff, 0xff, 0xff, 0xff, 0xe9,
    0x40, 0x0, 0xbf, 0xff, 0xff, 0xff, 0xff, 0xff,
    0xff, 0xff, 0xff, 0xf8, 0x1, 0xff, 0xff, 0xff,
    0xff, 0xff, 0xff, 0xff, 0xff, 0xff, 0xf2, 0x5,
    0xff, 0xff, 0xff, 0x99, 0xbe, 0xff, 0xff, 0xff,
    0xff, 0xb0, 0x6, 0xff, 0xff, 0xf8, 0x0, 0x0,
    0x26, 0xbf, 0xff, 0xff, 0x40, 0x5, 0xff, 0xff,
    0xfd, 0x20, 0x0, 0x0, 0x0, 0x49, 0xed, 0x0,
    0x1, 0xff, 0xff, 0xff, 0xfc, 0x85, 0x31, 0x0,
    0x0, 0x1, 0x0, 0x0, 0x8f, 0xff, 0xff, 0xff,
    0xff, 0xff, 0xe9, 0x30, 0x0, 0x0, 0x0, 0xb,
    0xff, 0xff, 0xff, 0xff, 0xff, 0xff, 0xfb, 0x10,
    0x0, 0x0, 0x0, 0x9f, 0xff, 0xff, 0xff, 0xff,
    0xff, 0xff, 0xb0, 0x0, 0x0, 0x2, 0x2, 0x8c,
    0xef, 0xff, 0xff, 0xff, 0xff, 0xf5, 0x0, 0x0,
    0x1f, 0xd7, 0x20, 0x0, 0x26, 0x9e, 0xff, 0xff,
    0xfc, 0x0, 0x0, 0x9f, 0xff, 0xfd, 0x83, 0x11,
    0x39, 0xff, 0xff, 0xff, 0x10, 0x1, 0xff, 0xff,
    0xff, 0xff, 0xff, 0xff, 0xff, 0xff, 0xff, 0x20,
    0x8, 0xff, 0xff, 0xff, 0xff, 0xff, 0xff, 0xff,
    0xff, 0xff, 0x0, 0x1f, 0xff, 0xff, 0xff, 0xff,
    0xff, 0xff, 0xff, 0xff, 0xfa, 0x0, 0x3, 0x8e,
    0xff, 0xff, 0xff, 0xff, 0xff, 0xff, 0xff, 0xf3,
    0x0, 0x0, 0x0, 0x38, 0xcf, 0xff, 0xff, 0xff,
    0xff, 0xff, 0x80, 0x0, 0x0, 0x0, 0x0, 0x1,
    0x59, 0xbe, 0xff, 0xed, 0x93, 0x0, 0x0,

    /* U+0074 "t" */
    0x0, 0x0, 0x0, 0x0, 0x0, 0x0, 0x0, 0x0,
    0x0, 0x0, 0x0, 0x0, 0x0, 0x0, 0x0, 0x0,
    0x5, 0xc2, 0x0, 0x0, 0x0, 0x0, 0x0, 0x0,
    0x0, 0x0, 0x0, 0x6d, 0xff, 0x20, 0x0, 0x0,
    0x0, 0x0, 0x0, 0x0, 0x0, 0x8, 0xef, 0xff,
    0xf2, 0x0, 0x0, 0x0, 0x0, 0x0, 0x0, 0x0,
    0x3, 0xff, 0xff, 0xff, 0x10, 0x0, 0x0, 0x0,
    0x0, 0x0, 0x0, 0x0, 0x2f, 0xff, 0xff, 0xf1,
    0x0, 0x0, 0x0, 0x0, 0x0, 0x0, 0x0, 0x1,
    0xff, 0xff, 0xff, 0x10, 0x0, 0x0, 0x0, 0x0,
    0x0, 0x0, 0x0, 0xf, 0xff, 0xff, 0xf1, 0x0,
    0x0, 0x0, 0x0, 0x0, 0x0, 0x0, 0x0, 0xff,
    0xff, 0xff, 0x10, 0x0, 0x0, 0x0, 0x0, 0x0,
    0x0, 0x0, 0xf, 0xff, 0xff, 0xf1, 0x0, 0x0,
    0x0, 0x0, 0x0, 0x28, 0x88, 0x88, 0xff, 0xff,
    0xff, 0x10, 0x0, 0x0, 0x0, 0x0, 0x3, 0xff,
    0xff, 0xff, 0xff, 0xff, 0xff, 0xff, 0xfd, 0x0,
    0x0, 0x0, 0xf, 0xff, 0xff, 0xff, 0xff, 0xff,
    0xff, 0xff, 0xd0, 0x0, 0x0, 0x0, 0xdf, 0xff,
    0xff, 0xff, 0xff, 0xff, 0xff, 0xfd, 0x0, 0x0,
    0x0, 0xb, 0xff, 0xff, 0xff, 0xff, 0xff, 0xff,
    0xff, 0xd0, 0x0, 0x0, 0x0, 0x8f, 0xff, 0xff,
    0xff, 0xff, 0xff, 0xff, 0xfd, 0x0, 0x0, 0x0,
    0x4, 0xdd, 0xdd, 0xff, 0xff, 0xff, 0xdd, 0xdd,
    0xb0, 0x0, 0x0, 0x0, 0x0, 0x0, 0xf, 0xff,
    0xff, 0xc0, 0x0, 0x0, 0x0, 0x0, 0x0, 0x0,
    0x0, 0x0, 0xff, 0xff, 0xfb, 0x0, 0x0, 0x0,
    0x0, 0x0, 0x0, 0x0, 0x0, 0xf, 0xff, 0xff,
    0xa0, 0x0, 0x0, 0x0, 0x19, 0x0, 0x0, 0x0,
    0x0, 0xef, 0xff, 0xf9, 0x0, 0x0, 0x0, 0x7f,
    0xf6, 0x0, 0x0, 0x0, 0xe, 0xff, 0xff, 0xa0,
    0x0, 0x4, 0xdf, 0xff, 0xb0, 0x0, 0x0, 0x0,
    0xdf, 0xff, 0xfc, 0x0, 0x0, 0xff, 0xff, 0xfe,
    0x0, 0x0, 0x0, 0xb, 0xff, 0xff, 0xf4, 0x0,
    0x7f, 0xff, 0xff, 0xf0, 0x0, 0x0, 0x0, 0x9f,
    0xff, 0xff, 0xfe, 0xef, 0xff, 0xff, 0xff, 0x0,
    0x0, 0x0, 0x3, 0xff, 0xff, 0xff, 0xff, 0xff,
    0xff, 0xff, 0xd0, 0x0, 0x0, 0x0, 0xa, 0xff,
    0xff, 0xff, 0xff, 0xff, 0xff, 0xf8, 0x0, 0x0,
    0x0, 0x0, 0x1d, 0xff, 0xff, 0xff, 0xff, 0xff,
    0xfe, 0x10, 0x0, 0x0, 0x0, 0x0, 0x2d, 0xff,
    0xff, 0xff, 0xff, 0xfb, 0x20, 0x0, 0x0, 0x0,
    0x0, 0x0, 0x5, 0xad, 0xff, 0xda, 0x62, 0x0,
    0x0,

    /* U+0075 "u" */
    0x0, 0x0, 0x0, 0x0, 0x0, 0x0, 0x0, 0x0,
    0x0, 0x0, 0x7f, 0xec, 0xb9, 0x74, 0x0, 0x0,
    0x0, 0x0, 0x0, 0x0, 0x9f, 0xff, 0xff, 0xfc,
    0x0, 0x0, 0x38, 0x88, 0x88, 0x60, 0xbf, 0xff,
    0xff, 0xfb, 0x0, 0x0, 0x6f, 0xff, 0xff, 0xd0,
    0xdf, 0xff, 0xff, 0xfb, 0x0, 0x0, 0x6f, 0xff,
    0xff, 0xf0, 0xef, 0xff, 0xff, 0xfa, 0x0, 0x0,
    0x6f, 0xff, 0xff, 0xf2, 0xef, 0xff, 0xff, 0xf9,
    0x0, 0x0, 0x6f, 0xff, 0xff, 0xf4, 0xff, 0xff,
    0xff, 0xf8, 0x0, 0x0, 0x8f, 0xff, 0xff, 0xf5,
    0xff, 0xff, 0xff, 0xf8, 0x0, 0x0, 0xaf, 0xff,
    0xff, 0xf5, 0xff, 0xff, 0xff, 0xf9, 0x0, 0x0,
    0xdf, 0xff, 0xff, 0xf3, 0xef, 0xff, 0xff, 0xfa,
    0x0, 0x1, 0xff, 0xff, 0xff, 0xf1, 0xcf, 0xff,
    0xff, 0xfe, 0x0, 0x7, 0xff, 0xff, 0xff, 0xe0,
    0xaf, 0xff, 0xff, 0xff, 0x30, 0xc, 0xff, 0xff,
    0xff, 0xa0, 0x7f, 0xff, 0xff, 0xff, 0xa0, 0x3f,
    0xff, 0xff, 0xff, 0x60, 0x3f, 0xff, 0xff, 0xff,
    0xfa, 0xdf, 0xff, 0xff, 0xff, 0x0, 0xb, 0xff,
    0xff, 0xff, 0xff, 0xff, 0xff, 0xff, 0xf7, 0x0,
    0x1, 0xef, 0xff, 0xff, 0xff, 0xff, 0xff, 0xff,
    0xc0, 0x0, 0x0, 0x2e, 0xff, 0xff, 0xff, 0xff,
    0xff, 0xfe, 0x10, 0x0, 0x0, 0x1, 0x9f, 0xff,
    0xff, 0xff, 0xff, 0xc1, 0x0, 0x0, 0x0, 0x0,
    0x1, 0x7b, 0xef, 0xfd, 0xa4, 0x0, 0x0, 0x0,

    /* U+0076 "v" */
    0x5f, 0xff, 0xff, 0xff, 0xa0, 0x0, 0x0, 0x5,
    0x75, 0x42, 0x10, 0x0, 0xff, 0xff, 0xff, 0xff,
    0x0, 0x0, 0x0, 0xff, 0xff, 0xff, 0xfa, 0x9,
    0xff, 0xff, 0xff, 0xf6, 0x0, 0x0, 0x5f, 0xff,
    0xff, 0xff, 0x50, 0x3f, 0xff, 0xff, 0xff, 0xb0,
    0x0, 0xb, 0xff, 0xff, 0xff, 0xe0, 0x0, 0xdf,
    0xff, 0xff, 0xff, 0x10, 0x1, 0xff, 0xff, 0xff,
    0xf9, 0x0, 0x7, 0xff, 0xff, 0xff, 0xf7, 0x0,
    0x7f, 0xff, 0xff, 0xff, 0x20, 0x0, 0x1f, 0xff,
    0xff, 0xff, 0xd0, 0xd, 0xff, 0xff, 0xff, 0xc0,
    0x0, 0x0, 0xaf, 0xff, 0xff, 0xff, 0x33, 0xff,
    0xff, 0xff, 0xf6, 0x0, 0x0, 0x4, 0xff, 0xff,
    0xff, 0xf8, 0xaf, 0xff, 0xff, 0xff, 0x0, 0x0,
    0x0, 0xe, 0xff, 0xff, 0xff, 0xef, 0xff, 0xff,
    0xff, 0x90, 0x0, 0x0, 0x0, 0x8f, 0xff, 0xff,
    0xff, 0xff, 0xff, 0xff, 0xf3, 0x0, 0x0, 0x0,
    0x2, 0xff, 0xff, 0xff, 0xff, 0xff, 0xff, 0xfd,
    0x0, 0x0, 0x0, 0x0, 0xb, 0xff, 0xff, 0xff,
    0xff, 0xff, 0xff, 0x70, 0x0, 0x0, 0x0, 0x0,
    0x5f, 0xff, 0xff, 0xff, 0xff, 0xff, 0xf1, 0x0,
    0x0, 0x0, 0x0, 0x0, 0xef, 0xff, 0xff, 0xff,
    0xff, 0xfa, 0x0, 0x0, 0x0, 0x0, 0x0, 0x9,
    0xff, 0xff, 0xff, 0xff, 0xff, 0x40, 0x0, 0x0,
    0x0, 0x0, 0x0, 0x3f, 0xff, 0xff, 0xff, 0xff,
    0xd0, 0x0, 0x0, 0x0, 0x0, 0x0, 0x0, 0xcf,
    0xff, 0xff, 0xff, 0xf7, 0x0, 0x0, 0x0, 0x0,
    0x0, 0x0, 0x6, 0xff, 0xff, 0xff, 0xff, 0x10,
    0x0, 0x0, 0x0, 0x0, 0x0, 0x0, 0x1f, 0xff,
    0xff, 0xff, 0xb0, 0x0, 0x0, 0x0, 0x0, 0x0,
    0x0, 0x0, 0x58, 0x88, 0x88, 0x83, 0x0, 0x0,
    0x0, 0x0,

    /* U+0077 "w" */
    0x5f, 0xff, 0xff, 0xff, 0xa0, 0x0, 0x5f, 0xff,
    0xff, 0xff, 0xa0, 0x0, 0x0, 0x5, 0x75, 0x42,
    0x10, 0x0, 0xff, 0xff, 0xff, 0xff, 0x0, 0x0,
    0xef, 0xff, 0xff, 0xff, 0x0, 0x0, 0x0, 0xff,
    0xff, 0xff, 0xfa, 0x9, 0xff, 0xff, 0xff, 0xf6,
    0x0, 0x8, 0xff, 0xff, 0xff, 0xf6, 0x0, 0x0,
    0x5f, 0xff, 0xff, 0xff, 0x50, 0x3f, 0xff, 0xff,
    0xff, 0xb0, 0x0, 0x2f, 0xff, 0xff, 0xff, 0xb0,
    0x0, 0xb, 0xff, 0xff, 0xff, 0xe0, 0x0, 0xcf,
    0xff, 0xff, 0xff, 0x10, 0x2, 0xff, 0xff, 0xff,
    0xff, 0x10, 0x1, 0xff, 0xff, 0xff, 0xf8, 0x0,
    0x6, 0xff, 0xff, 0xff, 0xf7, 0x0, 0x8f, 0xff,
    0xff, 0xff, 0xf7, 0x0, 0x7f, 0xff, 0xff, 0xff,
    0x20, 0x0, 0x1f, 0xff, 0xff, 0xff, 0xd0, 0xe,
    0xff, 0xff, 0xff, 0xff, 0xd0, 0xd, 0xff, 0xff,
    0xff, 0xc0, 0x0, 0x0, 0xaf, 0xff, 0xff, 0xff,
    0x34, 0xff, 0xff, 0xff, 0xff, 0xff, 0x33, 0xff,
    0xff, 0xff, 0xf5, 0x0, 0x0, 0x4, 0xff, 0xff,
    0xff, 0xf8, 0xaf, 0xff, 0xff, 0xff, 0xff, 0xf8,
    0xaf, 0xff, 0xff, 0xff, 0x0, 0x0, 0x0, 0xd,
    0xff, 0xff, 0xff, 0xef, 0xff, 0xff, 0xff, 0xff,
    0xff, 0xef, 0xff, 0xff, 0xff, 0x90, 0x0, 0x0,
    0x0, 0x7f, 0xff, 0xff, 0xff, 0xff, 0xff, 0xff,
    0xff, 0xff, 0xff, 0xff, 0xff, 0xff, 0xf3, 0x0,
    0x0, 0x0, 0x1, 0xff, 0xff, 0xff, 0xff, 0xff,
    0xff, 0xff, 0xff, 0xff, 0xff, 0xff, 0xff, 0xfc,
    0x0, 0x0, 0x0, 0x0, 0xb, 0xff, 0xff, 0xff,
    0xff, 0xff, 0xff, 0xff, 0xff, 0xff, 0xff, 0xff,
    0xff, 0x60, 0x0, 0x0, 0x0, 0x0, 0x4f, 0xff,
    0xff, 0xff, 0xff, 0xff, 0xff, 0xff, 0xff, 0xff,
    0xff, 0xff, 0xf0, 0x0, 0x0, 0x0, 0x0, 0x0,
    0xef, 0xff, 0xff, 0xff, 0xff, 0xfb, 0xdf, 0xff,
    0xff, 0xff, 0xff, 0xf9, 0x0, 0x0, 0x0, 0x0,
    0x0, 0x8, 0xff, 0xff, 0xff, 0xff, 0xff, 0x47,
    0xff, 0xff, 0xff, 0xff, 0xff, 0x30, 0x0, 0x0,
    0x0, 0x0, 0x0, 0x2f, 0xff, 0xff, 0xff, 0xff,
    0xd0, 0x1f, 0xff, 0xff, 0xff, 0xff, 0xd0, 0x0,
    0x0, 0x0, 0x0, 0x0, 0x0, 0xbf, 0xff, 0xff,
    0xff, 0xf6, 0x0, 0xbf, 0xff, 0xff, 0xff, 0xf6,
    0x0, 0x0, 0x0, 0x0, 0x0, 0x0, 0x5, 0xff,
    0xff, 0xff, 0xff, 0x0, 0x5, 0xff, 0xff, 0xff,
    0xff, 0x10, 0x0, 0x0, 0x0, 0x0, 0x0, 0x0,
    0xe, 0xff, 0xff, 0xff, 0x80, 0x0, 0xe, 0xff,
    0xff, 0xff, 0xa0, 0x0, 0x0, 0x0, 0x0, 0x0,
    0x0, 0x0, 0x35, 0x55, 0x55, 0x51, 0x0, 0x0,
    0x35, 0x55, 0x55, 0x51, 0x0, 0x0, 0x0, 0x0,

    /* U+0078 "x" */
    0x3f, 0xff, 0xff, 0xff, 0xd0, 0x0, 0x0, 0x0,
    0xdf, 0xff, 0xff, 0xff, 0x30, 0x6f, 0xff, 0xff,
    0xff, 0x80, 0x0, 0x0, 0x9f, 0xff, 0xff, 0xff,
    0x60, 0x0, 0xaf, 0xff, 0xff, 0xff, 0x40, 0x0,
    0x4f, 0xff, 0xff, 0xff, 0xa0, 0x0, 0x0, 0xdf,
    0xff, 0xff, 0xfe, 0x10, 0x1e, 0xff, 0xff, 0xff,
    0xd0, 0x0, 0x0, 0x2, 0xff, 0xff, 0xff, 0xfb,
    0xb, 0xff, 0xff, 0xff, 0xf2, 0x0, 0x0, 0x0,
    0x5, 0xff, 0xff, 0xff, 0xfb, 0xff, 0xff, 0xff,
    0xf5, 0x0, 0x0, 0x0, 0x0, 0x8, 0xff, 0xff,
    0xff, 0xff, 0xff, 0xff, 0xf8, 0x0, 0x0, 0x0,
    0x0, 0x0, 0xc, 0xff, 0xff, 0xff, 0xff, 0xff,
    0xfc, 0x0, 0x0, 0x0, 0x0, 0x0, 0x0, 0x1e,
    0xff, 0xff, 0xff, 0xff, 0xfe, 0x10, 0x0, 0x0,
    0x0, 0x0, 0x0, 0x0, 0x3f, 0xff, 0xff, 0xff,
    0xff, 0x30, 0x0, 0x0, 0x0, 0x0, 0x0, 0x0,
    0x0, 0x8f, 0xff, 0xff, 0xff, 0x80, 0x0, 0x0,
    0x0, 0x0, 0x0, 0x0, 0x0, 0xd, 0xff, 0xff,
    0xff, 0xfd, 0x0, 0x0, 0x0, 0x0, 0x0, 0x0,
    0x0, 0x9, 0xff, 0xff, 0xff, 0xff, 0xf9, 0x0,
    0x0, 0x0, 0x0, 0x0, 0x0, 0x5, 0xff, 0xff,
    0xff, 0xff, 0xff, 0xf5, 0x0, 0x0, 0x0, 0x0,
    0x0, 0x2, 0xff, 0xff, 0xff, 0xff, 0xff, 0xff,
    0xf2, 0x0, 0x0, 0x0, 0x0, 0x0, 0xdf, 0xff,
    0xff, 0xff, 0xff, 0xff, 0xff, 0xd0, 0x0, 0x0,
    0x0, 0x0, 0x9f, 0xff, 0xff, 0xfe, 0x2e, 0xff,
    0xff, 0xff, 0x90, 0x0, 0x0, 0x0, 0x5f, 0xff,
    0xff, 0xff, 0x30, 0x3f, 0xff, 0xff, 0xff, 0x50,
    0x0, 0x0, 0x2f, 0xff, 0xff, 0xff, 0x70, 0x0,
    0x7f, 0xff, 0xff, 0xff, 0x20, 0x0, 0xd, 0xff,
    0xff, 0xff, 0xb0, 0x0, 0x0, 0xbf, 0xff, 0xff,
    0xfc, 0x0, 0x3, 0x88, 0x88, 0x88, 0x71, 0x0,
    0x0, 0x1, 0x78, 0x88, 0x88, 0x83, 0x0,

    /* U+0079 "y" */
    0x0, 0x0, 0x0, 0x30, 0x0, 0x0, 0x0, 0x0,
    0x0, 0x0, 0x0, 0x0, 0x0, 0x5, 0xdf, 0x20,
    0x0, 0x0, 0x0, 0x5, 0x0, 0x0, 0x0, 0x0,
    0x6d, 0xff, 0xfa, 0x0, 0x0, 0x0, 0x3, 0xff,
    0x93, 0x0, 0x0, 0xdf, 0xff, 0xff, 0xf3, 0x0,
    0x0, 0x0, 0x8f, 0xff, 0xfc, 0x60, 0xa, 0xff,
    0xff, 0xff, 0xb0, 0x0, 0x0, 0xe, 0xff, 0xff,
    0xff, 0x70, 0x2f, 0xff, 0xff, 0xff, 0x40, 0x0,
    0x4, 0xff, 0xff, 0xff, 0xf1, 0x0, 0x9f, 0xff,
    0xff, 0xfc, 0x0, 0x0, 0x9f, 0xff, 0xff, 0xfa,
    0x0, 0x1, 0xff, 0xff, 0xff, 0xf5, 0x0, 0xe,
    0xff, 0xff, 0xff, 0x30, 0x0, 0x8, 0xff, 0xff,
    0xff, 0xd0, 0x4, 0xff, 0xff, 0xff, 0xd0, 0x0,
    0x0, 0xe, 0xff, 0xff, 0xff, 0x50, 0xaf, 0xff,
    0xff, 0xf6, 0x0, 0x0, 0x0, 0x7f, 0xff, 0xff,
    0xfe, 0x1f, 0xff, 0xff, 0xff, 0x0, 0x0, 0x0,
    0x0, 0xef, 0xff, 0xff, 0xfc, 0xff, 0xff, 0xff,
    0x90, 0x0, 0x0, 0x0, 0x6, 0xff, 0xff, 0xff,
    0xff, 0xff, 0xff, 0xf3, 0x0, 0x0, 0x0, 0x0,
    0xd, 0xff, 0xff, 0xff, 0xff, 0xff, 0xfc, 0x0,
    0x0, 0x0, 0x0, 0x0, 0x5f, 0xff, 0xff, 0xff,
    0xff, 0xff, 0x60, 0x0, 0x0, 0x0, 0x0, 0x0,
    0xcf, 0xff, 0xff, 0xff, 0xff, 0xf0, 0x0, 0x0,
    0x0, 0x0, 0x0, 0x4, 0xff, 0xff, 0xff, 0xff,
    0xf9, 0x0, 0x0, 0x0, 0x0, 0x0, 0x0, 0xb,
    0xff, 0xff, 0xff, 0xff, 0x20, 0x0, 0x0, 0x0,
    0x0, 0x0, 0x0, 0x3f, 0xff, 0xff, 0xff, 0xc0,
    0x0, 0x0, 0x0, 0x0, 0x0, 0x0, 0x0, 0xcf,
    0xff, 0xff, 0xf5, 0x0, 0x0, 0x0, 0x0, 0x0,
    0x0, 0x0, 0x1f, 0xff, 0xff, 0xfe, 0x0, 0x0,
    0x0, 0x0, 0x0, 0x0, 0x0, 0x6, 0xff, 0xff,
    0xff, 0x80, 0x0, 0x0, 0x0, 0x0, 0x0, 0x0,
    0x0, 0xcf, 0xff, 0xff, 0xf2, 0x0, 0x0, 0x0,
    0x0, 0x0, 0x0, 0x0, 0x2f, 0xff, 0xff, 0xfb,
    0x0, 0x0, 0x0, 0x0, 0x0, 0x0, 0x0, 0x8,
    0xff, 0xff, 0xff, 0x50, 0x0, 0x0, 0x0, 0x0,
    0x0, 0x0, 0x0, 0xdf, 0xff, 0xff, 0xe0, 0x0,
    0x0, 0x0, 0x0, 0x0, 0x0, 0x0, 0x3f, 0xff,
    0xff, 0xf8, 0x0, 0x0, 0x0, 0x0, 0x0, 0x0,
    0x0, 0x9, 0xff, 0xff, 0xff, 0x20, 0x0, 0x0,
    0x0, 0x0, 0x0, 0x0, 0x0, 0xdf, 0xff, 0xff,
    0xb0, 0x0, 0x0, 0x0, 0x0, 0x0, 0x0, 0x0,
    0x0, 0x5b, 0xff, 0xf5, 0x0, 0x0, 0x0, 0x0,
    0x0, 0x0, 0x0, 0x0, 0x0, 0x2, 0x8c, 0x0,
    0x0, 0x0, 0x0, 0x0, 0x0,

    /* U+007A "z" */
    0xcf, 0xff, 0xff, 0xff, 0xff, 0xff, 0xff, 0xff,
    0xff, 0xff, 0xff, 0xf3, 0xaf, 0xff, 0xff, 0xff,
    0xff, 0xff, 0xff, 0xff, 0xff, 0xff, 0xff, 0x60,
    0x8f, 0xff, 0xff, 0xff, 0xff, 0xff, 0xff, 0xff,
    0xff, 0xff, 0xfa, 0x0, 0x6f, 0xff, 0xff, 0xff,
    0xff, 0xff, 0xff, 0xff, 0xff, 0xff, 0xd0, 0x0,
    0x4f, 0xff, 0xff, 0xff, 0xff, 0xff, 0xff, 0xff,
    0xff, 0xff, 0x20, 0x0, 0x2f, 0xff, 0xff, 0xff,
    0xff, 0xff, 0xff, 0xff, 0xff, 0xf5, 0x0, 0x0,
    0xb, 0xbb, 0xbb, 0xbb, 0xbb, 0xbf, 0xff, 0xff,
    0xff, 0x80, 0x0, 0x0, 0x0, 0x0, 0x0, 0x0,
    0x0, 0x6f, 0xff, 0xff, 0xfc, 0x0, 0x0, 0x0,
    0x0, 0x0, 0x0, 0x0, 0x2, 0xff, 0xff, 0xff,
    0xe1, 0x0, 0x0, 0x0, 0x0, 0x0, 0x0, 0x0,
    0xd, 0xff, 0xff, 0xff, 0x30, 0x0, 0x0, 0x0,
    0x0, 0x0, 0x0, 0x0, 0xaf, 0xff, 0xff, 0xf7,
    0x0, 0x0, 0x0, 0x0, 0x0, 0x0, 0x0, 0x6,
    0xff, 0xff, 0xff, 0xa0, 0x0, 0x0, 0x0, 0x0,
    0x0, 0x0, 0x0, 0x3f, 0xff, 0xff, 0xfd, 0x0,
    0x0, 0x0, 0x0, 0x0, 0x0, 0x0, 0x0, 0xdf,
    0xff, 0xff, 0xf2, 0x0, 0x0, 0x0, 0x0, 0x0,
    0x0, 0x0, 0xa, 0xff, 0xff, 0xff, 0x50, 0x0,
    0x0, 0x0, 0x0, 0x0, 0x0, 0x0, 0x6f, 0xff,
    0xff, 0xfe, 0xaa, 0xaa, 0xaa, 0xaa, 0xaa, 0x90,
    0x0, 0x3, 0xff, 0xff, 0xff, 0xff, 0xff, 0xff,
    0xff, 0xff, 0xff, 0xe0, 0x0, 0x1e, 0xff, 0xff,
    0xff, 0xff, 0xff, 0xff, 0xff, 0xff, 0xff, 0xd0,
    0x0, 0xbf, 0xff, 0xff, 0xff, 0xff, 0xff, 0xff,
    0xff, 0xff, 0xff, 0xc0, 0x7, 0xff, 0xff, 0xff,
    0xff, 0xff, 0xff, 0xff, 0xff, 0xff, 0xff, 0xb0,
    0x3f, 0xff, 0xff, 0xff, 0xff, 0xff, 0xff, 0xff,
    0xff, 0xff, 0xff, 0xa0,

    /* U+007B "{" */
    0x0, 0x0, 0x0, 0x0, 0x0, 0x0, 0x0, 0x0,
    0x0, 0x0, 0x0, 0x0, 0x6, 0xd3, 0x0, 0x0,
    0x0, 0x0, 0x3, 0xdf, 0xf1, 0x0, 0x0, 0x0,
    0x0, 0x7f, 0xff, 0xf0, 0x0, 0x0, 0x0, 0xa,
    0xff, 0xff, 0xd0, 0x0, 0x0, 0x1, 0xcf, 0xff,
    0xff, 0xa0, 0x0, 0x0, 0x2d, 0xff, 0xff, 0xff,
    0x80, 0x0, 0x2, 0xef, 0xff, 0xff, 0xfc, 0x10,
    0x0, 0x1d, 0xff, 0xff, 0xff, 0xa0, 0x0, 0x0,
    0xbf, 0xff, 0xff, 0xfb, 0x0, 0x0, 0x6, 0xff,
    0xff, 0xff, 0xd1, 0x0, 0x0, 0xe, 0xff, 0xff,
    0xff, 0x20, 0x0, 0x0, 0x5f, 0xff, 0xff, 0xf7,
    0x0, 0x0, 0x0, 0x8f, 0xff, 0xff, 0xe0, 0x0,
    0x0, 0x0, 0xaf, 0xff, 0xff, 0x70, 0x0, 0x0,
    0x0, 0xbf, 0xff, 0xff, 0x20, 0x0, 0x0, 0x0,
    0xdf, 0xff, 0xff, 0x0, 0x0, 0x0, 0x0, 0xdf,
    0xff, 0xfd, 0x0, 0x0, 0x0, 0x0, 0xdf, 0xff,
    0xfd, 0x0, 0x0, 0x0, 0x0, 0xbf, 0xff, 0xff,
    0x0, 0x0, 0x0, 0x0, 0x8f, 0xff, 0xff, 0x30,
    0x0, 0x0, 0x0, 0x5f, 0xff, 0xff, 0x90, 0x0,
    0x0, 0x0, 0xf, 0xff, 0xff, 0xf2, 0x0, 0x0,
    0x0, 0x9, 0xff, 0xff, 0xfc, 0x0, 0x0, 0x0,
    0x2, 0xff, 0xff, 0xff, 0x80, 0x0, 0x0, 0x0,
    0xaf, 0xff, 0xff, 0xf7, 0x0, 0x0, 0x0, 0x1f,
    0xff, 0xff, 0xff, 0x80, 0x0, 0x0, 0x6, 0xff,
    0xff, 0xff, 0xf5, 0x0, 0x0, 0x0, 0x9f, 0xff,
    0xff, 0xf4, 0x0, 0x0, 0x0, 0xb, 0xff, 0xff,
    0xf2, 0x0, 0x0, 0x0, 0x0, 0xcf, 0xff, 0xf1,
    0x0, 0x0, 0x0, 0x0, 0xb, 0xff, 0xf0, 0x0,
    0x0, 0x0, 0x0, 0x0, 0xaf, 0xe0, 0x0, 0x0,
    0x0, 0x0, 0x0, 0x7, 0xc0, 0x0, 0x0, 0x0,
    0x0, 0x0, 0x0, 0x10, 0x0,

    /* U+007C "|" */
    0x0, 0x0, 0x0, 0x0, 0x0, 0x0, 0x1, 0x59,
    0xd9, 0x15, 0x9d, 0xff, 0xff, 0xa6, 0xff, 0xff,
    0xff, 0xf9, 0x6f, 0xff, 0xff, 0xff, 0x97, 0xff,
    0xff, 0xff, 0xf9, 0x7f, 0xff, 0xff, 0xff, 0x97,
    0xff, 0xff, 0xff, 0xf9, 0x7f, 0xff, 0xff, 0xff,
    0x98, 0xff, 0xff, 0xff, 0xf9, 0x8f, 0xff, 0xff,
    0xff, 0x88, 0xff, 0xff, 0xff, 0xf8, 0x8f, 0xff,
    0xff, 0xff, 0x89, 0xff, 0xff, 0xff, 0xf8, 0x9f,
    0xff, 0xff, 0xff, 0x89, 0xff, 0xff, 0xff, 0xf8,
    0x9f, 0xff, 0xff, 0xff, 0x7a, 0xff, 0xff, 0xff,
    0xf7, 0xaf, 0xff, 0xff, 0xff, 0x7a, 0xff, 0xff,
    0xff, 0xf7, 0xaf, 0xff, 0xff, 0xff, 0x7b, 0xff,
    0xff, 0xff, 0xf7, 0xbf, 0xff, 0xff, 0xff, 0x7b,
    0xff, 0xff, 0xff, 0xf6, 0xbf, 0xff, 0xff, 0xff,
    0x6c, 0xff, 0xff, 0xff, 0xf6, 0xcf, 0xff, 0xff,
    0xff, 0x6c, 0xff, 0xff, 0xff, 0xf6, 0xcf, 0xff,
    0xff, 0xff, 0x6c, 0xff, 0xff, 0xff, 0xf6, 0xdf,
    0xff, 0xff, 0xff, 0x5d, 0xff, 0xff, 0xff, 0xf5,
    0xdf, 0xff, 0xff, 0xff, 0x5d, 0xff, 0xff, 0xff,
    0xf5, 0xef, 0xff, 0xff, 0xff, 0x5e, 0xff, 0xff,
    0xff, 0xf5, 0xef, 0xff, 0xff, 0xff, 0x5e, 0xff,
    0xff, 0xff, 0xf4, 0xff, 0xff, 0xff, 0xff, 0x4f,
    0xff, 0xff, 0xff, 0xf4, 0xff, 0xff, 0xff, 0xff,
    0x3f, 0xec, 0x96, 0x41, 0x0, 0x10, 0x0, 0x0,
    0x0, 0x0,

    /* U+007D "}" */
    0x0, 0x0, 0x0, 0x0, 0x0, 0x0, 0x0, 0x3d,
    0x60, 0x0, 0x0, 0x0, 0x0, 0x0, 0x1f, 0xfd,
    0x30, 0x0, 0x0, 0x0, 0x0, 0xf, 0xff, 0xf7,
    0x0, 0x0, 0x0, 0x0, 0xd, 0xff, 0xff, 0xa0,
    0x0, 0x0, 0x0, 0xa, 0xff, 0xff, 0xfc, 0x10,
    0x0, 0x0, 0x8, 0xff, 0xff, 0xff, 0xd1, 0x0,
    0x0, 0x1, 0xcf, 0xff, 0xff, 0xfd, 0x0, 0x0,
    0x0, 0xa, 0xff, 0xff, 0xff, 0xb0, 0x0, 0x0,
    0x0, 0x9f, 0xff, 0xff, 0xf6, 0x0, 0x0, 0x0,
    0x9, 0xff, 0xff, 0xfe, 0x10, 0x0, 0x0, 0x0,
    0xbf, 0xff, 0xff, 0x70, 0x0, 0x0, 0x0, 0x1f,
    0xff, 0xff, 0xe0, 0x0, 0x0, 0x0, 0x9, 0xff,
    0xff, 0xf3, 0x0, 0x0, 0x0, 0x4, 0xff, 0xff,
    0xf7, 0x0, 0x0, 0x0, 0x1, 0xff, 0xff, 0xfa,
    0x0, 0x0, 0x0, 0x0, 0xff, 0xff, 0xfc, 0x0,
    0x0, 0x0, 0x0, 0xdf, 0xff, 0xfd, 0x0, 0x0,
    0x0, 0x0, 0xdf, 0xff, 0xfd, 0x0, 0x0, 0x0,
    0x0, 0xff, 0xff, 0xfb, 0x0, 0x0, 0x0, 0x3,
    0xff, 0xff, 0xf8, 0x0, 0x0, 0x0, 0x9, 0xff,
    0xff, 0xf5, 0x0, 0x0, 0x0, 0x2f, 0xff, 0xff,
    0xf0, 0x0, 0x0, 0x0, 0xbf, 0xff, 0xff, 0xa0,
    0x0, 0x0, 0x8, 0xff, 0xff, 0xff, 0x30, 0x0,
    0x0, 0x7f, 0xff, 0xff, 0xfa, 0x0, 0x0, 0x7,
    0xff, 0xff, 0xff, 0xf2, 0x0, 0x0, 0x5f, 0xff,
    0xff, 0xff, 0x60, 0x0, 0x0, 0x4f, 0xff, 0xff,
    0xfa, 0x0, 0x0, 0x0, 0x2f, 0xff, 0xff, 0xc0,
    0x0, 0x0, 0x0, 0x1f, 0xff, 0xfc, 0x10, 0x0,
    0x0, 0x0, 0xf, 0xff, 0xb0, 0x0, 0x0, 0x0,
    0x0, 0xe, 0xfa, 0x0, 0x0, 0x0, 0x0, 0x0,
    0xc, 0x70, 0x0, 0x0, 0x0, 0x0, 0x0, 0x1,
    0x0, 0x0, 0x0, 0x0, 0x0,

    /* U+007E "~" */
    0x0, 0x0, 0x0, 0x0, 0x0, 0x0, 0x0, 0x0,
    0x0, 0x2, 0x9d, 0xfe, 0x80, 0x0, 0x0, 0x0,
    0x92, 0x9, 0xff, 0xff, 0xff, 0xc3, 0x0, 0x3,
    0xbf, 0x40, 0xff, 0xff, 0xff, 0xff, 0xfe, 0xef,
    0xff, 0xf6, 0x1f, 0xff, 0xff, 0xff, 0xff, 0xff,
    0xff, 0xff, 0x82, 0xb6, 0x43, 0x35, 0x9f, 0xff,
    0xff, 0xff, 0xf8, 0x0, 0x0, 0x0, 0x0, 0x4d,
    0xfe, 0xc9, 0x51, 0x0
};


/*---------------------
 *  GLYPH DESCRIPTION
 *--------------------*/

static const lv_font_fmt_txt_glyph_dsc_t glyph_dsc[] = {
    {.bitmap_index = 0, .adv_w = 0, .box_w = 0, .box_h = 0, .ofs_x = 0, .ofs_y = 0} /* id = 0 reserved */,
    {.bitmap_index = 0, .adv_w = 240, .box_w = 0, .box_h = 0, .ofs_x = 0, .ofs_y = 0},
    {.bitmap_index = 0, .adv_w = 96, .box_w = 10, .box_h = 30, .ofs_x = -2, .ofs_y = 0},
    {.bitmap_index = 150, .adv_w = 240, .box_w = 16, .box_h = 11, .ofs_x = -2, .ofs_y = 16},
    {.bitmap_index = 238, .adv_w = 264, .box_w = 19, .box_h = 19, .ofs_x = -1, .ofs_y = 9},
    {.bitmap_index = 419, .adv_w = 264, .box_w = 23, .box_h = 36, .ofs_x = -3, .ofs_y = -5},
    {.bitmap_index = 833, .adv_w = 336, .box_w = 27, .box_h = 31, .ofs_x = -3, .ofs_y = -5},
    {.bitmap_index = 1252, .adv_w = 288, .box_w = 24, .box_h = 32, .ofs_x = -3, .ofs_y = -3},
    {.bitmap_index = 1636, .adv_w = 96, .box_w = 7, .box_h = 11, .ofs_x = 0, .ofs_y = 16},
    {.bitmap_index = 1675, .adv_w = 192, .box_w = 14, .box_h = 35, .ofs_x = 0, .ofs_y = -6},
    {.bitmap_index = 1920, .adv_w = 192, .box_w = 14, .box_h = 35, .ofs_x = -2, .ofs_y = -6},
    {.bitmap_index = 2165, .adv_w = 192, .box_w = 17, .box_h = 15, .ofs_x = -3, .ofs_y = 14},
    {.bitmap_index = 2293, .adv_w = 216, .box_w = 16, .box_h = 14, .ofs_x = -1, .ofs_y = 7},
    {.bitmap_index = 2405, .adv_w = 192, .box_w = 13, .box_h = 10, .ofs_x = -2, .ofs_y = -6},
    {.bitmap_index = 2470, .adv_w = 216, .box_w = 16, .box_h = 6, .ofs_x = -1, .ofs_y = 12},
    {.bitmap_index = 2518, .adv_w = 96, .box_w = 8, .box_h = 7, .ofs_x = -1, .ofs_y = 0},
    {.bitmap_index = 2546, .adv_w = 336, .box_w = 27, .box_h = 31, .ofs_x = -3, .ofs_y = -5},
    {.bitmap_index = 2965, .adv_w = 264, .box_w = 19, .box_h = 25, .ofs_x = -1, .ofs_y = 0},
    {.bitmap_index = 3203, .adv_w = 120, .box_w = 11, .box_h = 29, .ofs_x = -2, .ofs_y = 0},
    {.bitmap_index = 3363, .adv_w = 264, .box_w = 21, .box_h = 31, .ofs_x = -2, .ofs_y = -4},
    {.bitmap_index = 3689, .adv_w = 288, .box_w = 24, .box_h = 26, .ofs_x = -3, .ofs_y = 0},
    {.bitmap_index = 4001, .adv_w = 264, .box_w = 20, .box_h = 30, .ofs_x = -2, .ofs_y = -4},
    {.bitmap_index = 4301, .adv_w = 288, .box_w = 25, .box_h = 28, .ofs_x = -4, .ofs_y = 0},
    {.bitmap_index = 4651, .adv_w = 288, .box_w = 20, .box_h = 30, .ofs_x = -1, .ofs_y = 0},
    {.bitmap_index = 4951, .adv_w = 336, .box_w = 27, .box_h = 34, .ofs_x = -3, .ofs_y = -6},
    {.bitmap_index = 5410, .adv_w = 288, .box_w = 23, .box_h = 27, .ofs_x = -2, .ofs_y = 0},
    {.bitmap_index = 5721, .adv_w = 288, .box_w = 21, .box_h = 35, .ofs_x = -1, .ofs_y = -8},
    {.bitmap_index = 6089, .adv_w = 264, .box_w = 11, .box_h = 16, .ofs_x = 2, .ofs_y = 0},
    {.bitmap_index = 6177, .adv_w = 216, .box_w = 13, .box_h = 21, .ofs_x = -2, .ofs_y = -5},
    {.bitmap_index = 6314, .adv_w = 240, .box_w = 18, .box_h = 17, .ofs_x = 0, .ofs_y = 7},
    {.bitmap_index = 6467, .adv_w = 216, .box_w = 16, .box_h = 12, .ofs_x = -1, .ofs_y = 8},
    {.bitmap_index = 6563, .adv_w = 240, .box_w = 19, .box_h = 17, .ofs_x = -2, .ofs_y = 7},
    {.bitmap_index = 6725, .adv_w = 264, .box_w = 21, .box_h = 27, .ofs_x = -2, .ofs_y = 0},
    {.bitmap_index = 7009, .adv_w = 312, .box_w = 23, .box_h = 25, .ofs_x = -2, .ofs_y = 0},
    {.bitmap_index = 7297, .adv_w = 264, .box_w = 31, .box_h = 37, .ofs_x = -7, .ofs_y = -9},
    {.bitmap_index = 7871, .adv_w = 288, .box_w = 24, .box_h = 28, .ofs_x = -2, .ofs_y = -1},
    {.bitmap_index = 8207, .adv_w = 288, .box_w = 23, .box_h = 25, .ofs_x = -2, .ofs_y = 0},
    {.bitmap_index = 8495, .adv_w = 312, .box_w = 22, .box_h = 28, .ofs_x = -1, .ofs_y = -1},
    {.bitmap_index = 8803, .adv_w = 264, .box_w = 26, .box_h = 34, .ofs_x = -2, .ofs_y = -5},
    {.bitmap_index = 9245, .adv_w = 264, .box_w = 19, .box_h = 33, .ofs_x = -2, .ofs_y = -4},
    {.bitmap_index = 9559, .adv_w = 288, .box_w = 23, .box_h = 32, .ofs_x = -2, .ofs_y = -7},
    {.bitmap_index = 9927, .adv_w = 264, .box_w = 22, .box_h = 36, .ofs_x = -3, .ofs_y = -7},
    {.bitmap_index = 10323, .adv_w = 264, .box_w = 20, .box_h = 28, .ofs_x = -2, .ofs_y = 0},
    {.bitmap_index = 10603, .adv_w = 312, .box_w = 22, .box_h = 30, .ofs_x = -1, .ofs_y = 0},
    {.bitmap_index = 10933, .adv_w = 264, .box_w = 26, .box_h = 35, .ofs_x = -2, .ofs_y = -6},
    {.bitmap_index = 11388, .adv_w = 264, .box_w = 26, .box_h = 34, .ofs_x = -2, .ofs_y = -5},
    {.bitmap_index = 11830, .adv_w = 336, .box_w = 24, .box_h = 27, .ofs_x = 0, .ofs_y = -2},
    {.bitmap_index = 12154, .adv_w = 264, .box_w = 22, .box_h = 36, .ofs_x = -3, .ofs_y = -7},
    {.bitmap_index = 12550, .adv_w = 360, .box_w = 25, .box_h = 26, .ofs_x = -1, .ofs_y = 0},
    {.bitmap_index = 12875, .adv_w = 264, .box_w = 21, .box_h = 28, .ofs_x = -2, .ofs_y = -1},
    {.bitmap_index = 13169, .adv_w = 240, .box_w = 22, .box_h = 26, .ofs_x = -1, .ofs_y = -4},
    {.bitmap_index = 13455, .adv_w = 288, .box_w = 23, .box_h = 28, .ofs_x = -2, .ofs_y = -1},
    {.bitmap_index = 13777, .adv_w = 264, .box_w = 23, .box_h = 28, .ofs_x = -3, .ofs_y = -1},
    {.bitmap_index = 14099, .adv_w = 264, .box_w = 24, .box_h = 28, .ofs_x = -3, .ofs_y = 0},
    {.bitmap_index = 14435, .adv_w = 312, .box_w = 24, .box_h = 29, .ofs_x = -3, .ofs_y = 0},
    {.bitmap_index = 14783, .adv_w = 336, .box_w = 28, .box_h = 30, .ofs_x = -3, .ofs_y = -3},
    {.bitmap_index = 15203, .adv_w = 336, .box_w = 25, .box_h = 30, .ofs_x = -3, .ofs_y = -3},
    {.bitmap_index = 15578, .adv_w = 336, .box_w = 27, .box_h = 33, .ofs_x = -3, .ofs_y = -5},
    {.bitmap_index = 16024, .adv_w = 336, .box_w = 27, .box_h = 32, .ofs_x = -3, .ofs_y = -5},
    {.bitmap_index = 16456, .adv_w = 336, .box_w = 26, .box_h = 33, .ofs_x = -3, .ofs_y = -3},
    {.bitmap_index = 16885, .adv_w = 192, .box_w = 15, .box_h = 36, .ofs_x = -1, .ofs_y = -7},
    {.bitmap_index = 17155, .adv_w = 336, .box_w = 24, .box_h = 32, .ofs_x = -1, .ofs_y = -4},
    {.bitmap_index = 17539, .adv_w = 216, .box_w = 15, .box_h = 32, .ofs_x = -1, .ofs_y = -4},
    {.bitmap_index = 17779, .adv_w = 264, .box_w = 18, .box_h = 8, .ofs_x = -1, .ofs_y = 21},
    {.bitmap_index = 17851, .adv_w = 288, .box_w = 22, .box_h = 3, .ofs_x = -2, .ofs_y = -2},
    {.bitmap_index = 17884, .adv_w = 264, .box_w = 13, .box_h = 8, .ofs_x = 1, .ofs_y = 19},
    {.bitmap_index = 17936, .adv_w = 240, .box_w = 18, .box_h = 21, .ofs_x = -1, .ofs_y = 0},
    {.bitmap_index = 18125, .adv_w = 252, .box_w = 19, .box_h = 29, .ofs_x = -2, .ofs_y = 0},
    {.bitmap_index = 18401, .adv_w = 240, .box_w = 19, .box_h = 19, .ofs_x = -2, .ofs_y = 0},
    {.bitmap_index = 18582, .adv_w = 240, .box_w = 18, .box_h = 33, .ofs_x = -1, .ofs_y = 0},
    {.bitmap_index = 18879, .adv_w = 240, .box_w = 19, .box_h = 18, .ofs_x = -1, .ofs_y = 0},
    {.bitmap_index = 19050, .adv_w = 264, .box_w = 22, .box_h = 32, .ofs_x = -3, .ofs_y = -4},
    {.bitmap_index = 19402, .adv_w = 240, .box_w = 18, .box_h = 33, .ofs_x = -1, .ofs_y = -13},
    {.bitmap_index = 19699, .adv_w = 288, .box_w = 21, .box_h = 30, .ofs_x = -1, .ofs_y = -1},
    {.bitmap_index = 20014, .adv_w = 120, .box_w = 10, .box_h = 32, .ofs_x = -2, .ofs_y = -3},
    {.bitmap_index = 20174, .adv_w = 240, .box_w = 17, .box_h = 42, .ofs_x = 0, .ofs_y = -13},
    {.bitmap_index = 20531, .adv_w = 264, .box_w = 22, .box_h = 35, .ofs_x = -2, .ofs_y = -6},
    {.bitmap_index = 20916, .adv_w = 120, .box_w = 11, .box_h = 33, .ofs_x = -2, .ofs_y = -4},
    {.bitmap_index = 21098, .adv_w = 408, .box_w = 28, .box_h = 20, .ofs_x = -1, .ofs_y = -1},
    {.bitmap_index = 21378, .adv_w = 288, .box_w = 21, .box_h = 20, .ofs_x = -1, .ofs_y = -1},
    {.bitmap_index = 21588, .adv_w = 240, .box_w = 18, .box_h = 18, .ofs_x = -1, .ofs_y = 0},
    {.bitmap_index = 21750, .adv_w = 240, .box_w = 20, .box_h = 32, .ofs_x = -3, .ofs_y = -12},
    {.bitmap_index = 22070, .adv_w = 240, .box_w = 18, .box_h = 33, .ofs_x = -1, .ofs_y = -13},
    {.bitmap_index = 22367, .adv_w = 264, .box_w = 19, .box_h = 20, .ofs_x = -1, .ofs_y = -1},
    {.bitmap_index = 22557, .adv_w = 264, .box_w = 22, .box_h = 21, .ofs_x = -3, .ofs_y = -1},
    {.bitmap_index = 22788, .adv_w = 300, .box_w = 23, .box_h = 30, .ofs_x = -3, .ofs_y = 0},
    {.bitmap_index = 23133, .adv_w = 288, .box_w = 20, .box_h = 20, .ofs_x = 0, .ofs_y = 0},
    {.bitmap_index = 23333, .adv_w = 336, .box_w = 23, .box_h = 21, .ofs_x = -2, .ofs_y = -2},
    {.bitmap_index = 23575, .adv_w = 480, .box_w = 35, .box_h = 21, .ofs_x = -2, .ofs_y = -2},
    {.bitmap_index = 23943, .adv_w = 336, .box_w = 25, .box_h = 21, .ofs_x = -2, .ofs_y = -2},
    {.bitmap_index = 24206, .adv_w = 312, .box_w = 23, .box_h = 31, .ofs_x = -2, .ofs_y = -13},
    {.bitmap_index = 24563, .adv_w = 336, .box_w = 24, .box_h = 21, .ofs_x = -1, .ofs_y = -2},
    {.bitmap_index = 24815, .adv_w = 192, .box_w = 14, .box_h = 35, .ofs_x = 0, .ofs_y = -6},
    {.bitmap_index = 25060, .adv_w = 144, .box_w = 9, .box_h = 43, .ofs_x = 0, .ofs_y = -11},
    {.bitmap_index = 25254, .adv_w = 192, .box_w = 14, .box_h = 35, .ofs_x = -2, .ofs_y = -6},
    {.bitmap_index = 25499, .adv_w = 264, .box_w = 17, .box_h = 7, .ofs_x = -1, .ofs_y = 22}
};

/*---------------------
 *  CHARACTER MAPPING
 *--------------------*/



/*Collect the unicode lists and glyph_id offsets*/
static const lv_font_fmt_txt_cmap_t cmaps[] =
{
    {
        .range_start = 32, .range_length = 95, .glyph_id_start = 1,
        .unicode_list = NULL, .glyph_id_ofs_list = NULL, .list_length = 0, .type = LV_FONT_FMT_TXT_CMAP_FORMAT0_TINY
    }
};



/*--------------------
 *  ALL CUSTOM DATA
 *--------------------*/

#if LVGL_VERSION_MAJOR == 8
/*Store all the custom data of the font*/
static  lv_font_fmt_txt_glyph_cache_t cache;
#endif

#if LVGL_VERSION_MAJOR >= 8
static const lv_font_fmt_txt_dsc_t font_dsc = {
#else
static lv_font_fmt_txt_dsc_t font_dsc = {
#endif
    .glyph_bitmap = glyph_bitmap,
    .glyph_dsc = glyph_dsc,
    .cmaps = cmaps,
    .kern_dsc = NULL,
    .kern_scale = 0,
    .cmap_num = 1,
    .bpp = 4,
    .kern_classes = 0,
    .bitmap_format = 0,
#if LVGL_VERSION_MAJOR == 8
    .cache = &cache
#endif
};



/*-----------------
 *  PUBLIC FONT
 *----------------*/

/*Initialize a public general font descriptor*/
#if LVGL_VERSION_MAJOR >= 8
const lv_font_t ui_font_Font1 = {
#else
lv_font_t ui_font_Font1 = {
#endif
    .get_glyph_dsc = lv_font_get_glyph_dsc_fmt_txt,    /*Function pointer to get glyph's data*/
    .get_glyph_bitmap = lv_font_get_bitmap_fmt_txt,    /*Function pointer to get glyph's bitmap*/
    .line_height = 46,          /*The maximum line height required by the font*/
    .base_line = 13,             /*Baseline measured from the bottom of the line*/
#if !(LVGL_VERSION_MAJOR == 6 && LVGL_VERSION_MINOR == 0)
    .subpx = LV_FONT_SUBPX_NONE,
#endif
#if LV_VERSION_CHECK(7, 4, 0) || LVGL_VERSION_MAJOR >= 8
    .underline_position = -3,
    .underline_thickness = 2,
#endif
    .dsc = &font_dsc,          /*The custom font data. Will be accessed by `get_glyph_bitmap/dsc` */
#if LV_VERSION_CHECK(8, 2, 0) || LVGL_VERSION_MAJOR >= 9
    .fallback = NULL,
#endif
    .user_data = NULL,
};



#endif /*#if UI_FONT_FONT1*/

